dataflow,IMF.RES:WEO(9.0.0),R,BGD,BCA,A,2026,-3141031000,9,,3,,CAB,,,,,,,,,,,,,,USD,,,OL,9/12/2025
dataflow,IMF.RES:WEO(9.0.0),R,BGD,BCA,A,2027,-6513126000,9,,3,,CAB,,,,,,,,,,,,,,USD,,,OL,9/12/2025
dataflow,IMF.RES:WEO(9.0.0),R,BGD,BCA,A,2028,-7836791000,9,,3,,CAB,,,,,,,,,,,,,,USD,,,OL,9/12/2025
dataflow,IMF.RES:WEO(9.0.0),R,BGD,BCA,A,2029,-11780469000,9,,3,,CAB,,,,,,,,,,,,,,USD,,,OL,9/12/2025
dataflow,IMF.RES:WEO(9.0.0),R,BGD,BCA,A,2030,-13987877000,9,,3,,CAB,,,,,,,,,,,,,,USD,,,OL,9/12/2025
dataflow,IMF.RES:WEO(9.0.0),R,BGD,BCA,A,2031,-14971119000,9,,3,,CAB,,,,,,,,,,,,,,USD,,,OL,9/12/2025
dataflow,IMF.RES:WEO(9.0.0),R,BGD,BCA_NGDPD,A,2026,-0.615038,0,,3,,CAB,,,,,,,,,,,,,,PT,,,OL,9/12/2025
dataflow,IMF.RES:WEO(9.0.0),R,BGD,BCA_NGDPD,A,2027,-1.206713,0,,3,,CAB,,,,,,,,,,,,,,PT,,,OL,9/12/2025
dataflow,IMF.RES:WEO(9.0.0),R,BGD,BCA_NGDPD,A,2028,-1.364539,0,,3,,CAB,,,,,,,,,,,,,,PT,,,OL,9/12/2025
dataflow,IMF.RES:WEO(9.0.0),R,BGD,BCA_NGDPD,A,2029,-1.894037,0,,3,,CAB,,,,,,,,,,,,,,PT,,,OL,9/12/2025
dataflow,IMF.RES:WEO(9.0.0),R,BGD,BCA_NGDPD,A,2030,-2.066142,0,,3,,CAB,,,,,,,,,,,,,,PT,,,OL,9/12/2025
dataflow,IMF.RES:WEO(9.0.0),R,BGD,BCA_NGDPD,A,2031,-2.023094,0,,3,,CAB,,,,,,,,,,,,,,PT,,,OL,9/12/2025
dataflow,IMF.RES:WEO(9.0.0),R,BGD,GGR,A,2026,4926444624000,9,,3,,,,G1,,,,,S13,,,,,,,XDC,,,OL,9/12/2025
dataflow,IMF.RES:WEO(9.0.0),R,BGD,GGR,A,2027,6876111746000,9,,3,,,,G1,,,,,S13,,,,,,,XDC,,,OL,9/12/2025
dataflow,IMF.RES:WEO(9.0.0),R,BGD,GGR,A,2028,8041568211000,9,,3,,,,G1,,,,,S13,,,,,,,XDC,,,OL,9/12/2025
dataflow,IMF.RES:WEO(9.0.0),R,BGD,GGR,A,2029,9225080998000,9,,3,,,,G1,,,,,S13,,,,,,,XDC,,,OL,9/12/2025
dataflow,IMF.RES:WEO(9.0.0),R,BGD,GGR,A,2030,10458460490000,9,,3,,,,G1,,,,,S13,,,,,,,XDC,,,OL,9/12/2025
dataflow,IMF.RES:WEO(9.0.0),R,BGD,GGR,A,2031,11892795898000,9,,3,,,,G1,,,,,S13,,,,,,,XDC,,,OL,9/12/2025
dataflow,IMF.RES:WEO(9.0.0),R,BGD,GGR_NGDP,A,2026,7.839133,0,,3,,,,G1,,,,,S13,,,,,,,PT,,,OL,9/12/2025
dataflow,IMF.RES:WEO(9.0.0),R,BGD,GGR_NGDP,A,2027,9.907478,0,,3,,,,G1,,,,,S13,,,,,,,PT,,,OL,9/12/2025
dataflow,IMF.RES:WEO(9.0.0),R,BGD,GGR_NGDP,A,2028,10.562107,0,,3,,,,G1,,,,,S13,,,,,,,PT,,,OL,9/12/2025
dataflow,IMF.RES:WEO(9.0.0),R,BGD,GGR_NGDP,A,2029,10.884231,0,,3,,,,G1,,,,,S13,,,,,,,PT,,,OL,9/12/2025
dataflow,IMF.RES:WEO(9.0.0),R,BGD,GGR_NGDP,A,2030,11.05698,0,,3,,,,G1,,,,,S13,,,,,,,PT,,,OL,9/12/2025
dataflow,IMF.RES:WEO(9.0.0),R,BGD,GGR_NGDP,A,2031,11.232636,0,,3,,,,G1,,,,,S13,,,,,,,PT,,,OL,9/12/2025
dataflow,IMF.RES:WEO(9.0.0),R,BGD,GGX,A,2026,7629051635000,9,,3,,,,G2M,,,,,S13,,,,,,,XDC,,,OL,9/12/2025
dataflow,IMF.RES:WEO(9.0.0),R,BGD,GGX,A,2027,10141402261000,9,,3,,,,G2M,,,,,S13,,,,,,,XDC,,,OL,9/12/2025
dataflow,IMF.RES:WEO(9.0.0),R,BGD,GGX,A,2028,12217603952000,9,,3,,,,G2M,,,,,S13,,,,,,,XDC,,,OL,9/12/2025
dataflow,IMF.RES:WEO(9.0.0),R,BGD,GGX,A,2029,13979898862000,9,,3,,,,G2M,,,,,S13,,,,,,,XDC,,,OL,9/12/2025
dataflow,IMF.RES:WEO(9.0.0),R,BGD,GGX,A,2030,15876120094000,9,,3,,,,G2M,,,,,S13,,,,,,,XDC,,,OL,9/12/2025
dataflow,IMF.RES:WEO(9.0.0),R,BGD,GGX,A,2031,17879311239000,9,,3,,,,G2M,,,,,S13,,,,,,,XDC,,,OL,9/12/2025
dataflow,IMF.RES:WEO(9.0.0),R,BGD,GGXCNL,A,2026,-2702607010000,9,,3,,,,GNLB,,,,,S13,,,,,,,XDC,,,OL,9/12/2025
dataflow,IMF.RES:WEO(9.0.0),R,BGD,GGXCNL,A,2027,-3265290515000,9,,3,,,,GNLB,,,,,S13,,,,,,,XDC,,,OL,9/12/2025
dataflow,IMF.RES:WEO(9.0.0),R,BGD,GGXCNL,A,2028,-4176035741000,9,,3,,,,GNLB,,,,,S13,,,,,,,XDC,,,OL,9/12/2025
dataflow,IMF.RES:WEO(9.0.0),R,BGD,GGXCNL,A,2029,-4754817864000,9,,3,,,,GNLB,,,,,S13,,,,,,,XDC,,,OL,9/12/2025
dataflow,IMF.RES:WEO(9.0.0),R,BGD,GGXCNL,A,2030,-5417659605000,9,,3,,,,GNLB,,,,,S13,,,,,,,XDC,,,OL,9/12/2025
dataflow,IMF.RES:WEO(9.0.0),R,BGD,GGXCNL,A,2031,-5986515341000,9,,3,,,,GNLB,,,,,S13,,,,,,,XDC,,,OL,9/12/2025
dataflow,IMF.RES:WEO(9.0.0),R,BGD,GGXCNL_NGDP,A,2026,-4.300484,0,,3,,,,GNLB,,,,,S13,,,,,,,PT,,,OL,9/12/2025
dataflow,IMF.RES:WEO(9.0.0),R,BGD,GGXCNL_NGDP,A,2027,-4.704809,0,,3,,,,GNLB,,,,,S13,,,,,,,PT,,,OL,9/12/2025
dataflow,IMF.RES:WEO(9.0.0),R,BGD,GGXCNL_NGDP,A,2028,-5.484967,0,,3,,,,GNLB,,,,,S13,,,,,,,PT,,,OL,9/12/2025
dataflow,IMF.RES:WEO(9.0.0),R,BGD,GGXCNL_NGDP,A,2029,-5.609982,0,,3,,,,GNLB,,,,,S13,,,,,,,PT,,,OL,9/12/2025
dataflow,IMF.RES:WEO(9.0.0),R,BGD,GGXCNL_NGDP,A,2030,-5.727703,0,,3,,,,GNLB,,,,,S13,,,,,,,PT,,,OL,9/12/2025
dataflow,IMF.RES:WEO(9.0.0),R,BGD,GGXCNL_NGDP,A,2031,-5.654209,0,,3,,,,GNLB,,,,,S13,,,,,,,PT,,,OL,9/12/2025
dataflow,IMF.RES:WEO(9.0.0),R,BGD,GGXONLB,A,2026,-1256652758000,9,,3,,,,GPB,,,,,S13,,,,,,,XDC,,,OL,9/12/2025
dataflow,IMF.RES:WEO(9.0.0),R,BGD,GGXONLB,A,2027,-1526998483000,9,,3,,,,GPB,,,,,S13,,,,,,,XDC,,,OL,9/12/2025
dataflow,IMF.RES:WEO(9.0.0),R,BGD,GGXONLB,A,2028,-1979833066000,9,,3,,,,GPB,,,,,S13,,,,,,,XDC,,,OL,9/12/2025
dataflow,IMF.RES:WEO(9.0.0),R,BGD,GGXONLB,A,2029,-2203870622000,9,,3,,,,GPB,,,,,S13,,,,,,,XDC,,,OL,9/12/2025
dataflow,IMF.RES:WEO(9.0.0),R,BGD,GGXONLB,A,2030,-2459315409000,9,,3,,,,GPB,,,,,S13,,,,,,,XDC,,,OL,9/12/2025
dataflow,IMF.RES:WEO(9.0.0),R,BGD,GGXONLB,A,2031,-2752953172000,9,,3,,,,GPB,,,,,S13,,,,,,,XDC,,,OL,9/12/2025
dataflow,IMF.RES:WEO(9.0.0),R,BGD,GGXONLB_NGDP,A,2026,-1.99963,0,,3,,,,GPB,,,,,S13,,,,,,,PT,,,OL,9/12/2025
dataflow,IMF.RES:WEO(9.0.0),R,BGD,GGXONLB_NGDP,A,2027,-2.200183,0,,3,,,,GPB,,,,,S13,,,,,,,PT,,,OL,9/12/2025
dataflow,IMF.RES:WEO(9.0.0),R,BGD,GGXONLB_NGDP,A,2028,-2.600389,0,,3,,,,GPB,,,,,S13,,,,,,,PT,,,OL,9/12/2025
dataflow,IMF.RES:WEO(9.0.0),R,BGD,GGXONLB_NGDP,A,2029,-2.600241,0,,3,,,,GPB,,,,,S13,,,,,,,PT,,,OL,9/12/2025
dataflow,IMF.RES:WEO(9.0.0),R,BGD,GGXONLB_NGDP,A,2030,-2.600058,0,,3,,,,GPB,,,,,S13,,,,,,,PT,,,OL,9/12/2025
dataflow,IMF.RES:WEO(9.0.0),R,BGD,GGXONLB_NGDP,A,2031,-2.600139,0,,3,,,,GPB,,,,,S13,,,,,,,PT,,,OL,9/12/2025
dataflow,IMF.RES:WEO(9.0.0),R,BGD,GGXWDG,A,2026,26267235708000,9,,3,,,,G63G,,,,,S13,,,,,,,XDC,,,OL,9/12/2025
dataflow,IMF.RES:WEO(9.0.0),R,BGD,GGXWDG,A,2027,29962131675000,9,,3,,,,G63G,,,,,S13,,,,,,,XDC,,,OL,9/12/2025
dataflow,IMF.RES:WEO(9.0.0),R,BGD,GGXWDG,A,2028,34472695454000,9,,3,,,,G63G,,,,,S13,,,,,,,XDC,,,OL,9/12/2025
dataflow,IMF.RES:WEO(9.0.0),R,BGD,GGXWDG,A,2029,39524645873000,9,,3,,,,G63G,,,,,S13,,,,,,,XDC,,,OL,9/12/2025
dataflow,IMF.RES:WEO(9.0.0),R,BGD,GGXWDG,A,2030,45296158923000,9,,3,,,,G63G,,,,,S13,,,,,,,XDC,,,OL,9/12/2025
dataflow,IMF.RES:WEO(9.0.0),R,BGD,GGXWDG,A,2031,51666845579000,9,,3,,,,G63G,,,,,S13,,,,,,,XDC,,,OL,9/12/2025
dataflow,IMF.RES:WEO(9.0.0),R,BGD,GGXWDG_NGDP,A,2026,41.797353,0,,3,,,,G63G,,,,,S13,,,,,,,PT,,,OL,9/12/2025
dataflow,IMF.RES:WEO(9.0.0),R,BGD,GGXWDG_NGDP,A,2027,43.171077,0,,3,,,,G63G,,,,,S13,,,,,,,PT,,,OL,9/12/2025
dataflow,IMF.RES:WEO(9.0.0),R,BGD,GGXWDG_NGDP,A,2028,45.277773,0,,3,,,,G63G,,,,,S13,,,,,,,PT,,,OL,9/12/2025
dataflow,IMF.RES:WEO(9.0.0),R,BGD,GGXWDG_NGDP,A,2029,46.633236,0,,3,,,,G63G,,,,,S13,,,,,,,PT,,,OL,9/12/2025
dataflow,IMF.RES:WEO(9.0.0),R,BGD,GGXWDG_NGDP,A,2030,47.888377,0,,3,,,,G63G,,,,,S13,,,,,,,PT,,,OL,9/12/2025
dataflow,IMF.RES:WEO(9.0.0),R,BGD,GGXWDG_NGDP,A,2031,48.79886,0,,3,,,,G63G,,,,,S13,,,,,,,PT,,,OL,9/12/2025
dataflow,IMF.RES:WEO(9.0.0),R,BGD,GGX_NGDP,A,2026,12.139616,0,,3,,,,G2M,,,,,S13,,,,,,,PT,,,OL,9/12/2025
dataflow,IMF.RES:WEO(9.0.0),R,BGD,GGX_NGDP,A,2027,14.612287,0,,3,,,,G2M,,,,,S13,,,,,,,PT,,,OL,9/12/2025
dataflow,IMF.RES:WEO(9.0.0),R,BGD,GGX_NGDP,A,2028,16.047074,0,,3,,,,G2M,,,,,S13,,,,,,,PT,,,OL,9/12/2025
dataflow,IMF.RES:WEO(9.0.0),R,BGD,GGX_NGDP,A,2029,16.494213,0,,3,,,,G2M,,,,,S13,,,,,,,PT,,,OL,9/12/2025
dataflow,IMF.RES:WEO(9.0.0),R,BGD,GGX_NGDP,A,2030,16.784682,0,,3,,,,G2M,,,,,S13,,,,,,,PT,,,OL,9/12/2025
dataflow,IMF.RES:WEO(9.0.0),R,BGD,GGX_NGDP,A,2031,16.886845,0,,3,,,,G2M,,,,,S13,,,,,,,PT,,,OL,9/12/2025
dataflow,IMF.RES:WEO(9.0.0),R,BGD,LP,A,2026,175423223,6,,3,,,,,,,,POP,,,,,,,,,,,OL,9/12/2025
dataflow,IMF.RES:WEO(9.0.0),R,BGD,LP,A,2027,177069952,6,,3,,,,,,,,POP,,,,,,,,,,,OL,9/12/2025
dataflow,IMF.RES:WEO(9.0.0),R,BGD,LP,A,2028,178680513,6,,3,,,,,,,,POP,,,,,,,,,,,OL,9/12/2025
dataflow,IMF.RES:WEO(9.0.0),R,BGD,LP,A,2029,180244697,6,,3,,,,,,,,POP,,,,,,,,,,,OL,9/12/2025
dataflow,IMF.RES:WEO(9.0.0),R,BGD,LP,A,2030,181766936,6,,3,,,,,,,,POP,,,,,,,,,,,OL,9/12/2025
dataflow,IMF.RES:WEO(9.0.0),R,BGD,LP,A,2031,183230327,6,,3,,,,,,,,POP,,,,,,,,,,,OL,9/12/2025
dataflow,IMF.RES:WEO(9.0.0),R,BGD,NGDP,A,2026,62844256929000,9,,3,,,B1GQ,,,,,,,,,V,,,,XDC,,,OL,9/12/2025
dataflow,IMF.RES:WEO(9.0.0),R,BGD,NGDP,A,2027,69403252682000,9,,3,,,B1GQ,,,,,,,,,V,,,,XDC,,,OL,9/12/2025
dataflow,IMF.RES:WEO(9.0.0),R,BGD,NGDP,A,2028,76136023100000,9,,3,,,B1GQ,,,,,,,,,V,,,,XDC,,,OL,9/12/2025
dataflow,IMF.RES:WEO(9.0.0),R,BGD,NGDP,A,2029,84756386812000,9,,3,,,B1GQ,,,,,,,,,V,,,,XDC,,,OL,9/12/2025
dataflow,IMF.RES:WEO(9.0.0),R,BGD,NGDP,A,2030,94586957217000,9,,3,,,B1GQ,,,,,,,,,V,,,,XDC,,,OL,9/12/2025
dataflow,IMF.RES:WEO(9.0.0),R,BGD,NGDP,A,2031,105877156245000,9,,3,,,B1GQ,,,,,,,,,V,,,,XDC,,,OL,9/12/2025
dataflow,IMF.RES:WEO(9.0.0),R,BGD,NGDPD,A,2026,510704858000,9,,3,,,B1GQ,,,,,,,,,V,,,,USD,,,OL,9/12/2025
dataflow,IMF.RES:WEO(9.0.0),R,BGD,NGDPD,A,2027,539740960000,9,,3,,,B1GQ,,,,,,,,,V,,,,USD,,,OL,9/12/2025
dataflow,IMF.RES:WEO(9.0.0),R,BGD,NGDPD,A,2028,574317868000,9,,3,,,B1GQ,,,,,,,,,V,,,,USD,,,OL,9/12/2025
dataflow,IMF.RES:WEO(9.0.0),R,BGD,NGDPD,A,2029,621976844000,9,,3,,,B1GQ,,,,,,,,,V,,,,USD,,,OL,9/12/2025
dataflow,IMF.RES:WEO(9.0.0),R,BGD,NGDPD,A,2030,677004633000,9,,3,,,B1GQ,,,,,,,,,V,,,,USD,,,OL,9/12/2025
dataflow,IMF.RES:WEO(9.0.0),R,BGD,NGDPD,A,2031,740011028000,9,,3,,,B1GQ,,,,,,,,,V,,,,USD,,,OL,9/12/2025
dataflow,IMF.RES:WEO(9.0.0),R,BGD,NGDPDPC,A,2026,2911.272804,0,,3,,,B1GQ,,,,,,,,,V,,,,USD,,,OL,9/12/2025
dataflow,IMF.RES:WEO(9.0.0),R,BGD,NGDPDPC,A,2027,3048.179291,0,,3,,,B1GQ,,,,,,,,,V,,,,USD,,,OL,9/12/2025
dataflow,IMF.RES:WEO(9.0.0),R,BGD,NGDPDPC,A,2028,3214.216585,0,,3,,,B1GQ,,,,,,,,,V,,,,USD,,,OL,9/12/2025
dataflow,IMF.RES:WEO(9.0.0),R,BGD,NGDPDPC,A,2029,3450.735873,0,,3,,,B1GQ,,,,,,,,,V,,,,USD,,,OL,9/12/2025
dataflow,IMF.RES:WEO(9.0.0),R,BGD,NGDPDPC,A,2030,3724.575266,0,,3,,,B1GQ,,,,,,,,,V,,,,USD,,,OL,9/12/2025
dataflow,IMF.RES:WEO(9.0.0),R,BGD,NGDPDPC,A,2031,4038.692951,0,,3,,,B1GQ,,,,,,,,,V,,,,USD,,,OL,9/12/2025
dataflow,IMF.RES:WEO(9.0.0),R,BGD,NGDPPC,A,2026,358243.656876,0,,3,,,B1GQ,,,,,,,,,V,,,,XDC,,,OL,9/12/2025
dataflow,IMF.RES:WEO(9.0.0),R,BGD,NGDPPC,A,2027,391953.869165,0,,3,,,B1GQ,,,,,,,,,V,,,,XDC,,,OL,9/12/2025
dataflow,IMF.RES:WEO(9.0.0),R,BGD,NGDPPC,A,2028,426101.435728,0,,3,,,B1GQ,,,,,,,,,V,,,,XDC,,,OL,9/12/2025
dataflow,IMF.RES:WEO(9.0.0),R,BGD,NGDPPC,A,2029,470229.571199,0,,3,,,B1GQ,,,,,,,,,V,,,,XDC,,,OL,9/12/2025
dataflow,IMF.RES:WEO(9.0.0),R,BGD,NGDPPC,A,2030,520374.934518,0,,3,,,B1GQ,,,,,,,,,V,,,,XDC,,,OL,9/12/2025
dataflow,IMF.RES:WEO(9.0.0),R,BGD,NGDPPC,A,2031,577836.421506,0,,3,,,B1GQ,,,,,,,,,V,,,,XDC,,,OL,9/12/2025
dataflow,IMF.RES:WEO(9.0.0),R,BGD,NGDPRPC,A,2026,206659.575141,0,,3,,,B1GQ,,,,,,,,,Q,,,,XDC,,,OL,9/12/2025
dataflow,IMF.RES:WEO(9.0.0),R,BGD,NGDPRPC,A,2027,213456.283644,0,,3,,,B1GQ,,,,,,,,,Q,,,,XDC,,,OL,9/12/2025
dataflow,IMF.RES:WEO(9.0.0),R,BGD,NGDPRPC,A,2028,221152.435469,0,,3,,,B1GQ,,,,,,,,,Q,,,,XDC,,,OL,9/12/2025
dataflow,IMF.RES:WEO(9.0.0),R,BGD,NGDPRPC,A,2029,231738.495479,0,,3,,,B1GQ,,,,,,,,,Q,,,,XDC,,,OL,9/12/2025
dataflow,IMF.RES:WEO(9.0.0),R,BGD,NGDPRPC,A,2030,243011.133345,0,,3,,,B1GQ,,,,,,,,,Q,,,,XDC,,,OL,9/12/2025
dataflow,IMF.RES:WEO(9.0.0),R,BGD,NGDPRPC,A,2031,255703.262698,0,,3,,,B1GQ,,,,,,,,,Q,,,,XDC,,,OL,9/12/2025
dataflow,IMF.RES:WEO(9.0.0),R,BGD,NGDPRPPPPC,A,2026,9097.585081,0,,3,,,B1GQ,,,,,,,,,Q,,,,,,,OL,9/12/2025
dataflow,IMF.RES:WEO(9.0.0),R,BGD,NGDPRPPPPC,A,2027,9396.790351,0,,3,,,B1GQ,,,,,,,,,Q,,,,,,,OL,9/12/2025
dataflow,IMF.RES:WEO(9.0.0),R,BGD,NGDPRPPPPC,A,2028,9735.590989,0,,3,,,B1GQ,,,,,,,,,Q,,,,,,,OL,9/12/2025
dataflow,IMF.RES:WEO(9.0.0),R,BGD,NGDPRPPPPC,A,2029,10201.611407,0,,3,,,B1GQ,,,,,,,,,Q,,,,,,,OL,9/12/2025
dataflow,IMF.RES:WEO(9.0.0),R,BGD,NGDPRPPPPC,A,2030,10697.856413,0,,3,,,B1GQ,,,,,,,,,Q,,,,,,,OL,9/12/2025
dataflow,IMF.RES:WEO(9.0.0),R,BGD,NGDPRPPPPC,A,2031,11256.590392,0,,3,,,B1GQ,,,,,,,,,Q,,,,,,,OL,9/12/2025
dataflow,IMF.RES:WEO(9.0.0),R,BGD,NGDP_D,A,2026,173.349653,0,,3,,,B1GQ,,,,,,,,PD,,,,,IX,,,OL,9/12/2025
dataflow,IMF.RES:WEO(9.0.0),R,BGD,NGDP_D,A,2027,183.622549,0,,3,,,B1GQ,,,,,,,,PD,,,,,IX,,,OL,9/12/2025
dataflow,IMF.RES:WEO(9.0.0),R,BGD,NGDP_D,A,2028,192.673183,0,,3,,,B1GQ,,,,,,,,PD,,,,,IX,,,OL,9/12/2025
dataflow,IMF.RES:WEO(9.0.0),R,BGD,NGDP_D,A,2029,202.913879,0,,3,,,B1GQ,,,,,,,,PD,,,,,IX,,,OL,9/12/2025
dataflow,IMF.RES:WEO(9.0.0),R,BGD,NGDP_D,A,2030,214.136253,0,,3,,,B1GQ,,,,,,,,PD,,,,,IX,,,OL,9/12/2025
dataflow,IMF.RES:WEO(9.0.0),R,BGD,NGDP_D,A,2031,225.979292,0,,3,,,B1GQ,,,,,,,,PD,,,,,IX,,,OL,9/12/2025
dataflow,IMF.RES:WEO(9.0.0),R,BGD,NGDP_FY,A,2026,62844256929000,9,,3,,,B1GQ,,,,,,,,,V,,,,XDC,,,OL,9/12/2025
dataflow,IMF.RES:WEO(9.0.0),R,BGD,NGDP_FY,A,2027,69403252682000,9,,3,,,B1GQ,,,,,,,,,V,,,,XDC,,,OL,9/12/2025
dataflow,IMF.RES:WEO(9.0.0),R,BGD,NGDP_FY,A,2028,76136023100000,9,,3,,,B1GQ,,,,,,,,,V,,,,XDC,,,OL,9/12/2025
dataflow,IMF.RES:WEO(9.0.0),R,BGD,NGDP_FY,A,2029,84756386812000,9,,3,,,B1GQ,,,,,,,,,V,,,,XDC,,,OL,9/12/2025
dataflow,IMF.RES:WEO(9.0.0),R,BGD,NGDP_FY,A,2030,94586957217000,9,,3,,,B1GQ,,,,,,,,,V,,,,XDC,,,OL,9/12/2025
dataflow,IMF.RES:WEO(9.0.0),R,BGD,NGDP_FY,A,2031,105877156245000,9,,3,,,B1GQ,,,,,,,,,V,,,,XDC,,,OL,9/12/2025
dataflow,IMF.RES:WEO(9.0.0),R,BGD,NGDP_R,A,2026,36252888747000,9,,3,,,B1GQ,,,,,,,,,Q,,,,XDC,,,OL,9/12/2025
dataflow,IMF.RES:WEO(9.0.0),R,BGD,NGDP_R,A,2027,37796693835000,9,,3,,,B1GQ,,,,,,,,,Q,,,,XDC,,,OL,9/12/2025
dataflow,IMF.RES:WEO(9.0.0),R,BGD,NGDP_R,A,2028,39515630607000,9,,3,,,B1GQ,,,,,,,,,Q,,,,XDC,,,OL,9/12/2025
dataflow,IMF.RES:WEO(9.0.0),R,BGD,NGDP_R,A,2029,41769635015000,9,,3,,,B1GQ,,,,,,,,,Q,,,,XDC,,,OL,9/12/2025
dataflow,IMF.RES:WEO(9.0.0),R,BGD,NGDP_R,A,2030,44171389028000,9,,3,,,B1GQ,,,,,,,,,Q,,,,XDC,,,OL,9/12/2025
dataflow,IMF.RES:WEO(9.0.0),R,BGD,NGDP_R,A,2031,46852592342000,9,,3,,,B1GQ,,,,,,,,,Q,,,,XDC,,,OL,9/12/2025
dataflow,IMF.RES:WEO(9.0.0),R,BGD,NGDP_RPCH,A,2026,4.692694,0,,3,,,B1GQ,,,,,,,,,Q,,,,PT,,,OL,9/12/2025
dataflow,IMF.RES:WEO(9.0.0),R,BGD,NGDP_RPCH,A,2027,4.258433,0,,3,,,B1GQ,,,,,,,,,Q,,,,PT,,,OL,9/12/2025
dataflow,IMF.RES:WEO(9.0.0),R,BGD,NGDP_RPCH,A,2028,4.54785,0,,3,,,B1GQ,,,,,,,,,Q,,,,PT,,,OL,9/12/2025
dataflow,IMF.RES:WEO(9.0.0),R,BGD,NGDP_RPCH,A,2029,5.704083,0,,3,,,B1GQ,,,,,,,,,Q,,,,PT,,,OL,9/12/2025
dataflow,IMF.RES:WEO(9.0.0),R,BGD,NGDP_RPCH,A,2030,5.75,0,,3,,,B1GQ,,,,,,,,,Q,,,,PT,,,OL,9/12/2025
dataflow,IMF.RES:WEO(9.0.0),R,BGD,NGDP_RPCH,A,2031,6.07,0,,3,,,B1GQ,,,,,,,,,Q,,,,PT,,,OL,9/12/2025
dataflow,IMF.RES:WEO(9.0.0),R,BGD,NGSD_NGDP,A,2026,26.09636,0,,3,,,B8GNAT,,,,,,,,,,,,,PT,,,OL,9/12/2025
dataflow,IMF.RES:WEO(9.0.0),R,BGD,NGSD_NGDP,A,2027,25.72828,0,,3,,,B8GNAT,,,,,,,,,,,,,PT,,,OL,9/12/2025
dataflow,IMF.RES:WEO(9.0.0),R,BGD,NGSD_NGDP,A,2028,26.495842,0,,3,,,B8GNAT,,,,,,,,,,,,,PT,,,OL,9/12/2025
dataflow,IMF.RES:WEO(9.0.0),R,BGD,NGSD_NGDP,A,2029,27.830763,0,,3,,,B8GNAT,,,,,,,,,,,,,PT,,,OL,9/12/2025
dataflow,IMF.RES:WEO(9.0.0),R,BGD,NGSD_NGDP,A,2030,28.792525,0,,3,,,B8GNAT,,,,,,,,,,,,,PT,,,OL,9/12/2025
dataflow,IMF.RES:WEO(9.0.0),R,BGD,NGSD_NGDP,A,2031,30.307506,0,,3,,,B8GNAT,,,,,,,,,,,,,PT,,,OL,9/12/2025
dataflow,IMF.RES:WEO(9.0.0),R,BGD,NID_NGDP,A,2026,26.711399,0,,3,,,P5,,,,,,,,,,,,,PT,,,OL,9/12/2025
dataflow,IMF.RES:WEO(9.0.0),R,BGD,NID_NGDP,A,2027,26.934994,0,,3,,,P5,,,,,,,,,,,,,PT,,,OL,9/12/2025
dataflow,IMF.RES:WEO(9.0.0),R,BGD,NID_NGDP,A,2028,27.860381,0,,3,,,P5,,,,,,,,,,,,,PT,,,OL,9/12/2025
dataflow,IMF.RES:WEO(9.0.0),R,BGD,NID_NGDP,A,2029,29.7248,0,,3,,,P5,,,,,,,,,,,,,PT,,,OL,9/12/2025
dataflow,IMF.RES:WEO(9.0.0),R,BGD,NID_NGDP,A,2030,30.858667,0,,3,,,P5,,,,,,,,,,,,,PT,,,OL,9/12/2025
dataflow,IMF.RES:WEO(9.0.0),R,BGD,NID_NGDP,A,2031,32.3306,0,,3,,,P5,,,,,,,,,,,,,PT,,,OL,9/12/2025
dataflow,IMF.RES:WEO(9.0.0),R,BGD,PCPI,A,2026,413.139679,0,,3,,,,,,,,,,,CPI,,,,,IX,,,OL,9/12/2025
dataflow,IMF.RES:WEO(9.0.0),R,BGD,PCPI,A,2027,437.804224,0,,3,,,,,,,,,,,CPI,,,,,IX,,,OL,9/12/2025
dataflow,IMF.RES:WEO(9.0.0),R,BGD,PCPI,A,2028,459.566669,0,,3,,,,,,,,,,,CPI,,,,,IX,,,OL,9/12/2025
dataflow,IMF.RES:WEO(9.0.0),R,BGD,PCPI,A,2029,484.049601,0,,3,,,,,,,,,,,CPI,,,,,IX,,,OL,9/12/2025
dataflow,IMF.RES:WEO(9.0.0),R,BGD,PCPI,A,2030,510.536677,0,,3,,,,,,,,,,,CPI,,,,,IX,,,OL,9/12/2025
dataflow,IMF.RES:WEO(9.0.0),R,BGD,PCPI,A,2031,538.616194,0,,3,,,,,,,,,,,CPI,,,,,IX,,,OL,9/12/2025
dataflow,IMF.RES:WEO(9.0.0),R,BGD,PCPIE,A,2026,408.284305,0,,3,,,,,,,,,,,CPI,,,,,IX,,,OL,9/12/2025
dataflow,IMF.RES:WEO(9.0.0),R,BGD,PCPIE,A,2027,428.111535,0,,3,,,,,,,,,,,CPI,,,,,IX,,,OL,9/12/2025
dataflow,IMF.RES:WEO(9.0.0),R,BGD,PCPIE,A,2028,450.261118,0,,3,,,,,,,,,,,CPI,,,,,IX,,,OL,9/12/2025
dataflow,IMF.RES:WEO(9.0.0),R,BGD,PCPIE,A,2029,474.601705,0,,3,,,,,,,,,,,CPI,,,,,IX,,,OL,9/12/2025
dataflow,IMF.RES:WEO(9.0.0),R,BGD,PCPIE,A,2030,500.704799,0,,3,,,,,,,,,,,CPI,,,,,IX,,,OL,9/12/2025
dataflow,IMF.RES:WEO(9.0.0),R,BGD,PCPIE,A,2031,528.243563,0,,3,,,,,,,,,,,CPI,,,,,IX,,,OL,9/12/2025
dataflow,IMF.RES:WEO(9.0.0),R,BGD,PCPIEPCH,A,2026,9.40594,0,,3,,,,,,,,,,,CPI,,,,,PT,,,OL,9/12/2025
dataflow,IMF.RES:WEO(9.0.0),R,BGD,PCPIEPCH,A,2027,4.856231,0,,3,,,,,,,,,,,CPI,,,,,PT,,,OL,9/12/2025
dataflow,IMF.RES:WEO(9.0.0),R,BGD,PCPIEPCH,A,2028,5.173788,0,,3,,,,,,,,,,,CPI,,,,,PT,,,OL,9/12/2025
dataflow,IMF.RES:WEO(9.0.0),R,BGD,PCPIEPCH,A,2029,5.405882,0,,3,,,,,,,,,,,CPI,,,,,PT,,,OL,9/12/2025
dataflow,IMF.RES:WEO(9.0.0),R,BGD,PCPIEPCH,A,2030,5.5,0,,3,,,,,,,,,,,CPI,,,,,PT,,,OL,9/12/2025
dataflow,IMF.RES:WEO(9.0.0),R,BGD,PCPIEPCH,A,2031,5.5,0,,3,,,,,,,,,,,CPI,,,,,PT,,,OL,9/12/2025
dataflow,IMF.RES:WEO(9.0.0),R,BGD,PCPIPCH,A,2026,9.173148,0,,3,,,,,,,,,,,CPI,,,,,PT,,,OL,9/12/2025
dataflow,IMF.RES:WEO(9.0.0),R,BGD,PCPIPCH,A,2027,5.970026,0,,3,,,,,,,,,,,CPI,,,,,PT,,,OL,9/12/2025
dataflow,IMF.RES:WEO(9.0.0),R,BGD,PCPIPCH,A,2028,4.970816,0,,3,,,,,,,,,,,CPI,,,,,PT,,,OL,9/12/2025
dataflow,IMF.RES:WEO(9.0.0),R,BGD,PCPIPCH,A,2029,5.327395,0,,3,,,,,,,,,,,CPI,,,,,PT,,,OL,9/12/2025
dataflow,IMF.RES:WEO(9.0.0),R,BGD,PCPIPCH,A,2030,5.471976,0,,3,,,,,,,,,,,CPI,,,,,PT,,,OL,9/12/2025
dataflow,IMF.RES:WEO(9.0.0),R,BGD,PCPIPCH,A,2031,5.5,0,,3,,,,,,,,,,,CPI,,,,,PT,,,OL,9/12/2025
dataflow,IMF.RES:WEO(9.0.0),R,BGD,PPPEX,A,2026,32.701552,0,,3,,,,,,,,,,,,,RT,XDC_PU,,,,,OL,9/12/2025
dataflow,IMF.RES:WEO(9.0.0),R,BGD,PPPEX,A,2027,33.895178,0,,3,,,,,,,,,,,,,RT,XDC_PU,,,,,OL,9/12/2025
dataflow,IMF.RES:WEO(9.0.0),R,BGD,PPPEX,A,2028,34.991502,0,,3,,,,,,,,,,,,,RT,XDC_PU,,,,,OL,9/12/2025
dataflow,IMF.RES:WEO(9.0.0),R,BGD,PPPEX,A,2029,36.207512,0,,3,,,,,,,,,,,,,RT,XDC_PU,,,,,OL,9/12/2025
dataflow,IMF.RES:WEO(9.0.0),R,BGD,PPPEX,A,2030,37.520558,0,,3,,,,,,,,,,,,,RT,XDC_PU,,,,,OL,9/12/2025
dataflow,IMF.RES:WEO(9.0.0),R,BGD,PPPEX,A,2031,38.893528,0,,3,,,,,,,,,,,,,RT,XDC_PU,,,,,OL,9/12/2025
dataflow,IMF.RES:WEO(9.0.0),R,BGD,PPPGDP,A,2026,1921751505000,9,,3,,,B1GQ,,,,,,,,,V,,,,,,,OL,9/12/2025
dataflow,IMF.RES:WEO(9.0.0),R,BGD,PPPGDP,A,2027,2047584841000,9,,3,,,B1GQ,,,,,,,,,V,,,,,,,OL,9/12/2025
dataflow,IMF.RES:WEO(9.0.0),R,BGD,PPPGDP,A,2028,2175843263000,9,,3,,,B1GQ,,,,,,,,,V,,,,,,,OL,9/12/2025
dataflow,IMF.RES:WEO(9.0.0),R,BGD,PPPGDP,A,2029,2340850870000,9,,3,,,B1GQ,,,,,,,,,V,,,,,,,OL,9/12/2025
dataflow,IMF.RES:WEO(9.0.0),R,BGD,PPPGDP,A,2030,2520936850000,9,,3,,,B1GQ,,,,,,,,,V,,,,,,,OL,9/12/2025
dataflow,IMF.RES:WEO(9.0.0),R,BGD,PPPGDP,A,2031,2722230723000,9,,3,,,B1GQ,,,,,,,,,V,,,,,,,OL,9/12/2025
dataflow,IMF.RES:WEO(9.0.0),R,BGD,PPPPC,A,2026,10954.943543,0,,3,,,B1GQ,,,,,,,,,,,,,,,,OL,9/12/2025
dataflow,IMF.RES:WEO(9.0.0),R,BGD,PPPPC,A,2027,11563.705875,0,,3,,,B1GQ,,,,,,,,,,,,,,,,OL,9/12/2025
dataflow,IMF.RES:WEO(9.0.0),R,BGD,PPPPC,A,2028,12177.283505,0,,3,,,B1GQ,,,,,,,,,,,,,,,,OL,9/12/2025
dataflow,IMF.RES:WEO(9.0.0),R,BGD,PPPPC,A,2029,12987.072034,0,,3,,,B1GQ,,,,,,,,,,,,,,,,OL,9/12/2025
dataflow,IMF.RES:WEO(9.0.0),R,BGD,PPPPC,A,2030,13869.061725,0,,3,,,B1GQ,,,,,,,,,,,,,,,,OL,9/12/2025
dataflow,IMF.RES:WEO(9.0.0),R,BGD,PPPPC,A,2031,14856.878624,0,,3,,,B1GQ,,,,,,,,,,,,,,,,OL,9/12/2025
dataflow,IMF.RES:WEO(9.0.0),R,BGD,PPPSH,A,2026,0.862702,0,,3,,,B1GQ,,,,,,,,,,,,,PT,,,OL,9/12/2025
dataflow,IMF.RES:WEO(9.0.0),R,BGD,PPPSH,A,2027,0.871625,0,,3,,,B1GQ,,,,,,,,,,,,,PT,,,OL,9/12/2025
dataflow,IMF.RES:WEO(9.0.0),R,BGD,PPPSH,A,2028,0.88293,0,,3,,,B1GQ,,,,,,,,,,,,,PT,,,OL,9/12/2025
dataflow,IMF.RES:WEO(9.0.0),R,BGD,PPPSH,A,2029,0.904971,0,,3,,,B1GQ,,,,,,,,,,,,,PT,,,OL,9/12/2025
dataflow,IMF.RES:WEO(9.0.0),R,BGD,PPPSH,A,2030,0.928731,0,,3,,,B1GQ,,,,,,,,,,,,,PT,,,OL,9/12/2025
dataflow,IMF.RES:WEO(9.0.0),R,BGD,PPPSH,A,2031,0.956024,0,,3,,,B1GQ,,,,,,,,,,,,,PT,,,OL,9/12/2025
dataflow,IMF.RES:WEO(9.0.0),R,BGD,TMG_RPCH,A,2026,7.415141,0,,3,,,,,,MG,,,,,,VL,,,,PT,,,OL,9/12/2025
dataflow,IMF.RES:WEO(9.0.0),R,BGD,TMG_RPCH,A,2027,17.20444,0,,3,,,,,,MG,,,,,,VL,,,,PT,,,OL,9/12/2025
dataflow,IMF.RES:WEO(9.0.0),R,BGD,TMG_RPCH,A,2028,9.510557,0,,3,,,,,,MG,,,,,,VL,,,,PT,,,OL,9/12/2025
dataflow,IMF.RES:WEO(9.0.0),R,BGD,TMG_RPCH,A,2029,10.367704,0,,3,,,,,,MG,,,,,,VL,,,,PT,,,OL,9/12/2025
dataflow,IMF.RES:WEO(9.0.0),R,BGD,TMG_RPCH,A,2030,9.357247,0,,3,,,,,,MG,,,,,,VL,,,,PT,,,OL,9/12/2025
dataflow,IMF.RES:WEO(9.0.0),R,BGD,TMG_RPCH,A,2031,6.270491,0,,3,,,,,,MG,,,,,,VL,,,,PT,,,OL,9/12/2025
dataflow,IMF.RES:WEO(9.0.0),R,BGD,TM_RPCH,A,2026,5.023693,0,,3,,,,,,MGS,,,,,,VL,,,,PT,,,OL,9/12/2025
dataflow,IMF.RES:WEO(9.0.0),R,BGD,TM_RPCH,A,2027,14.783694,0,,3,,,,,,MGS,,,,,,VL,,,,PT,,,OL,9/12/2025
dataflow,IMF.RES:WEO(9.0.0),R,BGD,TM_RPCH,A,2028,9.221865,0,,3,,,,,,MGS,,,,,,VL,,,,PT,,,OL,9/12/2025
dataflow,IMF.RES:WEO(9.0.0),R,BGD,TM_RPCH,A,2029,12.020789,0,,3,,,,,,MGS,,,,,,VL,,,,PT,,,OL,9/12/2025
dataflow,IMF.RES:WEO(9.0.0),R,BGD,TM_RPCH,A,2030,8.740214,0,,3,,,,,,MGS,,,,,,VL,,,,PT,,,OL,9/12/2025
dataflow,IMF.RES:WEO(9.0.0),R,BGD,TM_RPCH,A,2031,7.244115,0,,3,,,,,,MGS,,,,,,VL,,,,PT,,,OL,9/12/2025
dataflow,IMF.RES:WEO(9.0.0),R,BGD,TXG_RPCH,A,2026,0.96535,0,,3,,,,,,XG,,,,,,VL,,,,PT,,,OL,9/12/2025
dataflow,IMF.RES:WEO(9.0.0),R,BGD,TXG_RPCH,A,2027,13.120584,0,,3,,,,,,XG,,,,,,VL,,,,PT,,,OL,9/12/2025
dataflow,IMF.RES:WEO(9.0.0),R,BGD,TXG_RPCH,A,2028,9.989556,0,,3,,,,,,XG,,,,,,VL,,,,PT,,,OL,9/12/2025
dataflow,IMF.RES:WEO(9.0.0),R,BGD,TXG_RPCH,A,2029,9.643001,0,,3,,,,,,XG,,,,,,VL,,,,PT,,,OL,9/12/2025
dataflow,IMF.RES:WEO(9.0.0),R,BGD,TXG_RPCH,A,2030,9.005017,0,,3,,,,,,XG,,,,,,VL,,,,PT,,,OL,9/12/2025
dataflow,IMF.RES:WEO(9.0.0),R,BGD,TXG_RPCH,A,2031,8.320588,0,,3,,,,,,XG,,,,,,VL,,,,PT,,,OL,9/12/2025
dataflow,IMF.RES:WEO(9.0.0),R,BGD,TX_RPCH,A,2026,1.567972,0,,3,,,,,,XGS,,,,,,VL,,,,PT,,,OL,9/12/2025
dataflow,IMF.RES:WEO(9.0.0),R,BGD,TX_RPCH,A,2027,13.051316,0,,3,,,,,,XGS,,,,,,VL,,,,PT,,,OL,9/12/2025
dataflow,IMF.RES:WEO(9.0.0),R,BGD,TX_RPCH,A,2028,9.789953,0,,3,,,,,,XGS,,,,,,VL,,,,PT,,,OL,9/12/2025
dataflow,IMF.RES:WEO(9.0.0),R,BGD,TX_RPCH,A,2029,9.712407,0,,3,,,,,,XGS,,,,,,VL,,,,PT,,,OL,9/12/2025
dataflow,IMF.RES:WEO(9.0.0),R,BGD,TX_RPCH,A,2030,8.972775,0,,3,,,,,,XGS,,,,,,VL,,,,PT,,,OL,9/12/2025
dataflow,IMF.RES:WEO(9.0.0),R,BGD,TX_RPCH,A,2031,8.320588,0,,3,,,,,,XGS,,,,,,VL,,,,PT,,,OL,9/12/2025