dataflow,IMF.RES:WEO(9.0.0),R,BHR,BCA,A,2026,1920124000,9,,3,,CAB,,,,,,,,,,,,,,USD,,,OL,9/16/2025
dataflow,IMF.RES:WEO(9.0.0),R,BHR,BCA,A,2027,2465547000,9,,3,,CAB,,,,,,,,,,,,,,USD,,,OL,9/16/2025
dataflow,IMF.RES:WEO(9.0.0),R,BHR,BCA,A,2028,2065881000,9,,3,,CAB,,,,,,,,,,,,,,USD,,,OL,9/16/2025
dataflow,IMF.RES:WEO(9.0.0),R,BHR,BCA,A,2029,1824230000,9,,3,,CAB,,,,,,,,,,,,,,USD,,,OL,9/16/2025
dataflow,IMF.RES:WEO(9.0.0),R,BHR,BCA,A,2030,1319789000,9,,3,,CAB,,,,,,,,,,,,,,USD,,,OL,9/16/2025
dataflow,IMF.RES:WEO(9.0.0),R,BHR,BCA,A,2031,1244413000,9,,3,,CAB,,,,,,,,,,,,,,USD,,,OL,9/16/2025
dataflow,IMF.RES:WEO(9.0.0),R,BHR,BCA_NGDPD,A,2026,3.930721,0,,3,,CAB,,,,,,,,,,,,,,PT,,,OL,9/16/2025
dataflow,IMF.RES:WEO(9.0.0),R,BHR,BCA_NGDPD,A,2027,4.834986,0,,3,,CAB,,,,,,,,,,,,,,PT,,,OL,9/16/2025
dataflow,IMF.RES:WEO(9.0.0),R,BHR,BCA_NGDPD,A,2028,3.895476,0,,3,,CAB,,,,,,,,,,,,,,PT,,,OL,9/16/2025
dataflow,IMF.RES:WEO(9.0.0),R,BHR,BCA_NGDPD,A,2029,3.290388,0,,3,,CAB,,,,,,,,,,,,,,PT,,,OL,9/16/2025
dataflow,IMF.RES:WEO(9.0.0),R,BHR,BCA_NGDPD,A,2030,2.268996,0,,3,,CAB,,,,,,,,,,,,,,PT,,,OL,9/16/2025
dataflow,IMF.RES:WEO(9.0.0),R,BHR,BCA_NGDPD,A,2031,2.037555,0,,3,,CAB,,,,,,,,,,,,,,PT,,,OL,9/16/2025
dataflow,IMF.RES:WEO(9.0.0),R,BHR,GGR,A,2026,3672000000,9,,3,,,,G1,,,,,S13,,,,,,,XDC,,,OL,9/16/2025
dataflow,IMF.RES:WEO(9.0.0),R,BHR,GGR,A,2027,4049572000,9,,3,,,,G1,,,,,S13,,,,,,,XDC,,,OL,9/16/2025
dataflow,IMF.RES:WEO(9.0.0),R,BHR,GGR,A,2028,4259082000,9,,3,,,,G1,,,,,S13,,,,,,,XDC,,,OL,9/16/2025
dataflow,IMF.RES:WEO(9.0.0),R,BHR,GGR,A,2029,4482053000,9,,3,,,,G1,,,,,S13,,,,,,,XDC,,,OL,9/16/2025
dataflow,IMF.RES:WEO(9.0.0),R,BHR,GGR,A,2030,4577327000,9,,3,,,,G1,,,,,S13,,,,,,,XDC,,,OL,9/16/2025
dataflow,IMF.RES:WEO(9.0.0),R,BHR,GGR,A,2031,4632846000,9,,3,,,,G1,,,,,S13,,,,,,,XDC,,,OL,9/16/2025
dataflow,IMF.RES:WEO(9.0.0),R,BHR,GGR_NGDP,A,2026,19.992067,0,,3,,,,G1,,,,,S13,,,,,,,PT,,,OL,9/16/2025
dataflow,IMF.RES:WEO(9.0.0),R,BHR,GGR_NGDP,A,2027,21.120453,0,,3,,,,G1,,,,,S13,,,,,,,PT,,,OL,9/16/2025
dataflow,IMF.RES:WEO(9.0.0),R,BHR,GGR_NGDP,A,2028,21.359125,0,,3,,,,G1,,,,,S13,,,,,,,PT,,,OL,9/16/2025
dataflow,IMF.RES:WEO(9.0.0),R,BHR,GGR_NGDP,A,2029,21.500904,0,,3,,,,G1,,,,,S13,,,,,,,PT,,,OL,9/16/2025
dataflow,IMF.RES:WEO(9.0.0),R,BHR,GGR_NGDP,A,2030,20.929232,0,,3,,,,G1,,,,,S13,,,,,,,PT,,,OL,9/16/2025
dataflow,IMF.RES:WEO(9.0.0),R,BHR,GGR_NGDP,A,2031,20.174599,0,,3,,,,G1,,,,,S13,,,,,,,PT,,,OL,9/16/2025
dataflow,IMF.RES:WEO(9.0.0),R,BHR,GGX,A,2026,5623923000,9,,3,,,,G2M,,,,,S13,,,,,,,XDC,,,OL,9/16/2025
dataflow,IMF.RES:WEO(9.0.0),R,BHR,GGX,A,2027,5791687000,9,,3,,,,G2M,,,,,S13,,,,,,,XDC,,,OL,9/16/2025
dataflow,IMF.RES:WEO(9.0.0),R,BHR,GGX,A,2028,5979616000,9,,3,,,,G2M,,,,,S13,,,,,,,XDC,,,OL,9/16/2025
dataflow,IMF.RES:WEO(9.0.0),R,BHR,GGX,A,2029,6195140000,9,,3,,,,G2M,,,,,S13,,,,,,,XDC,,,OL,9/16/2025
dataflow,IMF.RES:WEO(9.0.0),R,BHR,GGX,A,2030,6430533000,9,,3,,,,G2M,,,,,S13,,,,,,,XDC,,,OL,9/16/2025
dataflow,IMF.RES:WEO(9.0.0),R,BHR,GGX,A,2031,6635557000,9,,3,,,,G2M,,,,,S13,,,,,,,XDC,,,OL,9/16/2025
dataflow,IMF.RES:WEO(9.0.0),R,BHR,GGXCNL,A,2026,-1951923000,9,,3,,,,GNLB,,,,,S13,,,,,,,XDC,,,OL,9/16/2025
dataflow,IMF.RES:WEO(9.0.0),R,BHR,GGXCNL,A,2027,-1742115000,9,,3,,,,GNLB,,,,,S13,,,,,,,XDC,,,OL,9/16/2025
dataflow,IMF.RES:WEO(9.0.0),R,BHR,GGXCNL,A,2028,-1720534000,9,,3,,,,GNLB,,,,,S13,,,,,,,XDC,,,OL,9/16/2025
dataflow,IMF.RES:WEO(9.0.0),R,BHR,GGXCNL,A,2029,-1713087000,9,,3,,,,GNLB,,,,,S13,,,,,,,XDC,,,OL,9/16/2025
dataflow,IMF.RES:WEO(9.0.0),R,BHR,GGXCNL,A,2030,-1853206000,9,,3,,,,GNLB,,,,,S13,,,,,,,XDC,,,OL,9/16/2025
dataflow,IMF.RES:WEO(9.0.0),R,BHR,GGXCNL,A,2031,-2002711000,9,,3,,,,GNLB,,,,,S13,,,,,,,XDC,,,OL,9/16/2025
dataflow,IMF.RES:WEO(9.0.0),R,BHR,GGXCNL_NGDP,A,2026,-10.627169,0,,3,,,,GNLB,,,,,S13,,,,,,,PT,,,OL,9/16/2025
dataflow,IMF.RES:WEO(9.0.0),R,BHR,GGXCNL_NGDP,A,2027,-9.085963,0,,3,,,,GNLB,,,,,S13,,,,,,,PT,,,OL,9/16/2025
dataflow,IMF.RES:WEO(9.0.0),R,BHR,GGXCNL_NGDP,A,2028,-8.628411,0,,3,,,,GNLB,,,,,S13,,,,,,,PT,,,OL,9/16/2025
dataflow,IMF.RES:WEO(9.0.0),R,BHR,GGXCNL_NGDP,A,2029,-8.217868,0,,3,,,,GNLB,,,,,S13,,,,,,,PT,,,OL,9/16/2025
dataflow,IMF.RES:WEO(9.0.0),R,BHR,GGXCNL_NGDP,A,2030,-8.473541,0,,3,,,,GNLB,,,,,S13,,,,,,,PT,,,OL,9/16/2025
dataflow,IMF.RES:WEO(9.0.0),R,BHR,GGXCNL_NGDP,A,2031,-8.721182,0,,3,,,,GNLB,,,,,S13,,,,,,,PT,,,OL,9/16/2025
dataflow,IMF.RES:WEO(9.0.0),R,BHR,GGXONLB,A,2026,-643644000,9,,3,,,,GPB,,,,,S13,,,,,,,XDC,,,OL,9/16/2025
dataflow,IMF.RES:WEO(9.0.0),R,BHR,GGXONLB,A,2027,-362916000,9,,3,,,,GPB,,,,,S13,,,,,,,XDC,,,OL,9/16/2025
dataflow,IMF.RES:WEO(9.0.0),R,BHR,GGXONLB,A,2028,-267475000,9,,3,,,,GPB,,,,,S13,,,,,,,XDC,,,OL,9/16/2025
dataflow,IMF.RES:WEO(9.0.0),R,BHR,GGXONLB,A,2029,-180290000,9,,3,,,,GPB,,,,,S13,,,,,,,XDC,,,OL,9/16/2025
dataflow,IMF.RES:WEO(9.0.0),R,BHR,GGXONLB,A,2030,-205039000,9,,3,,,,GPB,,,,,S13,,,,,,,XDC,,,OL,9/16/2025
dataflow,IMF.RES:WEO(9.0.0),R,BHR,GGXONLB,A,2031,-254628000,9,,3,,,,GPB,,,,,S13,,,,,,,XDC,,,OL,9/16/2025
dataflow,IMF.RES:WEO(9.0.0),R,BHR,GGXONLB_NGDP,A,2026,-3.504294,0,,3,,,,GPB,,,,,S13,,,,,,,PT,,,OL,9/16/2025
dataflow,IMF.RES:WEO(9.0.0),R,BHR,GGXONLB_NGDP,A,2027,-1.892781,0,,3,,,,GPB,,,,,S13,,,,,,,PT,,,OL,9/16/2025
dataflow,IMF.RES:WEO(9.0.0),R,BHR,GGXONLB_NGDP,A,2028,-1.341378,0,,3,,,,GPB,,,,,S13,,,,,,,PT,,,OL,9/16/2025
dataflow,IMF.RES:WEO(9.0.0),R,BHR,GGXONLB_NGDP,A,2029,-0.864871,0,,3,,,,GPB,,,,,S13,,,,,,,PT,,,OL,9/16/2025
dataflow,IMF.RES:WEO(9.0.0),R,BHR,GGXONLB_NGDP,A,2030,-0.937512,0,,3,,,,GPB,,,,,S13,,,,,,,PT,,,OL,9/16/2025
dataflow,IMF.RES:WEO(9.0.0),R,BHR,GGXONLB_NGDP,A,2031,-1.108825,0,,3,,,,GPB,,,,,S13,,,,,,,PT,,,OL,9/16/2025
dataflow,IMF.RES:WEO(9.0.0),R,BHR,GGXWDG,A,2026,27984443000,9,,3,,,,G63G,,,,,S13,,,,,,,XDC,,,OL,9/16/2025
dataflow,IMF.RES:WEO(9.0.0),R,BHR,GGXWDG,A,2027,29624669000,9,,3,,,,G63G,,,,,S13,,,,,,,XDC,,,OL,9/16/2025
dataflow,IMF.RES:WEO(9.0.0),R,BHR,GGXWDG,A,2028,31374928000,9,,3,,,,G63G,,,,,S13,,,,,,,XDC,,,OL,9/16/2025
dataflow,IMF.RES:WEO(9.0.0),R,BHR,GGXWDG,A,2029,33117593000,9,,3,,,,G63G,,,,,S13,,,,,,,XDC,,,OL,9/16/2025
dataflow,IMF.RES:WEO(9.0.0),R,BHR,GGXWDG,A,2030,34998169000,9,,3,,,,G63G,,,,,S13,,,,,,,XDC,,,OL,9/16/2025
dataflow,IMF.RES:WEO(9.0.0),R,BHR,GGXWDG,A,2031,37024113000,9,,3,,,,G63G,,,,,S13,,,,,,,XDC,,,OL,9/16/2025
dataflow,IMF.RES:WEO(9.0.0),R,BHR,GGXWDG_NGDP,A,2026,152.360244,0,,3,,,,G63G,,,,,S13,,,,,,,PT,,,OL,9/16/2025
dataflow,IMF.RES:WEO(9.0.0),R,BHR,GGXWDG_NGDP,A,2027,154.5068,0,,3,,,,G63G,,,,,S13,,,,,,,PT,,,OL,9/16/2025
dataflow,IMF.RES:WEO(9.0.0),R,BHR,GGXWDG_NGDP,A,2028,157.344004,0,,3,,,,G63G,,,,,S13,,,,,,,PT,,,OL,9/16/2025
dataflow,IMF.RES:WEO(9.0.0),R,BHR,GGXWDG_NGDP,A,2029,158.868754,0,,3,,,,G63G,,,,,S13,,,,,,,PT,,,OL,9/16/2025
dataflow,IMF.RES:WEO(9.0.0),R,BHR,GGXWDG_NGDP,A,2030,160.024567,0,,3,,,,G63G,,,,,S13,,,,,,,PT,,,OL,9/16/2025
dataflow,IMF.RES:WEO(9.0.0),R,BHR,GGXWDG_NGDP,A,2031,161.228462,0,,3,,,,G63G,,,,,S13,,,,,,,PT,,,OL,9/16/2025
dataflow,IMF.RES:WEO(9.0.0),R,BHR,GGX_NGDP,A,2026,30.619236,0,,3,,,,G2M,,,,,S13,,,,,,,PT,,,OL,9/16/2025
dataflow,IMF.RES:WEO(9.0.0),R,BHR,GGX_NGDP,A,2027,30.206416,0,,3,,,,G2M,,,,,S13,,,,,,,PT,,,OL,9/16/2025
dataflow,IMF.RES:WEO(9.0.0),R,BHR,GGX_NGDP,A,2028,29.987536,0,,3,,,,G2M,,,,,S13,,,,,,,PT,,,OL,9/16/2025
dataflow,IMF.RES:WEO(9.0.0),R,BHR,GGX_NGDP,A,2029,29.718771,0,,3,,,,G2M,,,,,S13,,,,,,,PT,,,OL,9/16/2025
dataflow,IMF.RES:WEO(9.0.0),R,BHR,GGX_NGDP,A,2030,29.402773,0,,3,,,,G2M,,,,,S13,,,,,,,PT,,,OL,9/16/2025
dataflow,IMF.RES:WEO(9.0.0),R,BHR,GGX_NGDP,A,2031,28.895781,0,,3,,,,G2M,,,,,S13,,,,,,,PT,,,OL,9/16/2025
dataflow,IMF.RES:WEO(9.0.0),R,BHR,LP,A,2026,1652031,6,,3,,,,,,,,POP,,,,,,,,,,,OL,9/16/2025
dataflow,IMF.RES:WEO(9.0.0),R,BHR,LP,A,2027,1684683,6,,3,,,,,,,,POP,,,,,,,,,,,OL,9/16/2025
dataflow,IMF.RES:WEO(9.0.0),R,BHR,LP,A,2028,1718000,6,,3,,,,,,,,POP,,,,,,,,,,,OL,9/16/2025
dataflow,IMF.RES:WEO(9.0.0),R,BHR,LP,A,2029,1751996,6,,3,,,,,,,,POP,,,,,,,,,,,OL,9/16/2025
dataflow,IMF.RES:WEO(9.0.0),R,BHR,LP,A,2030,1786686,6,,3,,,,,,,,POP,,,,,,,,,,,OL,9/16/2025
dataflow,IMF.RES:WEO(9.0.0),R,BHR,LP,A,2031,1822084,6,,3,,,,,,,,POP,,,,,,,,,,,OL,9/16/2025
dataflow,IMF.RES:WEO(9.0.0),R,BHR,NGDP,A,2026,18367287000,9,,3,,,B1GQ,,,,,,,,,V,,,,XDC,,,OL,9/16/2025
dataflow,IMF.RES:WEO(9.0.0),R,BHR,NGDP,A,2027,19173699000,9,,3,,,B1GQ,,,,,,,,,V,,,,XDC,,,OL,9/16/2025
dataflow,IMF.RES:WEO(9.0.0),R,BHR,NGDP,A,2028,19940339000,9,,3,,,B1GQ,,,,,,,,,V,,,,XDC,,,OL,9/16/2025
dataflow,IMF.RES:WEO(9.0.0),R,BHR,NGDP,A,2029,20845882000,9,,3,,,B1GQ,,,,,,,,,V,,,,XDC,,,OL,9/16/2025
dataflow,IMF.RES:WEO(9.0.0),R,BHR,NGDP,A,2030,21870498000,9,,3,,,B1GQ,,,,,,,,,V,,,,XDC,,,OL,9/16/2025
dataflow,IMF.RES:WEO(9.0.0),R,BHR,NGDP,A,2031,22963758000,9,,3,,,B1GQ,,,,,,,,,V,,,,XDC,,,OL,9/16/2025
dataflow,IMF.RES:WEO(9.0.0),R,BHR,NGDPD,A,2026,48849168000,9,,3,,,B1GQ,,,,,,,,,V,,,,USD,,,OL,9/16/2025
dataflow,IMF.RES:WEO(9.0.0),R,BHR,NGDPD,A,2027,50993880000,9,,3,,,B1GQ,,,,,,,,,V,,,,USD,,,OL,9/16/2025
dataflow,IMF.RES:WEO(9.0.0),R,BHR,NGDPD,A,2028,53032816000,9,,3,,,B1GQ,,,,,,,,,V,,,,USD,,,OL,9/16/2025
dataflow,IMF.RES:WEO(9.0.0),R,BHR,NGDPD,A,2029,55441176000,9,,3,,,B1GQ,,,,,,,,,V,,,,USD,,,OL,9/16/2025
dataflow,IMF.RES:WEO(9.0.0),R,BHR,NGDPD,A,2030,58166217000,9,,3,,,B1GQ,,,,,,,,,V,,,,USD,,,OL,9/16/2025
dataflow,IMF.RES:WEO(9.0.0),R,BHR,NGDPD,A,2031,61073824000,9,,3,,,B1GQ,,,,,,,,,V,,,,USD,,,OL,9/16/2025
dataflow,IMF.RES:WEO(9.0.0),R,BHR,NGDPDPC,A,2026,29569.15957,0,,3,,,B1GQ,,,,,,,,,V,,,,USD,,,OL,9/16/2025
dataflow,IMF.RES:WEO(9.0.0),R,BHR,NGDPDPC,A,2027,30269.133697,0,,3,,,B1GQ,,,,,,,,,V,,,,USD,,,OL,9/16/2025
dataflow,IMF.RES:WEO(9.0.0),R,BHR,NGDPDPC,A,2028,30868.935664,0,,3,,,B1GQ,,,,,,,,,V,,,,USD,,,OL,9/16/2025
dataflow,IMF.RES:WEO(9.0.0),R,BHR,NGDPDPC,A,2029,31644.580685,0,,3,,,B1GQ,,,,,,,,,V,,,,USD,,,OL,9/16/2025
dataflow,IMF.RES:WEO(9.0.0),R,BHR,NGDPDPC,A,2030,32555.367671,0,,3,,,B1GQ,,,,,,,,,V,,,,USD,,,OL,9/16/2025
dataflow,IMF.RES:WEO(9.0.0),R,BHR,NGDPDPC,A,2031,33518.662633,0,,3,,,B1GQ,,,,,,,,,V,,,,USD,,,OL,9/16/2025
dataflow,IMF.RES:WEO(9.0.0),R,BHR,NGDPPC,A,2026,11118.003998,0,,3,,,B1GQ,,,,,,,,,V,,,,XDC,,,OL,9/16/2025
dataflow,IMF.RES:WEO(9.0.0),R,BHR,NGDPPC,A,2027,11381.19427,0,,3,,,B1GQ,,,,,,,,,V,,,,XDC,,,OL,9/16/2025
dataflow,IMF.RES:WEO(9.0.0),R,BHR,NGDPPC,A,2028,11606.71981,0,,3,,,B1GQ,,,,,,,,,V,,,,XDC,,,OL,9/16/2025
dataflow,IMF.RES:WEO(9.0.0),R,BHR,NGDPPC,A,2029,11898.362338,0,,3,,,B1GQ,,,,,,,,,V,,,,XDC,,,OL,9/16/2025
dataflow,IMF.RES:WEO(9.0.0),R,BHR,NGDPPC,A,2030,12240.818244,0,,3,,,B1GQ,,,,,,,,,V,,,,XDC,,,OL,9/16/2025
dataflow,IMF.RES:WEO(9.0.0),R,BHR,NGDPPC,A,2031,12603.01715,0,,3,,,B1GQ,,,,,,,,,V,,,,XDC,,,OL,9/16/2025
dataflow,IMF.RES:WEO(9.0.0),R,BHR,NGDPRPC,A,2026,9427.918582,0,,3,,,B1GQ,,,,,,,,,Q,,,,XDC,,,OL,9/16/2025
dataflow,IMF.RES:WEO(9.0.0),R,BHR,NGDPRPC,A,2027,9661.424762,0,,3,,,B1GQ,,,,,,,,,Q,,,,XDC,,,OL,9/16/2025
dataflow,IMF.RES:WEO(9.0.0),R,BHR,NGDPRPC,A,2028,9737.238628,0,,3,,,B1GQ,,,,,,,,,Q,,,,XDC,,,OL,9/16/2025
dataflow,IMF.RES:WEO(9.0.0),R,BHR,NGDPRPC,A,2029,9825.403603,0,,3,,,B1GQ,,,,,,,,,Q,,,,XDC,,,OL,9/16/2025
dataflow,IMF.RES:WEO(9.0.0),R,BHR,NGDPRPC,A,2030,9933.07428,0,,3,,,B1GQ,,,,,,,,,Q,,,,XDC,,,OL,9/16/2025
dataflow,IMF.RES:WEO(9.0.0),R,BHR,NGDPRPC,A,2031,10057.236228,0,,3,,,B1GQ,,,,,,,,,Q,,,,XDC,,,OL,9/16/2025
dataflow,IMF.RES:WEO(9.0.0),R,BHR,NGDPRPPPPC,A,2026,58268.79948,0,,3,,,B1GQ,,,,,,,,,Q,,,,,,,OL,9/16/2025
dataflow,IMF.RES:WEO(9.0.0),R,BHR,NGDPRPPPPC,A,2027,59711.973247,0,,3,,,B1GQ,,,,,,,,,Q,,,,,,,OL,9/16/2025
dataflow,IMF.RES:WEO(9.0.0),R,BHR,NGDPRPPPPC,A,2028,60180.537214,0,,3,,,B1GQ,,,,,,,,,Q,,,,,,,OL,9/16/2025
dataflow,IMF.RES:WEO(9.0.0),R,BHR,NGDPRPPPPC,A,2029,60725.436622,0,,3,,,B1GQ,,,,,,,,,Q,,,,,,,OL,9/16/2025
dataflow,IMF.RES:WEO(9.0.0),R,BHR,NGDPRPPPPC,A,2030,61390.89009,0,,3,,,B1GQ,,,,,,,,,Q,,,,,,,OL,9/16/2025
dataflow,IMF.RES:WEO(9.0.0),R,BHR,NGDPRPPPPC,A,2031,62158.267063,0,,3,,,B1GQ,,,,,,,,,Q,,,,,,,OL,9/16/2025
dataflow,IMF.RES:WEO(9.0.0),R,BHR,NGDP_D,A,2026,117.92639,0,,3,,,B1GQ,,,,,,,,PD,,,,,IX,,,OL,9/16/2025
dataflow,IMF.RES:WEO(9.0.0),R,BHR,NGDP_D,A,2027,117.800372,0,,3,,,B1GQ,,,,,,,,PD,,,,,IX,,,OL,9/16/2025
dataflow,IMF.RES:WEO(9.0.0),R,BHR,NGDP_D,A,2028,119.199295,0,,3,,,B1GQ,,,,,,,,PD,,,,,IX,,,OL,9/16/2025
dataflow,IMF.RES:WEO(9.0.0),R,BHR,NGDP_D,A,2029,121.09795,0,,3,,,B1GQ,,,,,,,,PD,,,,,IX,,,OL,9/16/2025
dataflow,IMF.RES:WEO(9.0.0),R,BHR,NGDP_D,A,2030,123.232928,0,,3,,,B1GQ,,,,,,,,PD,,,,,IX,,,OL,9/16/2025
dataflow,IMF.RES:WEO(9.0.0),R,BHR,NGDP_D,A,2031,125.312928,0,,3,,,B1GQ,,,,,,,,PD,,,,,IX,,,OL,9/16/2025
dataflow,IMF.RES:WEO(9.0.0),R,BHR,NGDP_FY,A,2026,18367287000,9,,3,,,B1GQ,,,,,,,,,V,,,,XDC,,,OL,9/16/2025
dataflow,IMF.RES:WEO(9.0.0),R,BHR,NGDP_FY,A,2027,19173699000,9,,3,,,B1GQ,,,,,,,,,V,,,,XDC,,,OL,9/16/2025
dataflow,IMF.RES:WEO(9.0.0),R,BHR,NGDP_FY,A,2028,19940339000,9,,3,,,B1GQ,,,,,,,,,V,,,,XDC,,,OL,9/16/2025
dataflow,IMF.RES:WEO(9.0.0),R,BHR,NGDP_FY,A,2029,20845882000,9,,3,,,B1GQ,,,,,,,,,V,,,,XDC,,,OL,9/16/2025
dataflow,IMF.RES:WEO(9.0.0),R,BHR,NGDP_FY,A,2030,21870498000,9,,3,,,B1GQ,,,,,,,,,V,,,,XDC,,,OL,9/16/2025
dataflow,IMF.RES:WEO(9.0.0),R,BHR,NGDP_FY,A,2031,22963758000,9,,3,,,B1GQ,,,,,,,,,V,,,,XDC,,,OL,9/16/2025
dataflow,IMF.RES:WEO(9.0.0),R,BHR,NGDP_R,A,2026,15575214000,9,,3,,,B1GQ,,,,,,,,,Q,,,,XDC,,,OL,9/16/2025
dataflow,IMF.RES:WEO(9.0.0),R,BHR,NGDP_R,A,2027,16276433000,9,,3,,,B1GQ,,,,,,,,,Q,,,,XDC,,,OL,9/16/2025
dataflow,IMF.RES:WEO(9.0.0),R,BHR,NGDP_R,A,2028,16728571000,9,,3,,,B1GQ,,,,,,,,,Q,,,,XDC,,,OL,9/16/2025
dataflow,IMF.RES:WEO(9.0.0),R,BHR,NGDP_R,A,2029,17214067000,9,,3,,,B1GQ,,,,,,,,,Q,,,,XDC,,,OL,9/16/2025
dataflow,IMF.RES:WEO(9.0.0),R,BHR,NGDP_R,A,2030,17747284000,9,,3,,,B1GQ,,,,,,,,,Q,,,,XDC,,,OL,9/16/2025
dataflow,IMF.RES:WEO(9.0.0),R,BHR,NGDP_R,A,2031,18325131000,9,,3,,,B1GQ,,,,,,,,,Q,,,,XDC,,,OL,9/16/2025
dataflow,IMF.RES:WEO(9.0.0),R,BHR,NGDP_RPCH,A,2026,-0.498944,0,,3,,,B1GQ,,,,,,,,,Q,,,,PT,,,OL,9/16/2025
dataflow,IMF.RES:WEO(9.0.0),R,BHR,NGDP_RPCH,A,2027,4.502152,0,,3,,,B1GQ,,,,,,,,,Q,,,,PT,,,OL,9/16/2025
dataflow,IMF.RES:WEO(9.0.0),R,BHR,NGDP_RPCH,A,2028,2.777868,0,,3,,,B1GQ,,,,,,,,,Q,,,,PT,,,OL,9/16/2025
dataflow,IMF.RES:WEO(9.0.0),R,BHR,NGDP_RPCH,A,2029,2.902195,0,,3,,,B1GQ,,,,,,,,,Q,,,,PT,,,OL,9/16/2025
dataflow,IMF.RES:WEO(9.0.0),R,BHR,NGDP_RPCH,A,2030,3.097567,0,,3,,,B1GQ,,,,,,,,,Q,,,,PT,,,OL,9/16/2025
dataflow,IMF.RES:WEO(9.0.0),R,BHR,NGDP_RPCH,A,2031,3.255972,0,,3,,,B1GQ,,,,,,,,,Q,,,,PT,,,OL,9/16/2025
dataflow,IMF.RES:WEO(9.0.0),R,BHR,NGSD_NGDP,A,2026,32.648616,0,,3,,,B8GNAT,,,,,,,,,,,,,PT,,,OL,9/16/2025
dataflow,IMF.RES:WEO(9.0.0),R,BHR,NGSD_NGDP,A,2027,33.529137,0,,3,,,B8GNAT,,,,,,,,,,,,,PT,,,OL,9/16/2025
dataflow,IMF.RES:WEO(9.0.0),R,BHR,NGSD_NGDP,A,2028,32.704456,0,,3,,,B8GNAT,,,,,,,,,,,,,PT,,,OL,9/16/2025
dataflow,IMF.RES:WEO(9.0.0),R,BHR,NGSD_NGDP,A,2029,32.12645,0,,3,,,B8GNAT,,,,,,,,,,,,,PT,,,OL,9/16/2025
dataflow,IMF.RES:WEO(9.0.0),R,BHR,NGSD_NGDP,A,2030,30.879372,0,,3,,,B8GNAT,,,,,,,,,,,,,PT,,,OL,9/16/2025
dataflow,IMF.RES:WEO(9.0.0),R,BHR,NGSD_NGDP,A,2031,30.316801,0,,3,,,B8GNAT,,,,,,,,,,,,,PT,,,OL,9/16/2025
dataflow,IMF.RES:WEO(9.0.0),R,BHR,NID_NGDP,A,2026,28.717895,0,,3,,,P5,,,,,,,,,,,,,PT,,,OL,9/16/2025
dataflow,IMF.RES:WEO(9.0.0),R,BHR,NID_NGDP,A,2027,28.69415,0,,3,,,P5,,,,,,,,,,,,,PT,,,OL,9/16/2025
dataflow,IMF.RES:WEO(9.0.0),R,BHR,NID_NGDP,A,2028,28.808979,0,,3,,,P5,,,,,,,,,,,,,PT,,,OL,9/16/2025
dataflow,IMF.RES:WEO(9.0.0),R,BHR,NID_NGDP,A,2029,28.836062,0,,3,,,P5,,,,,,,,,,,,,PT,,,OL,9/16/2025
dataflow,IMF.RES:WEO(9.0.0),R,BHR,NID_NGDP,A,2030,28.610377,0,,3,,,P5,,,,,,,,,,,,,PT,,,OL,9/16/2025
dataflow,IMF.RES:WEO(9.0.0),R,BHR,NID_NGDP,A,2031,28.279246,0,,3,,,P5,,,,,,,,,,,,,PT,,,OL,9/16/2025
dataflow,IMF.RES:WEO(9.0.0),R,BHR,PCPI,A,2026,103.801173,0,,3,,,,,,,,,,,CPI,,,,,IX,,,OL,9/16/2025
dataflow,IMF.RES:WEO(9.0.0),R,BHR,PCPI,A,2027,105.046787,0,,3,,,,,,,,,,,CPI,,,,,IX,,,OL,9/16/2025
dataflow,IMF.RES:WEO(9.0.0),R,BHR,PCPI,A,2028,106.727536,0,,3,,,,,,,,,,,CPI,,,,,IX,,,OL,9/16/2025
dataflow,IMF.RES:WEO(9.0.0),R,BHR,PCPI,A,2029,108.648632,0,,3,,,,,,,,,,,CPI,,,,,IX,,,OL,9/16/2025
dataflow,IMF.RES:WEO(9.0.0),R,BHR,PCPI,A,2030,110.821604,0,,3,,,,,,,,,,,CPI,,,,,IX,,,OL,9/16/2025
dataflow,IMF.RES:WEO(9.0.0),R,BHR,PCPI,A,2031,113.038036,0,,3,,,,,,,,,,,CPI,,,,,IX,,,OL,9/16/2025
dataflow,IMF.RES:WEO(9.0.0),R,BHR,PCPIE,A,2026,104.0384,0,,3,,,,,,,,,,,CPI,,,,,IX,,,OL,9/16/2025
dataflow,IMF.RES:WEO(9.0.0),R,BHR,PCPIE,A,2027,105.286861,0,,3,,,,,,,,,,,CPI,,,,,IX,,,OL,9/16/2025
dataflow,IMF.RES:WEO(9.0.0),R,BHR,PCPIE,A,2028,106.971451,0,,3,,,,,,,,,,,CPI,,,,,IX,,,OL,9/16/2025
dataflow,IMF.RES:WEO(9.0.0),R,BHR,PCPIE,A,2029,108.896937,0,,3,,,,,,,,,,,CPI,,,,,IX,,,OL,9/16/2025
dataflow,IMF.RES:WEO(9.0.0),R,BHR,PCPIE,A,2030,111.074875,0,,3,,,,,,,,,,,CPI,,,,,IX,,,OL,9/16/2025
dataflow,IMF.RES:WEO(9.0.0),R,BHR,PCPIE,A,2031,113.296373,0,,3,,,,,,,,,,,CPI,,,,,IX,,,OL,9/16/2025
dataflow,IMF.RES:WEO(9.0.0),R,BHR,PCPIEPCH,A,2026,2.4,0,,3,,,,,,,,,,,CPI,,,,,PT,,,OL,9/16/2025
dataflow,IMF.RES:WEO(9.0.0),R,BHR,PCPIEPCH,A,2027,1.2,0,,3,,,,,,,,,,,CPI,,,,,PT,,,OL,9/16/2025
dataflow,IMF.RES:WEO(9.0.0),R,BHR,PCPIEPCH,A,2028,1.6,0,,3,,,,,,,,,,,CPI,,,,,PT,,,OL,9/16/2025
dataflow,IMF.RES:WEO(9.0.0),R,BHR,PCPIEPCH,A,2029,1.8,0,,3,,,,,,,,,,,CPI,,,,,PT,,,OL,9/16/2025
dataflow,IMF.RES:WEO(9.0.0),R,BHR,PCPIEPCH,A,2030,2,0,,3,,,,,,,,,,,CPI,,,,,PT,,,OL,9/16/2025
dataflow,IMF.RES:WEO(9.0.0),R,BHR,PCPIEPCH,A,2031,2,0,,3,,,,,,,,,,,CPI,,,,,PT,,,OL,9/16/2025
dataflow,IMF.RES:WEO(9.0.0),R,BHR,PCPIPCH,A,2026,2.4,0,,3,,,,,,,,,,,CPI,,,,,PT,,,OL,9/16/2025
dataflow,IMF.RES:WEO(9.0.0),R,BHR,PCPIPCH,A,2027,1.2,0,,3,,,,,,,,,,,CPI,,,,,PT,,,OL,9/16/2025
dataflow,IMF.RES:WEO(9.0.0),R,BHR,PCPIPCH,A,2028,1.6,0,,3,,,,,,,,,,,CPI,,,,,PT,,,OL,9/16/2025
dataflow,IMF.RES:WEO(9.0.0),R,BHR,PCPIPCH,A,2029,1.8,0,,3,,,,,,,,,,,CPI,,,,,PT,,,OL,9/16/2025
dataflow,IMF.RES:WEO(9.0.0),R,BHR,PCPIPCH,A,2030,2,0,,3,,,,,,,,,,,CPI,,,,,PT,,,OL,9/16/2025
dataflow,IMF.RES:WEO(9.0.0),R,BHR,PCPIPCH,A,2031,2,0,,3,,,,,,,,,,,CPI,,,,,PT,,,OL,9/16/2025
dataflow,IMF.RES:WEO(9.0.0),R,BHR,PPPEX,A,2026,0.158455,0,,3,,,,,,,,,,,,,RT,XDC_PU,,,,,OL,9/16/2025
dataflow,IMF.RES:WEO(9.0.0),R,BHR,PPPEX,A,2027,0.154885,0,,3,,,,,,,,,,,,,RT,XDC_PU,,,,,OL,9/16/2025
dataflow,IMF.RES:WEO(9.0.0),R,BHR,PPPEX,A,2028,0.154193,0,,3,,,,,,,,,,,,,RT,XDC_PU,,,,,OL,9/16/2025
dataflow,IMF.RES:WEO(9.0.0),R,BHR,PPPEX,A,2029,0.153913,0,,3,,,,,,,,,,,,,RT,XDC_PU,,,,,OL,9/16/2025
dataflow,IMF.RES:WEO(9.0.0),R,BHR,PPPEX,A,2030,0.1538,0,,3,,,,,,,,,,,,,RT,XDC_PU,,,,,OL,9/16/2025
dataflow,IMF.RES:WEO(9.0.0),R,BHR,PPPEX,A,2031,0.153623,0,,3,,,,,,,,,,,,,RT,XDC_PU,,,,,OL,9/16/2025
dataflow,IMF.RES:WEO(9.0.0),R,BHR,PPPGDP,A,2026,115914636000,9,,3,,,B1GQ,,,,,,,,,V,,,,,,,OL,9/16/2025
dataflow,IMF.RES:WEO(9.0.0),R,BHR,PPPGDP,A,2027,123793257000,9,,3,,,B1GQ,,,,,,,,,V,,,,,,,OL,9/16/2025
dataflow,IMF.RES:WEO(9.0.0),R,BHR,PPPGDP,A,2028,129320445000,9,,3,,,B1GQ,,,,,,,,,V,,,,,,,OL,9/16/2025
dataflow,IMF.RES:WEO(9.0.0),R,BHR,PPPGDP,A,2029,135439769000,9,,3,,,B1GQ,,,,,,,,,V,,,,,,,OL,9/16/2025
dataflow,IMF.RES:WEO(9.0.0),R,BHR,PPPGDP,A,2030,142200939000,9,,3,,,B1GQ,,,,,,,,,V,,,,,,,OL,9/16/2025
dataflow,IMF.RES:WEO(9.0.0),R,BHR,PPPGDP,A,2031,149481703000,9,,3,,,B1GQ,,,,,,,,,V,,,,,,,OL,9/16/2025
dataflow,IMF.RES:WEO(9.0.0),R,BHR,PPPPC,A,2026,70164.928709,0,,3,,,B1GQ,,,,,,,,,,,,,,,,OL,9/16/2025
dataflow,IMF.RES:WEO(9.0.0),R,BHR,PPPPC,A,2027,73481.653849,0,,3,,,B1GQ,,,,,,,,,,,,,,,,OL,9/16/2025
dataflow,IMF.RES:WEO(9.0.0),R,BHR,PPPPC,A,2028,75273.854861,0,,3,,,B1GQ,,,,,,,,,,,,,,,,OL,9/16/2025
dataflow,IMF.RES:WEO(9.0.0),R,BHR,PPPPC,A,2029,77305.985127,0,,3,,,B1GQ,,,,,,,,,,,,,,,,OL,9/16/2025
dataflow,IMF.RES:WEO(9.0.0),R,BHR,PPPPC,A,2030,79589.219663,0,,3,,,B1GQ,,,,,,,,,,,,,,,,OL,9/16/2025
dataflow,IMF.RES:WEO(9.0.0),R,BHR,PPPPC,A,2031,82038.858758,0,,3,,,B1GQ,,,,,,,,,,,,,,,,OL,9/16/2025
dataflow,IMF.RES:WEO(9.0.0),R,BHR,PPPSH,A,2026,0.052036,0,,3,,,B1GQ,,,,,,,,,,,,,PT,,,OL,9/16/2025
dataflow,IMF.RES:WEO(9.0.0),R,BHR,PPPSH,A,2027,0.052697,0,,3,,,B1GQ,,,,,,,,,,,,,PT,,,OL,9/16/2025
dataflow,IMF.RES:WEO(9.0.0),R,BHR,PPPSH,A,2028,0.052477,0,,3,,,B1GQ,,,,,,,,,,,,,PT,,,OL,9/16/2025
dataflow,IMF.RES:WEO(9.0.0),R,BHR,PPPSH,A,2029,0.052361,0,,3,,,B1GQ,,,,,,,,,,,,,PT,,,OL,9/16/2025
dataflow,IMF.RES:WEO(9.0.0),R,BHR,PPPSH,A,2030,0.052388,0,,3,,,B1GQ,,,,,,,,,,,,,PT,,,OL,9/16/2025
dataflow,IMF.RES:WEO(9.0.0),R,BHR,PPPSH,A,2031,0.052497,0,,3,,,B1GQ,,,,,,,,,,,,,PT,,,OL,9/16/2025
dataflow,IMF.RES:WEO(9.0.0),R,BHR,TMG_RPCH,A,2026,-2.280105,0,,3,,,,,,MG,,,,,,VL,,,,PT,,,OL,9/16/2025
dataflow,IMF.RES:WEO(9.0.0),R,BHR,TMG_RPCH,A,2027,6.448298,0,,3,,,,,,MG,,,,,,VL,,,,PT,,,OL,9/16/2025
dataflow,IMF.RES:WEO(9.0.0),R,BHR,TMG_RPCH,A,2028,-0.28325,0,,3,,,,,,MG,,,,,,VL,,,,PT,,,OL,9/16/2025
dataflow,IMF.RES:WEO(9.0.0),R,BHR,TMG_RPCH,A,2029,-0.263479,0,,3,,,,,,MG,,,,,,VL,,,,PT,,,OL,9/16/2025
dataflow,IMF.RES:WEO(9.0.0),R,BHR,TMG_RPCH,A,2030,0.113127,0,,3,,,,,,MG,,,,,,VL,,,,PT,,,OL,9/16/2025
dataflow,IMF.RES:WEO(9.0.0),R,BHR,TMG_RPCH,A,2031,0.402297,0,,3,,,,,,MG,,,,,,VL,,,,PT,,,OL,9/16/2025
dataflow,IMF.RES:WEO(9.0.0),R,BHR,TM_RPCH,A,2026,-1.984445,0,,3,,,,,,MGS,,,,,,VL,,,,PT,,,OL,9/16/2025
dataflow,IMF.RES:WEO(9.0.0),R,BHR,TM_RPCH,A,2027,5.602246,0,,3,,,,,,MGS,,,,,,VL,,,,PT,,,OL,9/16/2025
dataflow,IMF.RES:WEO(9.0.0),R,BHR,TM_RPCH,A,2028,0.632583,0,,3,,,,,,MGS,,,,,,VL,,,,PT,,,OL,9/16/2025
dataflow,IMF.RES:WEO(9.0.0),R,BHR,TM_RPCH,A,2029,0.632583,0,,3,,,,,,MGS,,,,,,VL,,,,PT,,,OL,9/16/2025
dataflow,IMF.RES:WEO(9.0.0),R,BHR,TM_RPCH,A,2030,0.632583,0,,3,,,,,,MGS,,,,,,VL,,,,PT,,,OL,9/16/2025
dataflow,IMF.RES:WEO(9.0.0),R,BHR,TM_RPCH,A,2031,0.632583,0,,3,,,,,,MGS,,,,,,VL,,,,PT,,,OL,9/16/2025
dataflow,IMF.RES:WEO(9.0.0),R,BHR,TXG_RPCH,A,2026,5.021242,0,,3,,,,,,XG,,,,,,VL,,,,PT,,,OL,9/16/2025
dataflow,IMF.RES:WEO(9.0.0),R,BHR,TXG_RPCH,A,2027,8.506682,0,,3,,,,,,XG,,,,,,VL,,,,PT,,,OL,9/16/2025
dataflow,IMF.RES:WEO(9.0.0),R,BHR,TXG_RPCH,A,2028,-1.31443,0,,3,,,,,,XG,,,,,,VL,,,,PT,,,OL,9/16/2025
dataflow,IMF.RES:WEO(9.0.0),R,BHR,TXG_RPCH,A,2029,-1.509945,0,,3,,,,,,XG,,,,,,VL,,,,PT,,,OL,9/16/2025
dataflow,IMF.RES:WEO(9.0.0),R,BHR,TXG_RPCH,A,2030,-1.654099,0,,3,,,,,,XG,,,,,,VL,,,,PT,,,OL,9/16/2025
dataflow,IMF.RES:WEO(9.0.0),R,BHR,TXG_RPCH,A,2031,-1.656945,0,,3,,,,,,XG,,,,,,VL,,,,PT,,,OL,9/16/2025
dataflow,IMF.RES:WEO(9.0.0),R,BHR,TX_RPCH,A,2026,-1.474662,0,,3,,,,,,XGS,,,,,,VL,,,,PT,,,OL,9/16/2025
dataflow,IMF.RES:WEO(9.0.0),R,BHR,TX_RPCH,A,2027,6.243238,0,,3,,,,,,XGS,,,,,,VL,,,,PT,,,OL,9/16/2025
dataflow,IMF.RES:WEO(9.0.0),R,BHR,TX_RPCH,A,2028,0.095797,0,,3,,,,,,XGS,,,,,,VL,,,,PT,,,OL,9/16/2025
dataflow,IMF.RES:WEO(9.0.0),R,BHR,TX_RPCH,A,2029,0.095797,0,,3,,,,,,XGS,,,,,,VL,,,,PT,,,OL,9/16/2025
dataflow,IMF.RES:WEO(9.0.0),R,BHR,TX_RPCH,A,2030,0.095797,0,,3,,,,,,XGS,,,,,,VL,,,,PT,,,OL,9/16/2025
dataflow,IMF.RES:WEO(9.0.0),R,BHR,TX_RPCH,A,2031,0.095797,0,,3,,,,,,XGS,,,,,,VL,,,,PT,,,OL,9/16/2025