STRUCTURE[;],STRUCTURE_ID,ACTION,COUNTRY,INDICATOR,FREQUENCY,TIME_PERIOD,OBS_VALUE,SCALE,PRECISION,DECIMALS_DISPLAYED,FUNCTIONAL_CAT,INT_ACC_ITEM,NA_STO,GFS_STO,COICOP_1999,TRADE_FLOW,COMMODITY,SOC_CONCEPTS,SECTOR,ACCOUNTING_ENTRY,INDEX_TYPE,PRICES,STATISTICAL_MEASURES,EXRATE,TRANSFORMATION,UNIT,REPORTING_PERIOD_TYPE,DERIVATION_TYPE,OVERLAP,COUNTRY_UPDATE_DATE
dataflow,IMF.RES:WEO(9.0.0),R,BRB,BCA,A,2026,-592155000,9,,3,,CAB,,,,,,,,,,,,,,USD,,,OL,9/12/2025
dataflow,IMF.RES:WEO(9.0.0),R,BRB,BCA,A,2027,-590936000,9,,3,,CAB,,,,,,,,,,,,,,USD,,,OL,9/12/2025
dataflow,IMF.RES:WEO(9.0.0),R,BRB,BCA,A,2028,-562009000,9,,3,,CAB,,,,,,,,,,,,,,USD,,,OL,9/12/2025
dataflow,IMF.RES:WEO(9.0.0),R,BRB,BCA,A,2029,-537780000,9,,3,,CAB,,,,,,,,,,,,,,USD,,,OL,9/12/2025
dataflow,IMF.RES:WEO(9.0.0),R,BRB,BCA,A,2030,-529050000,9,,3,,CAB,,,,,,,,,,,,,,USD,,,OL,9/12/2025
dataflow,IMF.RES:WEO(9.0.0),R,BRB,BCA,A,2031,-560555000,9,,3,,CAB,,,,,,,,,,,,,,USD,,,OL,9/12/2025
dataflow,IMF.RES:WEO(9.0.0),R,BRB,BCA_NGDPD,A,2026,-6.980746,0,,3,,CAB,,,,,,,,,,,,,,PT,,,OL,9/12/2025
dataflow,IMF.RES:WEO(9.0.0),R,BRB,BCA_NGDPD,A,2027,-6.599316,0,,3,,CAB,,,,,,,,,,,,,,PT,,,OL,9/12/2025
dataflow,IMF.RES:WEO(9.0.0),R,BRB,BCA_NGDPD,A,2028,-5.995046,0,,3,,CAB,,,,,,,,,,,,,,PT,,,OL,9/12/2025
dataflow,IMF.RES:WEO(9.0.0),R,BRB,BCA_NGDPD,A,2029,-5.481558,0,,3,,CAB,,,,,,,,,,,,,,PT,,,OL,9/12/2025
dataflow,IMF.RES:WEO(9.0.0),R,BRB,BCA_NGDPD,A,2030,-5.152565,0,,3,,CAB,,,,,,,,,,,,,,PT,,,OL,9/12/2025
dataflow,IMF.RES:WEO(9.0.0),R,BRB,BCA_NGDPD,A,2031,-5.2144,0,,3,,CAB,,,,,,,,,,,,,,PT,,,OL,9/12/2025
dataflow,IMF.RES:WEO(9.0.0),R,BRB,GGR,A,2026,4489786000,9,,3,,,,G1,,,,,S13,,,,,,,XDC,,,OL,9/12/2025
dataflow,IMF.RES:WEO(9.0.0),R,BRB,GGR,A,2027,4733493000,9,,3,,,,G1,,,,,S13,,,,,,,XDC,,,OL,9/12/2025
dataflow,IMF.RES:WEO(9.0.0),R,BRB,GGR,A,2028,4952747000,9,,3,,,,G1,,,,,S13,,,,,,,XDC,,,OL,9/12/2025
dataflow,IMF.RES:WEO(9.0.0),R,BRB,GGR,A,2029,5183327000,9,,3,,,,G1,,,,,S13,,,,,,,XDC,,,OL,9/12/2025
dataflow,IMF.RES:WEO(9.0.0),R,BRB,GGR,A,2030,5420582000,9,,3,,,,G1,,,,,S13,,,,,,,XDC,,,OL,9/12/2025
dataflow,IMF.RES:WEO(9.0.0),R,BRB,GGR,A,2031,5672671000,9,,3,,,,G1,,,,,S13,,,,,,,XDC,,,OL,9/12/2025
dataflow,IMF.RES:WEO(9.0.0),R,BRB,GGR_NGDP,A,2026,26.120193,0,,3,,,,G1,,,,,S13,,,,,,,PT,,,OL,9/12/2025
dataflow,IMF.RES:WEO(9.0.0),R,BRB,GGR_NGDP,A,2027,26.157757,0,,3,,,,G1,,,,,S13,,,,,,,PT,,,OL,9/12/2025
dataflow,IMF.RES:WEO(9.0.0),R,BRB,GGR_NGDP,A,2028,26.158583,0,,3,,,,G1,,,,,S13,,,,,,,PT,,,OL,9/12/2025
dataflow,IMF.RES:WEO(9.0.0),R,BRB,GGR_NGDP,A,2029,26.172005,0,,3,,,,G1,,,,,S13,,,,,,,PT,,,OL,9/12/2025
dataflow,IMF.RES:WEO(9.0.0),R,BRB,GGR_NGDP,A,2030,26.162352,0,,3,,,,G1,,,,,S13,,,,,,,PT,,,OL,9/12/2025
dataflow,IMF.RES:WEO(9.0.0),R,BRB,GGR_NGDP,A,2031,26.162352,0,,3,,,,G1,,,,,S13,,,,,,,PT,,,OL,9/12/2025
dataflow,IMF.RES:WEO(9.0.0),R,BRB,GGSB,A,2026,-9836000,9,,3,,,,SB,,,,,S13,,,,,,,XDC,,,OL,9/12/2025
dataflow,IMF.RES:WEO(9.0.0),R,BRB,GGSB,A,2027,30283000,9,,3,,,,SB,,,,,S13,,,,,,,XDC,,,OL,9/12/2025
dataflow,IMF.RES:WEO(9.0.0),R,BRB,GGSB,A,2028,25833000,9,,3,,,,SB,,,,,S13,,,,,,,XDC,,,OL,9/12/2025
dataflow,IMF.RES:WEO(9.0.0),R,BRB,GGSB,A,2029,57190000,9,,3,,,,SB,,,,,S13,,,,,,,XDC,,,OL,9/12/2025
dataflow,IMF.RES:WEO(9.0.0),R,BRB,GGSB,A,2030,80654000,9,,3,,,,SB,,,,,S13,,,,,,,XDC,,,OL,9/12/2025
dataflow,IMF.RES:WEO(9.0.0),R,BRB,GGSB,A,2031,130918000,9,,3,,,,SB,,,,,S13,,,,,,,XDC,,,OL,9/12/2025
dataflow,IMF.RES:WEO(9.0.0),R,BRB,GGSB_NPGDP,A,2026,-0.059939,0,,3,,,,SB,,,,,S13,,,,,,,PT,,,OL,9/12/2025
dataflow,IMF.RES:WEO(9.0.0),R,BRB,GGSB_NPGDP,A,2027,0.177347,0,,3,,,,SB,,,,,S13,,,,,,,PT,,,OL,9/12/2025
dataflow,IMF.RES:WEO(9.0.0),R,BRB,GGSB_NPGDP,A,2028,0.145445,0,,3,,,,SB,,,,,S13,,,,,,,PT,,,OL,9/12/2025
dataflow,IMF.RES:WEO(9.0.0),R,BRB,GGSB_NPGDP,A,2029,0.309765,0,,3,,,,SB,,,,,S13,,,,,,,PT,,,OL,9/12/2025
dataflow,IMF.RES:WEO(9.0.0),R,BRB,GGSB_NPGDP,A,2030,0.420576,0,,3,,,,SB,,,,,S13,,,,,,,PT,,,OL,9/12/2025
dataflow,IMF.RES:WEO(9.0.0),R,BRB,GGSB_NPGDP,A,2031,0.657821,0,,3,,,,SB,,,,,S13,,,,,,,PT,,,OL,9/12/2025
dataflow,IMF.RES:WEO(9.0.0),R,BRB,GGX,A,2026,4499622000,9,,3,,,,G2M,,,,,S13,,,,,,,XDC,,,OL,9/12/2025
dataflow,IMF.RES:WEO(9.0.0),R,BRB,GGX,A,2027,4703209000,9,,3,,,,G2M,,,,,S13,,,,,,,XDC,,,OL,9/12/2025
dataflow,IMF.RES:WEO(9.0.0),R,BRB,GGX,A,2028,4926914000,9,,3,,,,G2M,,,,,S13,,,,,,,XDC,,,OL,9/12/2025
dataflow,IMF.RES:WEO(9.0.0),R,BRB,GGX,A,2029,5126136000,9,,3,,,,G2M,,,,,S13,,,,,,,XDC,,,OL,9/12/2025
dataflow,IMF.RES:WEO(9.0.0),R,BRB,GGX,A,2030,5339928000,9,,3,,,,G2M,,,,,S13,,,,,,,XDC,,,OL,9/12/2025
dataflow,IMF.RES:WEO(9.0.0),R,BRB,GGX,A,2031,5541753000,9,,3,,,,G2M,,,,,S13,,,,,,,XDC,,,OL,9/12/2025
dataflow,IMF.RES:WEO(9.0.0),R,BRB,GGXCNL,A,2026,-9836000,9,,3,,,,GNLB,,,,,S13,,,,,,,XDC,,,OL,9/12/2025
dataflow,IMF.RES:WEO(9.0.0),R,BRB,GGXCNL,A,2027,30283000,9,,3,,,,GNLB,,,,,S13,,,,,,,XDC,,,OL,9/12/2025
dataflow,IMF.RES:WEO(9.0.0),R,BRB,GGXCNL,A,2028,25833000,9,,3,,,,GNLB,,,,,S13,,,,,,,XDC,,,OL,9/12/2025
dataflow,IMF.RES:WEO(9.0.0),R,BRB,GGXCNL,A,2029,57190000,9,,3,,,,GNLB,,,,,S13,,,,,,,XDC,,,OL,9/12/2025
dataflow,IMF.RES:WEO(9.0.0),R,BRB,GGXCNL,A,2030,80654000,9,,3,,,,GNLB,,,,,S13,,,,,,,XDC,,,OL,9/12/2025
dataflow,IMF.RES:WEO(9.0.0),R,BRB,GGXCNL,A,2031,130918000,9,,3,,,,GNLB,,,,,S13,,,,,,,XDC,,,OL,9/12/2025
dataflow,IMF.RES:WEO(9.0.0),R,BRB,GGXCNL_NGDP,A,2026,-0.057223,0,,3,,,,GNLB,,,,,S13,,,,,,,PT,,,OL,9/12/2025
dataflow,IMF.RES:WEO(9.0.0),R,BRB,GGXCNL_NGDP,A,2027,0.167349,0,,3,,,,GNLB,,,,,S13,,,,,,,PT,,,OL,9/12/2025
dataflow,IMF.RES:WEO(9.0.0),R,BRB,GGXCNL_NGDP,A,2028,0.136438,0,,3,,,,GNLB,,,,,S13,,,,,,,PT,,,OL,9/12/2025
dataflow,IMF.RES:WEO(9.0.0),R,BRB,GGXCNL_NGDP,A,2029,0.288769,0,,3,,,,GNLB,,,,,S13,,,,,,,PT,,,OL,9/12/2025
dataflow,IMF.RES:WEO(9.0.0),R,BRB,GGXCNL_NGDP,A,2030,0.389277,0,,3,,,,GNLB,,,,,S13,,,,,,,PT,,,OL,9/12/2025
dataflow,IMF.RES:WEO(9.0.0),R,BRB,GGXCNL_NGDP,A,2031,0.603796,0,,3,,,,GNLB,,,,,S13,,,,,,,PT,,,OL,9/12/2025
dataflow,IMF.RES:WEO(9.0.0),R,BRB,GGXONLB,A,2026,708625000,9,,3,,,,GPB,,,,,S13,,,,,,,XDC,,,OL,9/12/2025
dataflow,IMF.RES:WEO(9.0.0),R,BRB,GGXONLB,A,2027,742809000,9,,3,,,,GPB,,,,,S13,,,,,,,XDC,,,OL,9/12/2025
dataflow,IMF.RES:WEO(9.0.0),R,BRB,GGXONLB,A,2028,781115000,9,,3,,,,GPB,,,,,S13,,,,,,,XDC,,,OL,9/12/2025
dataflow,IMF.RES:WEO(9.0.0),R,BRB,GGXONLB,A,2029,817851000,9,,3,,,,GPB,,,,,S13,,,,,,,XDC,,,OL,9/12/2025
dataflow,IMF.RES:WEO(9.0.0),R,BRB,GGXONLB,A,2030,847999000,9,,3,,,,GPB,,,,,S13,,,,,,,XDC,,,OL,9/12/2025
dataflow,IMF.RES:WEO(9.0.0),R,BRB,GGXONLB,A,2031,899017000,9,,3,,,,GPB,,,,,S13,,,,,,,XDC,,,OL,9/12/2025
dataflow,IMF.RES:WEO(9.0.0),R,BRB,GGXONLB_NGDP,A,2026,4.122559,0,,3,,,,GPB,,,,,S13,,,,,,,PT,,,OL,9/12/2025
dataflow,IMF.RES:WEO(9.0.0),R,BRB,GGXONLB_NGDP,A,2027,4.104838,0,,3,,,,GPB,,,,,S13,,,,,,,PT,,,OL,9/12/2025
dataflow,IMF.RES:WEO(9.0.0),R,BRB,GGXONLB_NGDP,A,2028,4.125563,0,,3,,,,GPB,,,,,S13,,,,,,,PT,,,OL,9/12/2025
dataflow,IMF.RES:WEO(9.0.0),R,BRB,GGXONLB_NGDP,A,2029,4.129549,0,,3,,,,GPB,,,,,S13,,,,,,,PT,,,OL,9/12/2025
dataflow,IMF.RES:WEO(9.0.0),R,BRB,GGXONLB_NGDP,A,2030,4.092855,0,,3,,,,GPB,,,,,S13,,,,,,,PT,,,OL,9/12/2025
dataflow,IMF.RES:WEO(9.0.0),R,BRB,GGXONLB_NGDP,A,2031,4.146263,0,,3,,,,GPB,,,,,S13,,,,,,,PT,,,OL,9/12/2025
dataflow,IMF.RES:WEO(9.0.0),R,BRB,GGXWDG,A,2026,15387414000,9,,3,,,,G63G,,,,,S13,,,,,,,XDC,,,OL,9/12/2025
dataflow,IMF.RES:WEO(9.0.0),R,BRB,GGXWDG,A,2027,15395679000,9,,3,,,,G63G,,,,,S13,,,,,,,XDC,,,OL,9/12/2025
dataflow,IMF.RES:WEO(9.0.0),R,BRB,GGXWDG,A,2028,15368395000,9,,3,,,,G63G,,,,,S13,,,,,,,XDC,,,OL,9/12/2025
dataflow,IMF.RES:WEO(9.0.0),R,BRB,GGXWDG,A,2029,15256076000,9,,3,,,,G63G,,,,,S13,,,,,,,XDC,,,OL,9/12/2025
dataflow,IMF.RES:WEO(9.0.0),R,BRB,GGXWDG,A,2030,15145422000,9,,3,,,,G63G,,,,,S13,,,,,,,XDC,,,OL,9/12/2025
dataflow,IMF.RES:WEO(9.0.0),R,BRB,GGXWDG,A,2031,14984504000,9,,3,,,,G63G,,,,,S13,,,,,,,XDC,,,OL,9/12/2025
dataflow,IMF.RES:WEO(9.0.0),R,BRB,GGXWDG_NGDP,A,2026,89.519229,0,,3,,,,G63G,,,,,S13,,,,,,,PT,,,OL,9/12/2025
dataflow,IMF.RES:WEO(9.0.0),R,BRB,GGXWDG_NGDP,A,2027,85.078074,0,,3,,,,G63G,,,,,S13,,,,,,,PT,,,OL,9/12/2025
dataflow,IMF.RES:WEO(9.0.0),R,BRB,GGXWDG_NGDP,A,2028,81.170194,0,,3,,,,G63G,,,,,S13,,,,,,,PT,,,OL,9/12/2025
dataflow,IMF.RES:WEO(9.0.0),R,BRB,GGXWDG_NGDP,A,2029,77.032017,0,,3,,,,G63G,,,,,S13,,,,,,,PT,,,OL,9/12/2025
dataflow,IMF.RES:WEO(9.0.0),R,BRB,GGXWDG_NGDP,A,2030,73.099135,0,,3,,,,G63G,,,,,S13,,,,,,,PT,,,OL,9/12/2025
dataflow,IMF.RES:WEO(9.0.0),R,BRB,GGXWDG_NGDP,A,2031,69.108512,0,,3,,,,G63G,,,,,S13,,,,,,,PT,,,OL,9/12/2025
dataflow,IMF.RES:WEO(9.0.0),R,BRB,GGXWDN,A,2026,15270594000,9,,3,,,,G63N,,,,,S13,,,,,,,XDC,,,OL,9/12/2025
dataflow,IMF.RES:WEO(9.0.0),R,BRB,GGXWDN,A,2027,15278859000,9,,3,,,,G63N,,,,,S13,,,,,,,XDC,,,OL,9/12/2025
dataflow,IMF.RES:WEO(9.0.0),R,BRB,GGXWDN,A,2028,15251575000,9,,3,,,,G63N,,,,,S13,,,,,,,XDC,,,OL,9/12/2025
dataflow,IMF.RES:WEO(9.0.0),R,BRB,GGXWDN,A,2029,15139257000,9,,3,,,,G63N,,,,,S13,,,,,,,XDC,,,OL,9/12/2025
dataflow,IMF.RES:WEO(9.0.0),R,BRB,GGXWDN,A,2030,15028602000,9,,3,,,,G63N,,,,,S13,,,,,,,XDC,,,OL,9/12/2025
dataflow,IMF.RES:WEO(9.0.0),R,BRB,GGXWDN,A,2031,14867684000,9,,3,,,,G63N,,,,,S13,,,,,,,XDC,,,OL,9/12/2025
dataflow,IMF.RES:WEO(9.0.0),R,BRB,GGXWDN_NGDP,A,2026,88.839609,0,,3,,,,G63N,,,,,S13,,,,,,,PT,,,OL,9/12/2025
dataflow,IMF.RES:WEO(9.0.0),R,BRB,GGXWDN_NGDP,A,2027,84.432518,0,,3,,,,G63N,,,,,S13,,,,,,,PT,,,OL,9/12/2025
dataflow,IMF.RES:WEO(9.0.0),R,BRB,GGXWDN_NGDP,A,2028,80.553197,0,,3,,,,G63N,,,,,S13,,,,,,,PT,,,OL,9/12/2025
dataflow,IMF.RES:WEO(9.0.0),R,BRB,GGXWDN_NGDP,A,2029,76.442164,0,,3,,,,G63N,,,,,S13,,,,,,,PT,,,OL,9/12/2025
dataflow,IMF.RES:WEO(9.0.0),R,BRB,GGXWDN_NGDP,A,2030,72.535307,0,,3,,,,G63N,,,,,S13,,,,,,,PT,,,OL,9/12/2025
dataflow,IMF.RES:WEO(9.0.0),R,BRB,GGXWDN_NGDP,A,2031,68.56974,0,,3,,,,G63N,,,,,S13,,,,,,,PT,,,OL,9/12/2025
dataflow,IMF.RES:WEO(9.0.0),R,BRB,GGX_NGDP,A,2026,26.177416,0,,3,,,,G2M,,,,,S13,,,,,,,PT,,,OL,9/12/2025
dataflow,IMF.RES:WEO(9.0.0),R,BRB,GGX_NGDP,A,2027,25.990408,0,,3,,,,G2M,,,,,S13,,,,,,,PT,,,OL,9/12/2025
dataflow,IMF.RES:WEO(9.0.0),R,BRB,GGX_NGDP,A,2028,26.022145,0,,3,,,,G2M,,,,,S13,,,,,,,PT,,,OL,9/12/2025
dataflow,IMF.RES:WEO(9.0.0),R,BRB,GGX_NGDP,A,2029,25.883236,0,,3,,,,G2M,,,,,S13,,,,,,,PT,,,OL,9/12/2025
dataflow,IMF.RES:WEO(9.0.0),R,BRB,GGX_NGDP,A,2030,25.773075,0,,3,,,,G2M,,,,,S13,,,,,,,PT,,,OL,9/12/2025
dataflow,IMF.RES:WEO(9.0.0),R,BRB,GGX_NGDP,A,2031,25.558556,0,,3,,,,G2M,,,,,S13,,,,,,,PT,,,OL,9/12/2025
dataflow,IMF.RES:WEO(9.0.0),R,BRB,LP,A,2026,292309,6,,3,,,,,,,,POP,,,,,,,,,,,OL,9/12/2025
dataflow,IMF.RES:WEO(9.0.0),R,BRB,LP,A,2027,293051,6,,3,,,,,,,,POP,,,,,,,,,,,OL,9/12/2025
dataflow,IMF.RES:WEO(9.0.0),R,BRB,LP,A,2028,293794,6,,3,,,,,,,,POP,,,,,,,,,,,OL,9/12/2025
dataflow,IMF.RES:WEO(9.0.0),R,BRB,LP,A,2029,294539,6,,3,,,,,,,,POP,,,,,,,,,,,OL,9/12/2025
dataflow,IMF.RES:WEO(9.0.0),R,BRB,LP,A,2030,295287,6,,3,,,,,,,,POP,,,,,,,,,,,OL,9/12/2025
dataflow,IMF.RES:WEO(9.0.0),R,BRB,LP,A,2031,296036,6,,3,,,,,,,,POP,,,,,,,,,,,OL,9/12/2025
dataflow,IMF.RES:WEO(9.0.0),R,BRB,LUR,A,2026,6.830879,0,,3,,,,,,,,U,,,,,RT,,,,,,OL,9/12/2025
dataflow,IMF.RES:WEO(9.0.0),R,BRB,LUR,A,2027,6.787377,0,,3,,,,,,,,U,,,,,RT,,,,,,OL,9/12/2025
dataflow,IMF.RES:WEO(9.0.0),R,BRB,LUR,A,2028,6.816714,0,,3,,,,,,,,U,,,,,RT,,,,,,OL,9/12/2025
dataflow,IMF.RES:WEO(9.0.0),R,BRB,LUR,A,2029,6.84605,0,,3,,,,,,,,U,,,,,RT,,,,,,OL,9/12/2025
dataflow,IMF.RES:WEO(9.0.0),R,BRB,LUR,A,2030,6.775386,0,,3,,,,,,,,U,,,,,RT,,,,,,OL,9/12/2025
dataflow,IMF.RES:WEO(9.0.0),R,BRB,LUR,A,2031,6.804723,0,,3,,,,,,,,U,,,,,RT,,,,,,OL,9/12/2025
dataflow,IMF.RES:WEO(9.0.0),R,BRB,NGDP,A,2026,16965383000,9,,3,,,B1GQ,,,,,,,,,V,,,,XDC,,,OL,9/12/2025
dataflow,IMF.RES:WEO(9.0.0),R,BRB,NGDP,A,2027,17909021000,9,,3,,,B1GQ,,,,,,,,,V,,,,XDC,,,OL,9/12/2025
dataflow,IMF.RES:WEO(9.0.0),R,BRB,NGDP,A,2028,18749097000,9,,3,,,B1GQ,,,,,,,,,V,,,,XDC,,,OL,9/12/2025
dataflow,IMF.RES:WEO(9.0.0),R,BRB,NGDP,A,2029,19621418000,9,,3,,,B1GQ,,,,,,,,,V,,,,XDC,,,OL,9/12/2025
dataflow,IMF.RES:WEO(9.0.0),R,BRB,NGDP,A,2030,20535389000,9,,3,,,B1GQ,,,,,,,,,V,,,,XDC,,,OL,9/12/2025
dataflow,IMF.RES:WEO(9.0.0),R,BRB,NGDP,A,2031,21500278000,9,,3,,,B1GQ,,,,,,,,,V,,,,XDC,,,OL,9/12/2025
dataflow,IMF.RES:WEO(9.0.0),R,BRB,NGDPD,A,2026,8482692000,9,,3,,,B1GQ,,,,,,,,,V,,,,USD,,,OL,9/12/2025
dataflow,IMF.RES:WEO(9.0.0),R,BRB,NGDPD,A,2027,8954510000,9,,3,,,B1GQ,,,,,,,,,V,,,,USD,,,OL,9/12/2025
dataflow,IMF.RES:WEO(9.0.0),R,BRB,NGDPD,A,2028,9374549000,9,,3,,,B1GQ,,,,,,,,,V,,,,USD,,,OL,9/12/2025
dataflow,IMF.RES:WEO(9.0.0),R,BRB,NGDPD,A,2029,9810709000,9,,3,,,B1GQ,,,,,,,,,V,,,,USD,,,OL,9/12/2025
dataflow,IMF.RES:WEO(9.0.0),R,BRB,NGDPD,A,2030,10267694000,9,,3,,,B1GQ,,,,,,,,,V,,,,USD,,,OL,9/12/2025
dataflow,IMF.RES:WEO(9.0.0),R,BRB,NGDPD,A,2031,10750139000,9,,3,,,B1GQ,,,,,,,,,V,,,,USD,,,OL,9/12/2025
dataflow,IMF.RES:WEO(9.0.0),R,BRB,NGDPDPC,A,2026,29019.594862,0,,3,,,B1GQ,,,,,,,,,V,,,,USD,,,OL,9/12/2025
dataflow,IMF.RES:WEO(9.0.0),R,BRB,NGDPDPC,A,2027,30556.186652,0,,3,,,B1GQ,,,,,,,,,V,,,,USD,,,OL,9/12/2025
dataflow,IMF.RES:WEO(9.0.0),R,BRB,NGDPDPC,A,2028,31908.568333,0,,3,,,B1GQ,,,,,,,,,V,,,,USD,,,OL,9/12/2025
dataflow,IMF.RES:WEO(9.0.0),R,BRB,NGDPDPC,A,2029,33308.647316,0,,3,,,B1GQ,,,,,,,,,V,,,,USD,,,OL,9/12/2025
dataflow,IMF.RES:WEO(9.0.0),R,BRB,NGDPDPC,A,2030,34771.959817,0,,3,,,B1GQ,,,,,,,,,V,,,,USD,,,OL,9/12/2025
dataflow,IMF.RES:WEO(9.0.0),R,BRB,NGDPDPC,A,2031,36313.655698,0,,3,,,B1GQ,,,,,,,,,V,,,,USD,,,OL,9/12/2025
dataflow,IMF.RES:WEO(9.0.0),R,BRB,NGDPPC,A,2026,58039.189724,0,,3,,,B1GQ,,,,,,,,,V,,,,XDC,,,OL,9/12/2025
dataflow,IMF.RES:WEO(9.0.0),R,BRB,NGDPPC,A,2027,61112.373304,0,,3,,,B1GQ,,,,,,,,,V,,,,XDC,,,OL,9/12/2025
dataflow,IMF.RES:WEO(9.0.0),R,BRB,NGDPPC,A,2028,63817.136665,0,,3,,,B1GQ,,,,,,,,,V,,,,XDC,,,OL,9/12/2025
dataflow,IMF.RES:WEO(9.0.0),R,BRB,NGDPPC,A,2029,66617.294633,0,,3,,,B1GQ,,,,,,,,,V,,,,XDC,,,OL,9/12/2025
dataflow,IMF.RES:WEO(9.0.0),R,BRB,NGDPPC,A,2030,69543.919634,0,,3,,,B1GQ,,,,,,,,,V,,,,XDC,,,OL,9/12/2025
dataflow,IMF.RES:WEO(9.0.0),R,BRB,NGDPPC,A,2031,72627.311395,0,,3,,,B1GQ,,,,,,,,,V,,,,XDC,,,OL,9/12/2025
dataflow,IMF.RES:WEO(9.0.0),R,BRB,NGDPRPC,A,2026,53781.32469,0,,3,,,B1GQ,,,,,,,,,Q,,,,XDC,,,OL,9/12/2025
dataflow,IMF.RES:WEO(9.0.0),R,BRB,NGDPRPC,A,2027,54840.493872,0,,3,,,B1GQ,,,,,,,,,Q,,,,XDC,,,OL,9/12/2025
dataflow,IMF.RES:WEO(9.0.0),R,BRB,NGDPRPC,A,2028,55795.756738,0,,3,,,B1GQ,,,,,,,,,Q,,,,XDC,,,OL,9/12/2025
dataflow,IMF.RES:WEO(9.0.0),R,BRB,NGDPRPC,A,2029,56767.659263,0,,3,,,B1GQ,,,,,,,,,Q,,,,XDC,,,OL,9/12/2025
dataflow,IMF.RES:WEO(9.0.0),R,BRB,NGDPRPC,A,2030,57756.491293,0,,3,,,B1GQ,,,,,,,,,Q,,,,XDC,,,OL,9/12/2025
dataflow,IMF.RES:WEO(9.0.0),R,BRB,NGDPRPC,A,2031,58762.547721,0,,3,,,B1GQ,,,,,,,,,Q,,,,XDC,,,OL,9/12/2025
dataflow,IMF.RES:WEO(9.0.0),R,BRB,NGDPRPPPPC,A,2026,21930.772852,0,,3,,,B1GQ,,,,,,,,,Q,,,,,,,OL,9/12/2025
dataflow,IMF.RES:WEO(9.0.0),R,BRB,NGDPRPPPPC,A,2027,22362.6774,0,,3,,,B1GQ,,,,,,,,,Q,,,,,,,OL,9/12/2025
dataflow,IMF.RES:WEO(9.0.0),R,BRB,NGDPRPPPPC,A,2028,22752.21137,0,,3,,,B1GQ,,,,,,,,,Q,,,,,,,OL,9/12/2025
dataflow,IMF.RES:WEO(9.0.0),R,BRB,NGDPRPPPPC,A,2029,23148.530606,0,,3,,,B1GQ,,,,,,,,,Q,,,,,,,OL,9/12/2025
dataflow,IMF.RES:WEO(9.0.0),R,BRB,NGDPRPPPPC,A,2030,23551.7533,0,,3,,,B1GQ,,,,,,,,,Q,,,,,,,OL,9/12/2025
dataflow,IMF.RES:WEO(9.0.0),R,BRB,NGDPRPPPPC,A,2031,23961.999703,0,,3,,,B1GQ,,,,,,,,,Q,,,,,,,OL,9/12/2025
dataflow,IMF.RES:WEO(9.0.0),R,BRB,NGDP_D,A,2026,107.916995,0,,3,,,B1GQ,,,,,,,,PD,,,,,IX,,,OL,9/12/2025
dataflow,IMF.RES:WEO(9.0.0),R,BRB,NGDP_D,A,2027,111.436585,0,,3,,,B1GQ,,,,,,,,PD,,,,,IX,,,OL,9/12/2025
dataflow,IMF.RES:WEO(9.0.0),R,BRB,NGDP_D,A,2028,114.376326,0,,3,,,B1GQ,,,,,,,,PD,,,,,IX,,,OL,9/12/2025
dataflow,IMF.RES:WEO(9.0.0),R,BRB,NGDP_D,A,2029,117.350787,0,,3,,,B1GQ,,,,,,,,PD,,,,,IX,,,OL,9/12/2025
dataflow,IMF.RES:WEO(9.0.0),R,BRB,NGDP_D,A,2030,120.408837,0,,3,,,B1GQ,,,,,,,,PD,,,,,IX,,,OL,9/12/2025
dataflow,IMF.RES:WEO(9.0.0),R,BRB,NGDP_D,A,2031,123.594558,0,,3,,,B1GQ,,,,,,,,PD,,,,,IX,,,OL,9/12/2025
dataflow,IMF.RES:WEO(9.0.0),R,BRB,NGDP_FY,A,2026,17188948000,9,,3,,,B1GQ,,,,,,,,,V,,,,XDC,,,OL,9/12/2025
dataflow,IMF.RES:WEO(9.0.0),R,BRB,NGDP_FY,A,2027,18095942000,9,,3,,,B1GQ,,,,,,,,,V,,,,XDC,,,OL,9/12/2025
dataflow,IMF.RES:WEO(9.0.0),R,BRB,NGDP_FY,A,2028,18933545000,9,,3,,,B1GQ,,,,,,,,,V,,,,XDC,,,OL,9/12/2025
dataflow,IMF.RES:WEO(9.0.0),R,BRB,NGDP_FY,A,2029,19804851000,9,,3,,,B1GQ,,,,,,,,,V,,,,XDC,,,OL,9/12/2025
dataflow,IMF.RES:WEO(9.0.0),R,BRB,NGDP_FY,A,2030,20719017000,9,,3,,,B1GQ,,,,,,,,,V,,,,XDC,,,OL,9/12/2025
dataflow,IMF.RES:WEO(9.0.0),R,BRB,NGDP_FY,A,2031,21682573000,9,,3,,,B1GQ,,,,,,,,,V,,,,XDC,,,OL,9/12/2025
dataflow,IMF.RES:WEO(9.0.0),R,BRB,NGDP_R,A,2026,15720771000,9,,3,,,B1GQ,,,,,,,,,Q,,,,XDC,,,OL,9/12/2025
dataflow,IMF.RES:WEO(9.0.0),R,BRB,NGDP_R,A,2027,16071042000,9,,3,,,B1GQ,,,,,,,,,Q,,,,XDC,,,OL,9/12/2025
dataflow,IMF.RES:WEO(9.0.0),R,BRB,NGDP_R,A,2028,16392463000,9,,3,,,B1GQ,,,,,,,,,Q,,,,XDC,,,OL,9/12/2025
dataflow,IMF.RES:WEO(9.0.0),R,BRB,NGDP_R,A,2029,16720313000,9,,3,,,B1GQ,,,,,,,,,Q,,,,XDC,,,OL,9/12/2025
dataflow,IMF.RES:WEO(9.0.0),R,BRB,NGDP_R,A,2030,17054719000,9,,3,,,B1GQ,,,,,,,,,Q,,,,XDC,,,OL,9/12/2025
dataflow,IMF.RES:WEO(9.0.0),R,BRB,NGDP_R,A,2031,17395813000,9,,3,,,B1GQ,,,,,,,,,Q,,,,XDC,,,OL,9/12/2025
dataflow,IMF.RES:WEO(9.0.0),R,BRB,NGDP_RPCH,A,2026,2.465414,0,,3,,,B1GQ,,,,,,,,,Q,,,,PT,,,OL,9/12/2025
dataflow,IMF.RES:WEO(9.0.0),R,BRB,NGDP_RPCH,A,2027,2.228083,0,,3,,,B1GQ,,,,,,,,,Q,,,,PT,,,OL,9/12/2025
dataflow,IMF.RES:WEO(9.0.0),R,BRB,NGDP_RPCH,A,2028,2,0,,3,,,B1GQ,,,,,,,,,Q,,,,PT,,,OL,9/12/2025
dataflow,IMF.RES:WEO(9.0.0),R,BRB,NGDP_RPCH,A,2029,2,0,,3,,,B1GQ,,,,,,,,,Q,,,,PT,,,OL,9/12/2025
dataflow,IMF.RES:WEO(9.0.0),R,BRB,NGDP_RPCH,A,2030,2,0,,3,,,B1GQ,,,,,,,,,Q,,,,PT,,,OL,9/12/2025
dataflow,IMF.RES:WEO(9.0.0),R,BRB,NGDP_RPCH,A,2031,2,0,,3,,,B1GQ,,,,,,,,,Q,,,,PT,,,OL,9/12/2025
dataflow,IMF.RES:WEO(9.0.0),R,BRB,NGSD_NGDP,A,2026,11.19892,0,,3,,,B8GNAT,,,,,,,,,,,,,PT,,,OL,9/12/2025
dataflow,IMF.RES:WEO(9.0.0),R,BRB,NGSD_NGDP,A,2027,11.728401,0,,3,,,B8GNAT,,,,,,,,,,,,,PT,,,OL,9/12/2025
dataflow,IMF.RES:WEO(9.0.0),R,BRB,NGSD_NGDP,A,2028,12.527147,0,,3,,,B8GNAT,,,,,,,,,,,,,PT,,,OL,9/12/2025
dataflow,IMF.RES:WEO(9.0.0),R,BRB,NGSD_NGDP,A,2029,13.112244,0,,3,,,B8GNAT,,,,,,,,,,,,,PT,,,OL,9/12/2025
dataflow,IMF.RES:WEO(9.0.0),R,BRB,NGSD_NGDP,A,2030,13.506976,0,,3,,,B8GNAT,,,,,,,,,,,,,PT,,,OL,9/12/2025
dataflow,IMF.RES:WEO(9.0.0),R,BRB,NGSD_NGDP,A,2031,13.482726,0,,3,,,B8GNAT,,,,,,,,,,,,,PT,,,OL,9/12/2025
dataflow,IMF.RES:WEO(9.0.0),R,BRB,NID_NGDP,A,2026,18.179665,0,,3,,,P5,,,,,,,,,,,,,PT,,,OL,9/12/2025
dataflow,IMF.RES:WEO(9.0.0),R,BRB,NID_NGDP,A,2027,18.327717,0,,3,,,P5,,,,,,,,,,,,,PT,,,OL,9/12/2025
dataflow,IMF.RES:WEO(9.0.0),R,BRB,NID_NGDP,A,2028,18.522194,0,,3,,,P5,,,,,,,,,,,,,PT,,,OL,9/12/2025
dataflow,IMF.RES:WEO(9.0.0),R,BRB,NID_NGDP,A,2029,18.593803,0,,3,,,P5,,,,,,,,,,,,,PT,,,OL,9/12/2025
dataflow,IMF.RES:WEO(9.0.0),R,BRB,NID_NGDP,A,2030,18.659541,0,,3,,,P5,,,,,,,,,,,,,PT,,,OL,9/12/2025
dataflow,IMF.RES:WEO(9.0.0),R,BRB,NID_NGDP,A,2031,18.697126,0,,3,,,P5,,,,,,,,,,,,,PT,,,OL,9/12/2025
dataflow,IMF.RES:WEO(9.0.0),R,BRB,PCPI,A,2026,115.660396,0,,3,,,,,,,,,,,CPI,,,,,IX,,,OL,9/12/2025
dataflow,IMF.RES:WEO(9.0.0),R,BRB,PCPI,A,2027,118.17515,0,,3,,,,,,,,,,,CPI,,,,,IX,,,OL,9/12/2025
dataflow,IMF.RES:WEO(9.0.0),R,BRB,PCPI,A,2028,120.773073,0,,3,,,,,,,,,,,CPI,,,,,IX,,,OL,9/12/2025
dataflow,IMF.RES:WEO(9.0.0),R,BRB,PCPI,A,2029,123.628358,0,,3,,,,,,,,,,,CPI,,,,,IX,,,OL,9/12/2025
dataflow,IMF.RES:WEO(9.0.0),R,BRB,PCPI,A,2030,126.55712,0,,3,,,,,,,,,,,CPI,,,,,IX,,,OL,9/12/2025
dataflow,IMF.RES:WEO(9.0.0),R,BRB,PCPI,A,2031,129.601111,0,,3,,,,,,,,,,,CPI,,,,,IX,,,OL,9/12/2025
dataflow,IMF.RES:WEO(9.0.0),R,BRB,PCPIE,A,2026,116.827056,0,,3,,,,,,,,,,,CPI,,,,,IX,,,OL,9/12/2025
dataflow,IMF.RES:WEO(9.0.0),R,BRB,PCPIE,A,2027,119.130938,0,,3,,,,,,,,,,,CPI,,,,,IX,,,OL,9/12/2025
dataflow,IMF.RES:WEO(9.0.0),R,BRB,PCPIE,A,2028,121.906208,0,,3,,,,,,,,,,,CPI,,,,,IX,,,OL,9/12/2025
dataflow,IMF.RES:WEO(9.0.0),R,BRB,PCPIE,A,2029,124.78702,0,,3,,,,,,,,,,,CPI,,,,,IX,,,OL,9/12/2025
dataflow,IMF.RES:WEO(9.0.0),R,BRB,PCPIE,A,2030,127.766512,0,,3,,,,,,,,,,,CPI,,,,,IX,,,OL,9/12/2025
dataflow,IMF.RES:WEO(9.0.0),R,BRB,PCPIE,A,2031,130.856693,0,,3,,,,,,,,,,,CPI,,,,,IX,,,OL,9/12/2025
dataflow,IMF.RES:WEO(9.0.0),R,BRB,PCPIEPCH,A,2026,2.659979,0,,3,,,,,,,,,,,CPI,,,,,PT,,,OL,9/12/2025
dataflow,IMF.RES:WEO(9.0.0),R,BRB,PCPIEPCH,A,2027,1.972045,0,,3,,,,,,,,,,,CPI,,,,,PT,,,OL,9/12/2025
dataflow,IMF.RES:WEO(9.0.0),R,BRB,PCPIEPCH,A,2028,2.329596,0,,3,,,,,,,,,,,CPI,,,,,PT,,,OL,9/12/2025
dataflow,IMF.RES:WEO(9.0.0),R,BRB,PCPIEPCH,A,2029,2.363139,0,,3,,,,,,,,,,,CPI,,,,,PT,,,OL,9/12/2025
dataflow,IMF.RES:WEO(9.0.0),R,BRB,PCPIEPCH,A,2030,2.387661,0,,3,,,,,,,,,,,CPI,,,,,PT,,,OL,9/12/2025
dataflow,IMF.RES:WEO(9.0.0),R,BRB,PCPIEPCH,A,2031,2.418616,0,,3,,,,,,,,,,,CPI,,,,,PT,,,OL,9/12/2025
dataflow,IMF.RES:WEO(9.0.0),R,BRB,PCPIPCH,A,2026,2.254303,0,,3,,,,,,,,,,,CPI,,,,,PT,,,OL,9/12/2025
dataflow,IMF.RES:WEO(9.0.0),R,BRB,PCPIPCH,A,2027,2.174257,0,,3,,,,,,,,,,,CPI,,,,,PT,,,OL,9/12/2025
dataflow,IMF.RES:WEO(9.0.0),R,BRB,PCPIPCH,A,2028,2.198367,0,,3,,,,,,,,,,,CPI,,,,,PT,,,OL,9/12/2025
dataflow,IMF.RES:WEO(9.0.0),R,BRB,PCPIPCH,A,2029,2.364174,0,,3,,,,,,,,,,,CPI,,,,,PT,,,OL,9/12/2025
dataflow,IMF.RES:WEO(9.0.0),R,BRB,PCPIPCH,A,2030,2.369005,0,,3,,,,,,,,,,,CPI,,,,,PT,,,OL,9/12/2025
dataflow,IMF.RES:WEO(9.0.0),R,BRB,PCPIPCH,A,2031,2.405231,0,,3,,,,,,,,,,,CPI,,,,,PT,,,OL,9/12/2025
dataflow,IMF.RES:WEO(9.0.0),R,BRB,PPPEX,A,2026,2.197776,0,,3,,,,,,,,,,,,,RT,XDC_PU,,,,,OL,9/12/2025
dataflow,IMF.RES:WEO(9.0.0),R,BRB,PPPEX,A,2027,2.22069,0,,3,,,,,,,,,,,,,RT,XDC_PU,,,,,OL,9/12/2025
dataflow,IMF.RES:WEO(9.0.0),R,BRB,PPPEX,A,2028,2.242465,0,,3,,,,,,,,,,,,,RT,XDC_PU,,,,,OL,9/12/2025
dataflow,IMF.RES:WEO(9.0.0),R,BRB,PPPEX,A,2029,2.260586,0,,3,,,,,,,,,,,,,RT,XDC_PU,,,,,OL,9/12/2025
dataflow,IMF.RES:WEO(9.0.0),R,BRB,PPPEX,A,2030,2.277643,0,,3,,,,,,,,,,,,,RT,XDC_PU,,,,,OL,9/12/2025
dataflow,IMF.RES:WEO(9.0.0),R,BRB,PPPEX,A,2031,2.296446,0,,3,,,,,,,,,,,,,RT,XDC_PU,,,,,OL,9/12/2025
dataflow,IMF.RES:WEO(9.0.0),R,BRB,PPPGDP,A,2026,7719342000,9,,3,,,B1GQ,,,,,,,,,V,,,,,,,OL,9/12/2025
dataflow,IMF.RES:WEO(9.0.0),R,BRB,PPPGDP,A,2027,8064621000,9,,3,,,B1GQ,,,,,,,,,V,,,,,,,OL,9/12/2025
dataflow,IMF.RES:WEO(9.0.0),R,BRB,PPPGDP,A,2028,8360933000,9,,3,,,B1GQ,,,,,,,,,V,,,,,,,OL,9/12/2025
dataflow,IMF.RES:WEO(9.0.0),R,BRB,PPPGDP,A,2029,8679792000,9,,3,,,B1GQ,,,,,,,,,V,,,,,,,OL,9/12/2025
dataflow,IMF.RES:WEO(9.0.0),R,BRB,PPPGDP,A,2030,9016071000,9,,3,,,B1GQ,,,,,,,,,V,,,,,,,OL,9/12/2025
dataflow,IMF.RES:WEO(9.0.0),R,BRB,PPPGDP,A,2031,9362415000,9,,3,,,B1GQ,,,,,,,,,V,,,,,,,OL,9/12/2025
dataflow,IMF.RES:WEO(9.0.0),R,BRB,PPPPC,A,2026,26408.14857,0,,3,,,B1GQ,,,,,,,,,,,,,,,,OL,9/12/2025
dataflow,IMF.RES:WEO(9.0.0),R,BRB,PPPPC,A,2027,27519.548098,0,,3,,,B1GQ,,,,,,,,,,,,,,,,OL,9/12/2025
dataflow,IMF.RES:WEO(9.0.0),R,BRB,PPPPC,A,2028,28458.480693,0,,3,,,B1GQ,,,,,,,,,,,,,,,,OL,9/12/2025
dataflow,IMF.RES:WEO(9.0.0),R,BRB,PPPPC,A,2029,29469.034103,0,,3,,,B1GQ,,,,,,,,,,,,,,,,OL,9/12/2025
dataflow,IMF.RES:WEO(9.0.0),R,BRB,PPPPC,A,2030,30533.287009,0,,3,,,B1GQ,,,,,,,,,,,,,,,,OL,9/12/2025
dataflow,IMF.RES:WEO(9.0.0),R,BRB,PPPPC,A,2031,31625.963883,0,,3,,,B1GQ,,,,,,,,,,,,,,,,OL,9/12/2025
dataflow,IMF.RES:WEO(9.0.0),R,BRB,PPPSH,A,2026,0.003465,0,,3,,,B1GQ,,,,,,,,,,,,,PT,,,OL,9/12/2025
dataflow,IMF.RES:WEO(9.0.0),R,BRB,PPPSH,A,2027,0.003433,0,,3,,,B1GQ,,,,,,,,,,,,,PT,,,OL,9/12/2025
dataflow,IMF.RES:WEO(9.0.0),R,BRB,PPPSH,A,2028,0.003393,0,,3,,,B1GQ,,,,,,,,,,,,,PT,,,OL,9/12/2025
dataflow,IMF.RES:WEO(9.0.0),R,BRB,PPPSH,A,2029,0.003356,0,,3,,,B1GQ,,,,,,,,,,,,,PT,,,OL,9/12/2025
dataflow,IMF.RES:WEO(9.0.0),R,BRB,PPPSH,A,2030,0.003322,0,,3,,,B1GQ,,,,,,,,,,,,,PT,,,OL,9/12/2025
dataflow,IMF.RES:WEO(9.0.0),R,BRB,PPPSH,A,2031,0.003288,0,,3,,,B1GQ,,,,,,,,,,,,,PT,,,OL,9/12/2025
dataflow,IMF.RES:WEO(9.0.0),R,BRB,TMG_RPCH,A,2026,1.948684,0,,3,,,,,,MG,,,,,,VL,,,,PT,,,OL,9/12/2025
dataflow,IMF.RES:WEO(9.0.0),R,BRB,TMG_RPCH,A,2027,7.202891,0,,3,,,,,,MG,,,,,,VL,,,,PT,,,OL,9/12/2025
dataflow,IMF.RES:WEO(9.0.0),R,BRB,TMG_RPCH,A,2028,3.244307,0,,3,,,,,,MG,,,,,,VL,,,,PT,,,OL,9/12/2025
dataflow,IMF.RES:WEO(9.0.0),R,BRB,TMG_RPCH,A,2029,4.932901,0,,3,,,,,,MG,,,,,,VL,,,,PT,,,OL,9/12/2025
dataflow,IMF.RES:WEO(9.0.0),R,BRB,TMG_RPCH,A,2030,3.952803,0,,3,,,,,,MG,,,,,,VL,,,,PT,,,OL,9/12/2025
dataflow,IMF.RES:WEO(9.0.0),R,BRB,TMG_RPCH,A,2031,4.345639,0,,3,,,,,,MG,,,,,,VL,,,,PT,,,OL,9/12/2025
dataflow,IMF.RES:WEO(9.0.0),R,BRB,TM_RPCH,A,2026,1.330131,0,,3,,,,,,MGS,,,,,,VL,,,,PT,,,OL,9/12/2025
dataflow,IMF.RES:WEO(9.0.0),R,BRB,TM_RPCH,A,2027,6.203037,0,,3,,,,,,MGS,,,,,,VL,,,,PT,,,OL,9/12/2025
dataflow,IMF.RES:WEO(9.0.0),R,BRB,TM_RPCH,A,2028,3.464689,0,,3,,,,,,MGS,,,,,,VL,,,,PT,,,OL,9/12/2025
dataflow,IMF.RES:WEO(9.0.0),R,BRB,TM_RPCH,A,2029,4.940842,0,,3,,,,,,MGS,,,,,,VL,,,,PT,,,OL,9/12/2025
dataflow,IMF.RES:WEO(9.0.0),R,BRB,TM_RPCH,A,2030,3.775475,0,,3,,,,,,MGS,,,,,,VL,,,,PT,,,OL,9/12/2025
dataflow,IMF.RES:WEO(9.0.0),R,BRB,TM_RPCH,A,2031,4.354887,0,,3,,,,,,MGS,,,,,,VL,,,,PT,,,OL,9/12/2025
dataflow,IMF.RES:WEO(9.0.0),R,BRB,TXG_RPCH,A,2026,8.348415,0,,3,,,,,,XG,,,,,,VL,,,,PT,,,OL,9/12/2025
dataflow,IMF.RES:WEO(9.0.0),R,BRB,TXG_RPCH,A,2027,5.484424,0,,3,,,,,,XG,,,,,,VL,,,,PT,,,OL,9/12/2025
dataflow,IMF.RES:WEO(9.0.0),R,BRB,TXG_RPCH,A,2028,3.968509,0,,3,,,,,,XG,,,,,,VL,,,,PT,,,OL,9/12/2025
dataflow,IMF.RES:WEO(9.0.0),R,BRB,TXG_RPCH,A,2029,3.657819,0,,3,,,,,,XG,,,,,,VL,,,,PT,,,OL,9/12/2025
dataflow,IMF.RES:WEO(9.0.0),R,BRB,TXG_RPCH,A,2030,4.28119,0,,3,,,,,,XG,,,,,,VL,,,,PT,,,OL,9/12/2025
dataflow,IMF.RES:WEO(9.0.0),R,BRB,TXG_RPCH,A,2031,3.077343,0,,3,,,,,,XG,,,,,,VL,,,,PT,,,OL,9/12/2025
dataflow,IMF.RES:WEO(9.0.0),R,BRB,TX_RPCH,A,2026,5.928159,0,,3,,,,,,XGS,,,,,,VL,,,,PT,,,OL,9/12/2025
dataflow,IMF.RES:WEO(9.0.0),R,BRB,TX_RPCH,A,2027,6.105652,0,,3,,,,,,XGS,,,,,,VL,,,,PT,,,OL,9/12/2025
dataflow,IMF.RES:WEO(9.0.0),R,BRB,TX_RPCH,A,2028,4.272867,0,,3,,,,,,XGS,,,,,,VL,,,,PT,,,OL,9/12/2025
dataflow,IMF.RES:WEO(9.0.0),R,BRB,TX_RPCH,A,2029,5.278954,0,,3,,,,,,XGS,,,,,,VL,,,,PT,,,OL,9/12/2025
dataflow,IMF.RES:WEO(9.0.0),R,BRB,TX_RPCH,A,2030,3.994076,0,,3,,,,,,XGS,,,,,,VL,,,,PT,,,OL,9/12/2025
dataflow,IMF.RES:WEO(9.0.0),R,BRB,TX_RPCH,A,2031,3.553074,0,,3,,,,,,XGS,,,,,,VL,,,,PT,,,OL,9/12/2025