dataflow,IMF.RES:WEO(9.0.0),R,CHL,BCA,A,2026,-3136168000,9,,3,,CAB,,,,,,,,,,,,,,USD,,,OL,9/10/2025
dataflow,IMF.RES:WEO(9.0.0),R,CHL,BCA,A,2027,-7968919000,9,,3,,CAB,,,,,,,,,,,,,,USD,,,OL,9/10/2025
dataflow,IMF.RES:WEO(9.0.0),R,CHL,BCA,A,2028,-8833947000,9,,3,,CAB,,,,,,,,,,,,,,USD,,,OL,9/10/2025
dataflow,IMF.RES:WEO(9.0.0),R,CHL,BCA,A,2029,-9225036000,9,,3,,CAB,,,,,,,,,,,,,,USD,,,OL,9/10/2025
dataflow,IMF.RES:WEO(9.0.0),R,CHL,BCA,A,2030,-10678031000,9,,3,,CAB,,,,,,,,,,,,,,USD,,,OL,9/10/2025
dataflow,IMF.RES:WEO(9.0.0),R,CHL,BCA,A,2031,-12509000000,9,,3,,CAB,,,,,,,,,,,,,,USD,,,OL,9/10/2025
dataflow,IMF.RES:WEO(9.0.0),R,CHL,BCA_NGDPD,A,2026,-0.768951,0,,3,,CAB,,,,,,,,,,,,,,PT,,,OL,9/10/2025
dataflow,IMF.RES:WEO(9.0.0),R,CHL,BCA_NGDPD,A,2027,-1.836,0,,3,,CAB,,,,,,,,,,,,,,PT,,,OL,9/10/2025
dataflow,IMF.RES:WEO(9.0.0),R,CHL,BCA_NGDPD,A,2028,-1.941433,0,,3,,CAB,,,,,,,,,,,,,,PT,,,OL,9/10/2025
dataflow,IMF.RES:WEO(9.0.0),R,CHL,BCA_NGDPD,A,2029,-1.939568,0,,3,,CAB,,,,,,,,,,,,,,PT,,,OL,9/10/2025
dataflow,IMF.RES:WEO(9.0.0),R,CHL,BCA_NGDPD,A,2030,-2.149524,0,,3,,CAB,,,,,,,,,,,,,,PT,,,OL,9/10/2025
dataflow,IMF.RES:WEO(9.0.0),R,CHL,BCA_NGDPD,A,2031,-2.409801,0,,3,,CAB,,,,,,,,,,,,,,PT,,,OL,9/10/2025
dataflow,IMF.RES:WEO(9.0.0),R,CHL,GGR,A,2026,86290347802000,9,,3,,,,G1,,,,,S13,,,,,,,XDC,,,OL,9/10/2025
dataflow,IMF.RES:WEO(9.0.0),R,CHL,GGR,A,2027,92647100445000,9,,3,,,,G1,,,,,S13,,,,,,,XDC,,,OL,9/10/2025
dataflow,IMF.RES:WEO(9.0.0),R,CHL,GGR,A,2028,97273761215000,9,,3,,,,G1,,,,,S13,,,,,,,XDC,,,OL,9/10/2025
dataflow,IMF.RES:WEO(9.0.0),R,CHL,GGR,A,2029,101497202891000,9,,3,,,,G1,,,,,S13,,,,,,,XDC,,,OL,9/10/2025
dataflow,IMF.RES:WEO(9.0.0),R,CHL,GGR,A,2030,105941129549000,9,,3,,,,G1,,,,,S13,,,,,,,XDC,,,OL,9/10/2025
dataflow,IMF.RES:WEO(9.0.0),R,CHL,GGR,A,2031,112185556530000,9,,3,,,,G1,,,,,S13,,,,,,,XDC,,,OL,9/10/2025
dataflow,IMF.RES:WEO(9.0.0),R,CHL,GGR_NGDP,A,2026,23.596071,0,,3,,,,G1,,,,,S13,,,,,,,PT,,,OL,9/10/2025
dataflow,IMF.RES:WEO(9.0.0),R,CHL,GGR_NGDP,A,2027,24.395414,0,,3,,,,G1,,,,,S13,,,,,,,PT,,,OL,9/10/2025
dataflow,IMF.RES:WEO(9.0.0),R,CHL,GGR_NGDP,A,2028,24.236639,0,,3,,,,G1,,,,,S13,,,,,,,PT,,,OL,9/10/2025
dataflow,IMF.RES:WEO(9.0.0),R,CHL,GGR_NGDP,A,2029,24.001521,0,,3,,,,G1,,,,,S13,,,,,,,PT,,,OL,9/10/2025
dataflow,IMF.RES:WEO(9.0.0),R,CHL,GGR_NGDP,A,2030,23.796539,0,,3,,,,G1,,,,,S13,,,,,,,PT,,,OL,9/10/2025
dataflow,IMF.RES:WEO(9.0.0),R,CHL,GGR_NGDP,A,2031,23.923495,0,,3,,,,G1,,,,,S13,,,,,,,PT,,,OL,9/10/2025
dataflow,IMF.RES:WEO(9.0.0),R,CHL,GGSB,A,2026,-11801279922000,9,,3,,,,SB,,,,,S13,,,,,,,XDC,,,OL,9/10/2025
dataflow,IMF.RES:WEO(9.0.0),R,CHL,GGSB,A,2027,-9137721675000,9,,3,,,,SB,,,,,S13,,,,,,,XDC,,,OL,9/10/2025
dataflow,IMF.RES:WEO(9.0.0),R,CHL,GGSB,A,2028,-7608297825000,9,,3,,,,SB,,,,,S13,,,,,,,XDC,,,OL,9/10/2025
dataflow,IMF.RES:WEO(9.0.0),R,CHL,GGSB,A,2029,-9001010799000,9,,3,,,,SB,,,,,S13,,,,,,,XDC,,,OL,9/10/2025
dataflow,IMF.RES:WEO(9.0.0),R,CHL,GGSB,A,2030,-9343700228000,9,,3,,,,SB,,,,,S13,,,,,,,XDC,,,OL,9/10/2025
dataflow,IMF.RES:WEO(9.0.0),R,CHL,GGSB,A,2031,-9682339270000,9,,3,,,,SB,,,,,S13,,,,,,,XDC,,,OL,9/10/2025
dataflow,IMF.RES:WEO(9.0.0),R,CHL,GGSB_NPGDP,A,2026,-3.22751,0,,3,,,,SB,,,,,S13,,,,,,,PT,,,OL,9/10/2025
dataflow,IMF.RES:WEO(9.0.0),R,CHL,GGSB_NPGDP,A,2027,-2.410485,0,,3,,,,SB,,,,,S13,,,,,,,PT,,,OL,9/10/2025
dataflow,IMF.RES:WEO(9.0.0),R,CHL,GGSB_NPGDP,A,2028,-1.897803,0,,3,,,,SB,,,,,S13,,,,,,,PT,,,OL,9/10/2025
dataflow,IMF.RES:WEO(9.0.0),R,CHL,GGSB_NPGDP,A,2029,-2.130106,0,,3,,,,SB,,,,,S13,,,,,,,PT,,,OL,9/10/2025
dataflow,IMF.RES:WEO(9.0.0),R,CHL,GGSB_NPGDP,A,2030,-2.099642,0,,3,,,,SB,,,,,S13,,,,,,,PT,,,OL,9/10/2025
dataflow,IMF.RES:WEO(9.0.0),R,CHL,GGSB_NPGDP,A,2031,-2.064879,0,,3,,,,SB,,,,,S13,,,,,,,PT,,,OL,9/10/2025
dataflow,IMF.RES:WEO(9.0.0),R,CHL,GGX,A,2026,95306187164000,9,,3,,,,G2M,,,,,S13,,,,,,,XDC,,,OL,9/10/2025
dataflow,IMF.RES:WEO(9.0.0),R,CHL,GGX,A,2027,99797977650000,9,,3,,,,G2M,,,,,S13,,,,,,,XDC,,,OL,9/10/2025
dataflow,IMF.RES:WEO(9.0.0),R,CHL,GGX,A,2028,104437785294000,9,,3,,,,G2M,,,,,S13,,,,,,,XDC,,,OL,9/10/2025
dataflow,IMF.RES:WEO(9.0.0),R,CHL,GGX,A,2029,109912937065000,9,,3,,,,G2M,,,,,S13,,,,,,,XDC,,,OL,9/10/2025
dataflow,IMF.RES:WEO(9.0.0),R,CHL,GGX,A,2030,115018436879000,9,,3,,,,G2M,,,,,S13,,,,,,,XDC,,,OL,9/10/2025
dataflow,IMF.RES:WEO(9.0.0),R,CHL,GGX,A,2031,121587321723000,9,,3,,,,G2M,,,,,S13,,,,,,,XDC,,,OL,9/10/2025
dataflow,IMF.RES:WEO(9.0.0),R,CHL,GGXCNL,A,2026,-9015839362000,9,,3,,,,GNLB,,,,,S13,,,,,,,XDC,,,OL,9/10/2025
dataflow,IMF.RES:WEO(9.0.0),R,CHL,GGXCNL,A,2027,-7150877205000,9,,3,,,,GNLB,,,,,S13,,,,,,,XDC,,,OL,9/10/2025
dataflow,IMF.RES:WEO(9.0.0),R,CHL,GGXCNL,A,2028,-7164024079000,9,,3,,,,GNLB,,,,,S13,,,,,,,XDC,,,OL,9/10/2025
dataflow,IMF.RES:WEO(9.0.0),R,CHL,GGXCNL,A,2029,-8415734174000,9,,3,,,,GNLB,,,,,S13,,,,,,,XDC,,,OL,9/10/2025
dataflow,IMF.RES:WEO(9.0.0),R,CHL,GGXCNL,A,2030,-9077307330000,9,,3,,,,GNLB,,,,,S13,,,,,,,XDC,,,OL,9/10/2025
dataflow,IMF.RES:WEO(9.0.0),R,CHL,GGXCNL,A,2031,-9401765194000,9,,3,,,,GNLB,,,,,S13,,,,,,,XDC,,,OL,9/10/2025
dataflow,IMF.RES:WEO(9.0.0),R,CHL,GGXCNL_NGDP,A,2026,-2.465379,0,,3,,,,GNLB,,,,,S13,,,,,,,PT,,,OL,9/10/2025
dataflow,IMF.RES:WEO(9.0.0),R,CHL,GGXCNL_NGDP,A,2027,-1.882936,0,,3,,,,GNLB,,,,,S13,,,,,,,PT,,,OL,9/10/2025
dataflow,IMF.RES:WEO(9.0.0),R,CHL,GGXCNL_NGDP,A,2028,-1.784982,0,,3,,,,GNLB,,,,,S13,,,,,,,PT,,,OL,9/10/2025
dataflow,IMF.RES:WEO(9.0.0),R,CHL,GGXCNL_NGDP,A,2029,-1.990108,0,,3,,,,GNLB,,,,,S13,,,,,,,PT,,,OL,9/10/2025
dataflow,IMF.RES:WEO(9.0.0),R,CHL,GGXCNL_NGDP,A,2030,-2.038948,0,,3,,,,GNLB,,,,,S13,,,,,,,PT,,,OL,9/10/2025
dataflow,IMF.RES:WEO(9.0.0),R,CHL,GGXCNL_NGDP,A,2031,-2.00492,0,,3,,,,GNLB,,,,,S13,,,,,,,PT,,,OL,9/10/2025
dataflow,IMF.RES:WEO(9.0.0),R,CHL,GGXONLB,A,2026,-6147564885000,9,,3,,,,GPB,,,,,S13,,,,,,,XDC,,,OL,9/10/2025
dataflow,IMF.RES:WEO(9.0.0),R,CHL,GGXONLB,A,2027,-3810487223000,9,,3,,,,GPB,,,,,S13,,,,,,,XDC,,,OL,9/10/2025
dataflow,IMF.RES:WEO(9.0.0),R,CHL,GGXONLB,A,2028,-2745573105000,9,,3,,,,GPB,,,,,S13,,,,,,,XDC,,,OL,9/10/2025
dataflow,IMF.RES:WEO(9.0.0),R,CHL,GGXONLB,A,2029,-3264995906000,9,,3,,,,GPB,,,,,S13,,,,,,,XDC,,,OL,9/10/2025
dataflow,IMF.RES:WEO(9.0.0),R,CHL,GGXONLB,A,2030,-3331300396000,9,,3,,,,GPB,,,,,S13,,,,,,,XDC,,,OL,9/10/2025
dataflow,IMF.RES:WEO(9.0.0),R,CHL,GGXONLB,A,2031,-3603775723000,9,,3,,,,GPB,,,,,S13,,,,,,,XDC,,,OL,9/10/2025
dataflow,IMF.RES:WEO(9.0.0),R,CHL,GGXONLB_NGDP,A,2026,-1.68105,0,,3,,,,GPB,,,,,S13,,,,,,,PT,,,OL,9/10/2025
dataflow,IMF.RES:WEO(9.0.0),R,CHL,GGXONLB_NGDP,A,2027,-1.00336,0,,3,,,,GPB,,,,,S13,,,,,,,PT,,,OL,9/10/2025
dataflow,IMF.RES:WEO(9.0.0),R,CHL,GGXONLB_NGDP,A,2028,-0.684084,0,,3,,,,GPB,,,,,S13,,,,,,,PT,,,OL,9/10/2025
dataflow,IMF.RES:WEO(9.0.0),R,CHL,GGXONLB_NGDP,A,2029,-0.772089,0,,3,,,,GPB,,,,,S13,,,,,,,PT,,,OL,9/10/2025
dataflow,IMF.RES:WEO(9.0.0),R,CHL,GGXONLB_NGDP,A,2030,-0.748278,0,,3,,,,GPB,,,,,S13,,,,,,,PT,,,OL,9/10/2025
dataflow,IMF.RES:WEO(9.0.0),R,CHL,GGXONLB_NGDP,A,2031,-0.768503,0,,3,,,,GPB,,,,,S13,,,,,,,PT,,,OL,9/10/2025
dataflow,IMF.RES:WEO(9.0.0),R,CHL,GGXWDG,A,2026,155293800265000,9,,3,,,,G63G,,,,,S13,,,,,,,XDC,,,OL,9/10/2025
dataflow,IMF.RES:WEO(9.0.0),R,CHL,GGXWDG,A,2027,168761451609000,9,,3,,,,G63G,,,,,S13,,,,,,,XDC,,,OL,9/10/2025
dataflow,IMF.RES:WEO(9.0.0),R,CHL,GGXWDG,A,2028,182723499032000,9,,3,,,,G63G,,,,,S13,,,,,,,XDC,,,OL,9/10/2025
dataflow,IMF.RES:WEO(9.0.0),R,CHL,GGXWDG,A,2029,197981570508000,9,,3,,,,G63G,,,,,S13,,,,,,,XDC,,,OL,9/10/2025
dataflow,IMF.RES:WEO(9.0.0),R,CHL,GGXWDG,A,2030,213997782389000,9,,3,,,,G63G,,,,,S13,,,,,,,XDC,,,OL,9/10/2025
dataflow,IMF.RES:WEO(9.0.0),R,CHL,GGXWDG,A,2031,230572348057000,9,,3,,,,G63G,,,,,S13,,,,,,,XDC,,,OL,9/10/2025
dataflow,IMF.RES:WEO(9.0.0),R,CHL,GGXWDG_NGDP,A,2026,42.465045,0,,3,,,,G63G,,,,,S13,,,,,,,PT,,,OL,9/10/2025
dataflow,IMF.RES:WEO(9.0.0),R,CHL,GGXWDG_NGDP,A,2027,44.437499,0,,3,,,,G63G,,,,,S13,,,,,,,PT,,,OL,9/10/2025
dataflow,IMF.RES:WEO(9.0.0),R,CHL,GGXWDG_NGDP,A,2028,45.527215,0,,3,,,,G63G,,,,,S13,,,,,,,PT,,,OL,9/10/2025
dataflow,IMF.RES:WEO(9.0.0),R,CHL,GGXWDG_NGDP,A,2029,46.817633,0,,3,,,,G63G,,,,,S13,,,,,,,PT,,,OL,9/10/2025
dataflow,IMF.RES:WEO(9.0.0),R,CHL,GGXWDG_NGDP,A,2030,48.068268,0,,3,,,,G63G,,,,,S13,,,,,,,PT,,,OL,9/10/2025
dataflow,IMF.RES:WEO(9.0.0),R,CHL,GGXWDG_NGDP,A,2031,49.1694,0,,3,,,,G63G,,,,,S13,,,,,,,PT,,,OL,9/10/2025
dataflow,IMF.RES:WEO(9.0.0),R,CHL,GGXWDN,A,2026,104092454063000,9,,3,,,,G63N,,,,,S13,,,,,,,XDC,,,OL,9/10/2025
dataflow,IMF.RES:WEO(9.0.0),R,CHL,GGXWDN,A,2027,113220841860000,9,,3,,,,G63N,,,,,S13,,,,,,,XDC,,,OL,9/10/2025
dataflow,IMF.RES:WEO(9.0.0),R,CHL,GGXWDN,A,2028,122516789914000,9,,3,,,,G63N,,,,,S13,,,,,,,XDC,,,OL,9/10/2025
dataflow,IMF.RES:WEO(9.0.0),R,CHL,GGXWDN,A,2029,133178287032000,9,,3,,,,G63N,,,,,S13,,,,,,,XDC,,,OL,9/10/2025
dataflow,IMF.RES:WEO(9.0.0),R,CHL,GGXWDN,A,2030,144651444469000,9,,3,,,,G63N,,,,,S13,,,,,,,XDC,,,OL,9/10/2025
dataflow,IMF.RES:WEO(9.0.0),R,CHL,GGXWDN,A,2031,156498939526000,9,,3,,,,G63N,,,,,S13,,,,,,,XDC,,,OL,9/10/2025
dataflow,IMF.RES:WEO(9.0.0),R,CHL,GGXWDN_NGDP,A,2026,28.464052,0,,3,,,,G63N,,,,,S13,,,,,,,PT,,,OL,9/10/2025
dataflow,IMF.RES:WEO(9.0.0),R,CHL,GGXWDN_NGDP,A,2027,29.812798,0,,3,,,,G63N,,,,,S13,,,,,,,PT,,,OL,9/10/2025
dataflow,IMF.RES:WEO(9.0.0),R,CHL,GGXWDN_NGDP,A,2028,30.526168,0,,3,,,,G63N,,,,,S13,,,,,,,PT,,,OL,9/10/2025
dataflow,IMF.RES:WEO(9.0.0),R,CHL,GGXWDN_NGDP,A,2029,31.493296,0,,3,,,,G63N,,,,,S13,,,,,,,PT,,,OL,9/10/2025
dataflow,IMF.RES:WEO(9.0.0),R,CHL,GGXWDN_NGDP,A,2030,32.491666,0,,3,,,,G63N,,,,,S13,,,,,,,PT,,,OL,9/10/2025
dataflow,IMF.RES:WEO(9.0.0),R,CHL,GGXWDN_NGDP,A,2031,33.373295,0,,3,,,,G63N,,,,,S13,,,,,,,PT,,,OL,9/10/2025
dataflow,IMF.RES:WEO(9.0.0),R,CHL,GGX_NGDP,A,2026,26.06145,0,,3,,,,G2M,,,,,S13,,,,,,,PT,,,OL,9/10/2025
dataflow,IMF.RES:WEO(9.0.0),R,CHL,GGX_NGDP,A,2027,26.27835,0,,3,,,,G2M,,,,,S13,,,,,,,PT,,,OL,9/10/2025
dataflow,IMF.RES:WEO(9.0.0),R,CHL,GGX_NGDP,A,2028,26.02162,0,,3,,,,G2M,,,,,S13,,,,,,,PT,,,OL,9/10/2025
dataflow,IMF.RES:WEO(9.0.0),R,CHL,GGX_NGDP,A,2029,25.991629,0,,3,,,,G2M,,,,,S13,,,,,,,PT,,,OL,9/10/2025
dataflow,IMF.RES:WEO(9.0.0),R,CHL,GGX_NGDP,A,2030,25.835488,0,,3,,,,G2M,,,,,S13,,,,,,,PT,,,OL,9/10/2025
dataflow,IMF.RES:WEO(9.0.0),R,CHL,GGX_NGDP,A,2031,25.928415,0,,3,,,,G2M,,,,,S13,,,,,,,PT,,,OL,9/10/2025
dataflow,IMF.RES:WEO(9.0.0),R,CHL,LP,A,2026,20150948,6,,3,,,,,,,,POP,,,,,,,,,,,OL,9/10/2025
dataflow,IMF.RES:WEO(9.0.0),R,CHL,LP,A,2027,20252145,6,,3,,,,,,,,POP,,,,,,,,,,,OL,9/10/2025
dataflow,IMF.RES:WEO(9.0.0),R,CHL,LP,A,2028,20342246,6,,3,,,,,,,,POP,,,,,,,,,,,OL,9/10/2025
dataflow,IMF.RES:WEO(9.0.0),R,CHL,LP,A,2029,20421403,6,,3,,,,,,,,POP,,,,,,,,,,,OL,9/10/2025
dataflow,IMF.RES:WEO(9.0.0),R,CHL,LP,A,2030,20489812,6,,3,,,,,,,,POP,,,,,,,,,,,OL,9/10/2025
dataflow,IMF.RES:WEO(9.0.0),R,CHL,LP,A,2031,20546653,6,,3,,,,,,,,POP,,,,,,,,,,,OL,9/10/2025
dataflow,IMF.RES:WEO(9.0.0),R,CHL,LUR,A,2026,8.081551,0,,3,,,,,,,,U,,,,,RT,,,,,,OL,9/10/2025
dataflow,IMF.RES:WEO(9.0.0),R,CHL,LUR,A,2027,7.623817,0,,3,,,,,,,,U,,,,,RT,,,,,,OL,9/10/2025
dataflow,IMF.RES:WEO(9.0.0),R,CHL,LUR,A,2028,7.422618,0,,3,,,,,,,,U,,,,,RT,,,,,,OL,9/10/2025
dataflow,IMF.RES:WEO(9.0.0),R,CHL,LUR,A,2029,7.341831,0,,3,,,,,,,,U,,,,,RT,,,,,,OL,9/10/2025
dataflow,IMF.RES:WEO(9.0.0),R,CHL,LUR,A,2030,7.338074,0,,3,,,,,,,,U,,,,,RT,,,,,,OL,9/10/2025
dataflow,IMF.RES:WEO(9.0.0),R,CHL,LUR,A,2031,7.35306,0,,3,,,,,,,,U,,,,,RT,,,,,,OL,9/10/2025
dataflow,IMF.RES:WEO(9.0.0),R,CHL,NGDP,A,2026,365697950062000,9,,3,,,B1GQ,,,,,,,,,V,,,,XDC,,,OL,9/10/2025
dataflow,IMF.RES:WEO(9.0.0),R,CHL,NGDP,A,2027,379772617094000,9,,3,,,B1GQ,,,,,,,,,V,,,,XDC,,,OL,9/10/2025
dataflow,IMF.RES:WEO(9.0.0),R,CHL,NGDP,A,2028,401350044980000,9,,3,,,B1GQ,,,,,,,,,V,,,,XDC,,,OL,9/10/2025
dataflow,IMF.RES:WEO(9.0.0),R,CHL,NGDP,A,2029,422878216548000,9,,3,,,B1GQ,,,,,,,,,V,,,,XDC,,,OL,9/10/2025
dataflow,IMF.RES:WEO(9.0.0),R,CHL,NGDP,A,2030,445195531585000,9,,3,,,B1GQ,,,,,,,,,V,,,,XDC,,,OL,9/10/2025
dataflow,IMF.RES:WEO(9.0.0),R,CHL,NGDP,A,2031,468934642209000,9,,3,,,B1GQ,,,,,,,,,V,,,,XDC,,,OL,9/10/2025
dataflow,IMF.RES:WEO(9.0.0),R,CHL,NGDPD,A,2026,407850298000,9,,3,,,B1GQ,,,,,,,,,V,,,,USD,,,OL,9/10/2025
dataflow,IMF.RES:WEO(9.0.0),R,CHL,NGDPD,A,2027,434036863000,9,,3,,,B1GQ,,,,,,,,,V,,,,USD,,,OL,9/10/2025
dataflow,IMF.RES:WEO(9.0.0),R,CHL,NGDPD,A,2028,455021909000,9,,3,,,B1GQ,,,,,,,,,V,,,,USD,,,OL,9/10/2025
dataflow,IMF.RES:WEO(9.0.0),R,CHL,NGDPD,A,2029,475623298000,9,,3,,,B1GQ,,,,,,,,,V,,,,USD,,,OL,9/10/2025
dataflow,IMF.RES:WEO(9.0.0),R,CHL,NGDPD,A,2030,496762695000,9,,3,,,B1GQ,,,,,,,,,V,,,,USD,,,OL,9/10/2025
dataflow,IMF.RES:WEO(9.0.0),R,CHL,NGDPD,A,2031,519088464000,9,,3,,,B1GQ,,,,,,,,,V,,,,USD,,,OL,9/10/2025
dataflow,IMF.RES:WEO(9.0.0),R,CHL,NGDPDPC,A,2026,20239.757355,0,,3,,,B1GQ,,,,,,,,,V,,,,USD,,,OL,9/10/2025
dataflow,IMF.RES:WEO(9.0.0),R,CHL,NGDPDPC,A,2027,21431.648997,0,,3,,,B1GQ,,,,,,,,,V,,,,USD,,,OL,9/10/2025
dataflow,IMF.RES:WEO(9.0.0),R,CHL,NGDPDPC,A,2028,22368.321998,0,,3,,,B1GQ,,,,,,,,,V,,,,USD,,,OL,9/10/2025
dataflow,IMF.RES:WEO(9.0.0),R,CHL,NGDPDPC,A,2029,23290.432004,0,,3,,,B1GQ,,,,,,,,,V,,,,USD,,,OL,9/10/2025
dataflow,IMF.RES:WEO(9.0.0),R,CHL,NGDPDPC,A,2030,24244.375444,0,,3,,,B1GQ,,,,,,,,,V,,,,USD,,,OL,9/10/2025
dataflow,IMF.RES:WEO(9.0.0),R,CHL,NGDPDPC,A,2031,25263.894034,0,,3,,,B1GQ,,,,,,,,,V,,,,USD,,,OL,9/10/2025
dataflow,IMF.RES:WEO(9.0.0),R,CHL,NGDPPC,A,2026,18147927.832595,0,,3,,,B1GQ,,,,,,,,,V,,,,XDC,,,OL,9/10/2025
dataflow,IMF.RES:WEO(9.0.0),R,CHL,NGDPPC,A,2027,18752216.967317,0,,3,,,B1GQ,,,,,,,,,V,,,,XDC,,,OL,9/10/2025
dataflow,IMF.RES:WEO(9.0.0),R,CHL,NGDPPC,A,2028,19729878.646659,0,,3,,,B1GQ,,,,,,,,,V,,,,XDC,,,OL,9/10/2025
dataflow,IMF.RES:WEO(9.0.0),R,CHL,NGDPPC,A,2029,20707598.618394,0,,3,,,B1GQ,,,,,,,,,V,,,,XDC,,,OL,9/10/2025
dataflow,IMF.RES:WEO(9.0.0),R,CHL,NGDPPC,A,2030,21727653.313003,0,,3,,,B1GQ,,,,,,,,,V,,,,XDC,,,OL,9/10/2025
dataflow,IMF.RES:WEO(9.0.0),R,CHL,NGDPPC,A,2031,22822921.193485,0,,3,,,B1GQ,,,,,,,,,V,,,,XDC,,,OL,9/10/2025
dataflow,IMF.RES:WEO(9.0.0),R,CHL,NGDPRPC,A,2026,10911889.372224,0,,3,,,B1GQ,,,,,,,,,Q,,,,XDC,,,OL,9/10/2025
dataflow,IMF.RES:WEO(9.0.0),R,CHL,NGDPRPC,A,2027,11136620.493758,0,,3,,,B1GQ,,,,,,,,,Q,,,,XDC,,,OL,9/10/2025
dataflow,IMF.RES:WEO(9.0.0),R,CHL,NGDPRPC,A,2028,11345467.506764,0,,3,,,B1GQ,,,,,,,,,Q,,,,XDC,,,OL,9/10/2025
dataflow,IMF.RES:WEO(9.0.0),R,CHL,NGDPRPC,A,2029,11562769.912439,0,,3,,,B1GQ,,,,,,,,,Q,,,,XDC,,,OL,9/10/2025
dataflow,IMF.RES:WEO(9.0.0),R,CHL,NGDPRPC,A,2030,11785199.956151,0,,3,,,B1GQ,,,,,,,,,Q,,,,XDC,,,OL,9/10/2025
dataflow,IMF.RES:WEO(9.0.0),R,CHL,NGDPRPC,A,2031,12018737.415107,0,,3,,,B1GQ,,,,,,,,,Q,,,,XDC,,,OL,9/10/2025
dataflow,IMF.RES:WEO(9.0.0),R,CHL,NGDPRPPPPC,A,2026,31005.952852,0,,3,,,B1GQ,,,,,,,,,Q,,,,,,,OL,9/10/2025
dataflow,IMF.RES:WEO(9.0.0),R,CHL,NGDPRPPPPC,A,2027,31644.52261,0,,3,,,B1GQ,,,,,,,,,Q,,,,,,,OL,9/10/2025
dataflow,IMF.RES:WEO(9.0.0),R,CHL,NGDPRPPPPC,A,2028,32237.957938,0,,3,,,B1GQ,,,,,,,,,Q,,,,,,,OL,9/10/2025
dataflow,IMF.RES:WEO(9.0.0),R,CHL,NGDPRPPPPC,A,2029,32855.419123,0,,3,,,B1GQ,,,,,,,,,Q,,,,,,,OL,9/10/2025
dataflow,IMF.RES:WEO(9.0.0),R,CHL,NGDPRPPPPC,A,2030,33487.450407,0,,3,,,B1GQ,,,,,,,,,Q,,,,,,,OL,9/10/2025
dataflow,IMF.RES:WEO(9.0.0),R,CHL,NGDPRPPPPC,A,2031,34151.043227,0,,3,,,B1GQ,,,,,,,,,Q,,,,,,,OL,9/10/2025
dataflow,IMF.RES:WEO(9.0.0),R,CHL,NGDP_D,A,2026,166.313341,0,,3,,,B1GQ,,,,,,,,PD,,,,,IX,,,OL,9/10/2025
dataflow,IMF.RES:WEO(9.0.0),R,CHL,NGDP_D,A,2027,168.383371,0,,3,,,B1GQ,,,,,,,,PD,,,,,IX,,,OL,9/10/2025
dataflow,IMF.RES:WEO(9.0.0),R,CHL,NGDP_D,A,2028,173.900975,0,,3,,,B1GQ,,,,,,,,PD,,,,,IX,,,OL,9/10/2025
dataflow,IMF.RES:WEO(9.0.0),R,CHL,NGDP_D,A,2029,179.088564,0,,3,,,B1GQ,,,,,,,,PD,,,,,IX,,,OL,9/10/2025
dataflow,IMF.RES:WEO(9.0.0),R,CHL,NGDP_D,A,2030,184.363892,0,,3,,,B1GQ,,,,,,,,PD,,,,,IX,,,OL,9/10/2025
dataflow,IMF.RES:WEO(9.0.0),R,CHL,NGDP_D,A,2031,189.894499,0,,3,,,B1GQ,,,,,,,,PD,,,,,IX,,,OL,9/10/2025
dataflow,IMF.RES:WEO(9.0.0),R,CHL,NGDP_FY,A,2026,365697950062000,9,,3,,,B1GQ,,,,,,,,,V,,,,XDC,,,OL,9/10/2025
dataflow,IMF.RES:WEO(9.0.0),R,CHL,NGDP_FY,A,2027,379772617094000,9,,3,,,B1GQ,,,,,,,,,V,,,,XDC,,,OL,9/10/2025
dataflow,IMF.RES:WEO(9.0.0),R,CHL,NGDP_FY,A,2028,401350044980000,9,,3,,,B1GQ,,,,,,,,,V,,,,XDC,,,OL,9/10/2025
dataflow,IMF.RES:WEO(9.0.0),R,CHL,NGDP_FY,A,2029,422878216548000,9,,3,,,B1GQ,,,,,,,,,V,,,,XDC,,,OL,9/10/2025
dataflow,IMF.RES:WEO(9.0.0),R,CHL,NGDP_FY,A,2030,445195531585000,9,,3,,,B1GQ,,,,,,,,,V,,,,XDC,,,OL,9/10/2025
dataflow,IMF.RES:WEO(9.0.0),R,CHL,NGDP_FY,A,2031,468934642209000,9,,3,,,B1GQ,,,,,,,,,V,,,,XDC,,,OL,9/10/2025
dataflow,IMF.RES:WEO(9.0.0),R,CHL,NGDP_R,A,2026,219884915321000,9,,3,,,B1GQ,,,,,,,,,Q,,,,XDC,,,OL,9/10/2025
dataflow,IMF.RES:WEO(9.0.0),R,CHL,NGDP_R,A,2027,225540453050000,9,,3,,,B1GQ,,,,,,,,,Q,,,,XDC,,,OL,9/10/2025
dataflow,IMF.RES:WEO(9.0.0),R,CHL,NGDP_R,A,2028,230792291008000,9,,3,,,B1GQ,,,,,,,,,Q,,,,XDC,,,OL,9/10/2025
dataflow,IMF.RES:WEO(9.0.0),R,CHL,NGDP_R,A,2029,236127984178000,9,,3,,,B1GQ,,,,,,,,,Q,,,,XDC,,,OL,9/10/2025
dataflow,IMF.RES:WEO(9.0.0),R,CHL,NGDP_R,A,2030,241476531484000,9,,3,,,B1GQ,,,,,,,,,Q,,,,XDC,,,OL,9/10/2025
dataflow,IMF.RES:WEO(9.0.0),R,CHL,NGDP_R,A,2031,246944827166000,9,,3,,,B1GQ,,,,,,,,,Q,,,,XDC,,,OL,9/10/2025
dataflow,IMF.RES:WEO(9.0.0),R,CHL,NGDP_RPCH,A,2026,2.395931,0,,3,,,B1GQ,,,,,,,,,Q,,,,PT,,,OL,9/10/2025
dataflow,IMF.RES:WEO(9.0.0),R,CHL,NGDP_RPCH,A,2027,2.572044,0,,3,,,B1GQ,,,,,,,,,Q,,,,PT,,,OL,9/10/2025
dataflow,IMF.RES:WEO(9.0.0),R,CHL,NGDP_RPCH,A,2028,2.328557,0,,3,,,B1GQ,,,,,,,,,Q,,,,PT,,,OL,9/10/2025
dataflow,IMF.RES:WEO(9.0.0),R,CHL,NGDP_RPCH,A,2029,2.311903,0,,3,,,B1GQ,,,,,,,,,Q,,,,PT,,,OL,9/10/2025
dataflow,IMF.RES:WEO(9.0.0),R,CHL,NGDP_RPCH,A,2030,2.265105,0,,3,,,B1GQ,,,,,,,,,Q,,,,PT,,,OL,9/10/2025
dataflow,IMF.RES:WEO(9.0.0),R,CHL,NGDP_RPCH,A,2031,2.264525,0,,3,,,B1GQ,,,,,,,,,Q,,,,PT,,,OL,9/10/2025
dataflow,IMF.RES:WEO(9.0.0),R,CHL,NGSD_NGDP,A,2026,23.347655,0,,3,,,B8GNAT,,,,,,,,,,,,,PT,,,OL,9/10/2025
dataflow,IMF.RES:WEO(9.0.0),R,CHL,NGSD_NGDP,A,2027,22.887607,0,,3,,,B8GNAT,,,,,,,,,,,,,PT,,,OL,9/10/2025
dataflow,IMF.RES:WEO(9.0.0),R,CHL,NGSD_NGDP,A,2028,23.092703,0,,3,,,B8GNAT,,,,,,,,,,,,,PT,,,OL,9/10/2025
dataflow,IMF.RES:WEO(9.0.0),R,CHL,NGSD_NGDP,A,2029,23.330467,0,,3,,,B8GNAT,,,,,,,,,,,,,PT,,,OL,9/10/2025
dataflow,IMF.RES:WEO(9.0.0),R,CHL,NGSD_NGDP,A,2030,23.483951,0,,3,,,B8GNAT,,,,,,,,,,,,,PT,,,OL,9/10/2025
dataflow,IMF.RES:WEO(9.0.0),R,CHL,NGSD_NGDP,A,2031,23.431016,0,,3,,,B8GNAT,,,,,,,,,,,,,PT,,,OL,9/10/2025
dataflow,IMF.RES:WEO(9.0.0),R,CHL,NID_NGDP,A,2026,24.091413,0,,3,,,P5,,,,,,,,,,,,,PT,,,OL,9/10/2025
dataflow,IMF.RES:WEO(9.0.0),R,CHL,NID_NGDP,A,2027,24.724875,0,,3,,,P5,,,,,,,,,,,,,PT,,,OL,9/10/2025
dataflow,IMF.RES:WEO(9.0.0),R,CHL,NID_NGDP,A,2028,25.035614,0,,3,,,P5,,,,,,,,,,,,,PT,,,OL,9/10/2025
dataflow,IMF.RES:WEO(9.0.0),R,CHL,NID_NGDP,A,2029,25.271344,0,,3,,,P5,,,,,,,,,,,,,PT,,,OL,9/10/2025
dataflow,IMF.RES:WEO(9.0.0),R,CHL,NID_NGDP,A,2030,25.634834,0,,3,,,P5,,,,,,,,,,,,,PT,,,OL,9/10/2025
dataflow,IMF.RES:WEO(9.0.0),R,CHL,NID_NGDP,A,2031,25.84205,0,,3,,,P5,,,,,,,,,,,,,PT,,,OL,9/10/2025
dataflow,IMF.RES:WEO(9.0.0),R,CHL,PCPI,A,2026,147.430867,0,,3,,,,,,,,,,,CPI,,,,,IX,,,OL,9/10/2025
dataflow,IMF.RES:WEO(9.0.0),R,CHL,PCPI,A,2027,152.339462,0,,3,,,,,,,,,,,CPI,,,,,IX,,,OL,9/10/2025
dataflow,IMF.RES:WEO(9.0.0),R,CHL,PCPI,A,2028,156.909646,0,,3,,,,,,,,,,,CPI,,,,,IX,,,OL,9/10/2025
dataflow,IMF.RES:WEO(9.0.0),R,CHL,PCPI,A,2029,161.616935,0,,3,,,,,,,,,,,CPI,,,,,IX,,,OL,9/10/2025
dataflow,IMF.RES:WEO(9.0.0),R,CHL,PCPI,A,2030,166.465443,0,,3,,,,,,,,,,,CPI,,,,,IX,,,OL,9/10/2025
dataflow,IMF.RES:WEO(9.0.0),R,CHL,PCPI,A,2031,171.459406,0,,3,,,,,,,,,,,CPI,,,,,IX,,,OL,9/10/2025
dataflow,IMF.RES:WEO(9.0.0),R,CHL,PCPIE,A,2026,150.229905,0,,3,,,,,,,,,,,CPI,,,,,IX,,,OL,9/10/2025
dataflow,IMF.RES:WEO(9.0.0),R,CHL,PCPIE,A,2027,154.736802,0,,3,,,,,,,,,,,CPI,,,,,IX,,,OL,9/10/2025
dataflow,IMF.RES:WEO(9.0.0),R,CHL,PCPIE,A,2028,159.378906,0,,3,,,,,,,,,,,CPI,,,,,IX,,,OL,9/10/2025
dataflow,IMF.RES:WEO(9.0.0),R,CHL,PCPIE,A,2029,164.160273,0,,3,,,,,,,,,,,CPI,,,,,IX,,,OL,9/10/2025
dataflow,IMF.RES:WEO(9.0.0),R,CHL,PCPIE,A,2030,169.085081,0,,3,,,,,,,,,,,CPI,,,,,IX,,,OL,9/10/2025
dataflow,IMF.RES:WEO(9.0.0),R,CHL,PCPIE,A,2031,174.157634,0,,3,,,,,,,,,,,CPI,,,,,IX,,,OL,9/10/2025
dataflow,IMF.RES:WEO(9.0.0),R,CHL,PCPIEPCH,A,2026,3.6,0,,3,,,,,,,,,,,CPI,,,,,PT,,,OL,9/10/2025
dataflow,IMF.RES:WEO(9.0.0),R,CHL,PCPIEPCH,A,2027,3,0,,3,,,,,,,,,,,CPI,,,,,PT,,,OL,9/10/2025
dataflow,IMF.RES:WEO(9.0.0),R,CHL,PCPIEPCH,A,2028,3,0,,3,,,,,,,,,,,CPI,,,,,PT,,,OL,9/10/2025
dataflow,IMF.RES:WEO(9.0.0),R,CHL,PCPIEPCH,A,2029,3,0,,3,,,,,,,,,,,CPI,,,,,PT,,,OL,9/10/2025
dataflow,IMF.RES:WEO(9.0.0),R,CHL,PCPIEPCH,A,2030,3,0,,3,,,,,,,,,,,CPI,,,,,PT,,,OL,9/10/2025
dataflow,IMF.RES:WEO(9.0.0),R,CHL,PCPIEPCH,A,2031,3,0,,3,,,,,,,,,,,CPI,,,,,PT,,,OL,9/10/2025
dataflow,IMF.RES:WEO(9.0.0),R,CHL,PCPIPCH,A,2026,2.905372,0,,3,,,,,,,,,,,CPI,,,,,PT,,,OL,9/10/2025
dataflow,IMF.RES:WEO(9.0.0),R,CHL,PCPIPCH,A,2027,3.329421,0,,3,,,,,,,,,,,CPI,,,,,PT,,,OL,9/10/2025
dataflow,IMF.RES:WEO(9.0.0),R,CHL,PCPIPCH,A,2028,3,0,,3,,,,,,,,,,,CPI,,,,,PT,,,OL,9/10/2025
dataflow,IMF.RES:WEO(9.0.0),R,CHL,PCPIPCH,A,2029,3,0,,3,,,,,,,,,,,CPI,,,,,PT,,,OL,9/10/2025
dataflow,IMF.RES:WEO(9.0.0),R,CHL,PCPIPCH,A,2030,3,0,,3,,,,,,,,,,,CPI,,,,,PT,,,OL,9/10/2025
dataflow,IMF.RES:WEO(9.0.0),R,CHL,PCPIPCH,A,2031,3,0,,3,,,,,,,,,,,CPI,,,,,PT,,,OL,9/10/2025
dataflow,IMF.RES:WEO(9.0.0),R,CHL,PPPEX,A,2026,486.069022,0,,3,,,,,,,,,,,,,RT,XDC_PU,,,,,OL,9/10/2025
dataflow,IMF.RES:WEO(9.0.0),R,CHL,PPPEX,A,2027,481.544661,0,,3,,,,,,,,,,,,,RT,XDC_PU,,,,,OL,9/10/2025
dataflow,IMF.RES:WEO(9.0.0),R,CHL,PPPEX,A,2028,489.292763,0,,3,,,,,,,,,,,,,RT,XDC_PU,,,,,OL,9/10/2025
dataflow,IMF.RES:WEO(9.0.0),R,CHL,PPPEX,A,2029,495.085554,0,,3,,,,,,,,,,,,,RT,XDC_PU,,,,,OL,9/10/2025
dataflow,IMF.RES:WEO(9.0.0),R,CHL,PPPEX,A,2030,500.472735,0,,3,,,,,,,,,,,,,RT,XDC_PU,,,,,OL,9/10/2025
dataflow,IMF.RES:WEO(9.0.0),R,CHL,PPPEX,A,2031,506.345021,0,,3,,,,,,,,,,,,,RT,XDC_PU,,,,,OL,9/10/2025
dataflow,IMF.RES:WEO(9.0.0),R,CHL,PPPGDP,A,2026,752358068000,9,,3,,,B1GQ,,,,,,,,,V,,,,,,,OL,9/10/2025
dataflow,IMF.RES:WEO(9.0.0),R,CHL,PPPGDP,A,2027,788655027000,9,,3,,,B1GQ,,,,,,,,,V,,,,,,,OL,9/10/2025
dataflow,IMF.RES:WEO(9.0.0),R,CHL,PPPGDP,A,2028,820265647000,9,,3,,,B1GQ,,,,,,,,,V,,,,,,,OL,9/10/2025
dataflow,IMF.RES:WEO(9.0.0),R,CHL,PPPGDP,A,2029,854151800000,9,,3,,,B1GQ,,,,,,,,,V,,,,,,,OL,9/10/2025
dataflow,IMF.RES:WEO(9.0.0),R,CHL,PPPGDP,A,2030,889550020000,9,,3,,,B1GQ,,,,,,,,,V,,,,,,,OL,9/10/2025
dataflow,IMF.RES:WEO(9.0.0),R,CHL,PPPGDP,A,2031,926116823000,9,,3,,,B1GQ,,,,,,,,,V,,,,,,,OL,9/10/2025
dataflow,IMF.RES:WEO(9.0.0),R,CHL,PPPPC,A,2026,37336.112822,0,,3,,,B1GQ,,,,,,,,,,,,,,,,OL,9/10/2025
dataflow,IMF.RES:WEO(9.0.0),R,CHL,PPPPC,A,2027,38941.802292,0,,3,,,B1GQ,,,,,,,,,,,,,,,,OL,9/10/2025
dataflow,IMF.RES:WEO(9.0.0),R,CHL,PPPPC,A,2028,40323.258634,0,,3,,,B1GQ,,,,,,,,,,,,,,,,OL,9/10/2025
dataflow,IMF.RES:WEO(9.0.0),R,CHL,PPPPC,A,2029,41826.303496,0,,3,,,B1GQ,,,,,,,,,,,,,,,,OL,9/10/2025
dataflow,IMF.RES:WEO(9.0.0),R,CHL,PPPPC,A,2030,43414.259713,0,,3,,,B1GQ,,,,,,,,,,,,,,,,OL,9/10/2025
dataflow,IMF.RES:WEO(9.0.0),R,CHL,PPPPC,A,2031,45073.853312,0,,3,,,B1GQ,,,,,,,,,,,,,,,,OL,9/10/2025
dataflow,IMF.RES:WEO(9.0.0),R,CHL,PPPSH,A,2026,0.337744,0,,3,,,B1GQ,,,,,,,,,,,,,PT,,,OL,9/10/2025
dataflow,IMF.RES:WEO(9.0.0),R,CHL,PPPSH,A,2027,0.335718,0,,3,,,B1GQ,,,,,,,,,,,,,PT,,,OL,9/10/2025
dataflow,IMF.RES:WEO(9.0.0),R,CHL,PPPSH,A,2028,0.332854,0,,3,,,B1GQ,,,,,,,,,,,,,PT,,,OL,9/10/2025
dataflow,IMF.RES:WEO(9.0.0),R,CHL,PPPSH,A,2029,0.330214,0,,3,,,B1GQ,,,,,,,,,,,,,PT,,,OL,9/10/2025
dataflow,IMF.RES:WEO(9.0.0),R,CHL,PPPSH,A,2030,0.327716,0,,3,,,B1GQ,,,,,,,,,,,,,PT,,,OL,9/10/2025
dataflow,IMF.RES:WEO(9.0.0),R,CHL,PPPSH,A,2031,0.325244,0,,3,,,B1GQ,,,,,,,,,,,,,PT,,,OL,9/10/2025
dataflow,IMF.RES:WEO(9.0.0),R,CHL,TMG_RPCH,A,2026,4.32585,0,,3,,,,,,MG,,,,,,VL,,,,PT,,,OL,9/10/2025
dataflow,IMF.RES:WEO(9.0.0),R,CHL,TMG_RPCH,A,2027,3.491595,0,,3,,,,,,MG,,,,,,VL,,,,PT,,,OL,9/10/2025
dataflow,IMF.RES:WEO(9.0.0),R,CHL,TMG_RPCH,A,2028,2.846524,0,,3,,,,,,MG,,,,,,VL,,,,PT,,,OL,9/10/2025
dataflow,IMF.RES:WEO(9.0.0),R,CHL,TMG_RPCH,A,2029,2.680732,0,,3,,,,,,MG,,,,,,VL,,,,PT,,,OL,9/10/2025
dataflow,IMF.RES:WEO(9.0.0),R,CHL,TMG_RPCH,A,2030,2.836947,0,,3,,,,,,MG,,,,,,VL,,,,PT,,,OL,9/10/2025
dataflow,IMF.RES:WEO(9.0.0),R,CHL,TMG_RPCH,A,2031,2.952697,0,,3,,,,,,MG,,,,,,VL,,,,PT,,,OL,9/10/2025
dataflow,IMF.RES:WEO(9.0.0),R,CHL,TM_RPCH,A,2026,3.309268,0,,3,,,,,,MGS,,,,,,VL,,,,PT,,,OL,9/10/2025
dataflow,IMF.RES:WEO(9.0.0),R,CHL,TM_RPCH,A,2027,3.848077,0,,3,,,,,,MGS,,,,,,VL,,,,PT,,,OL,9/10/2025
dataflow,IMF.RES:WEO(9.0.0),R,CHL,TM_RPCH,A,2028,2.90768,0,,3,,,,,,MGS,,,,,,VL,,,,PT,,,OL,9/10/2025
dataflow,IMF.RES:WEO(9.0.0),R,CHL,TM_RPCH,A,2029,2.624749,0,,3,,,,,,MGS,,,,,,VL,,,,PT,,,OL,9/10/2025
dataflow,IMF.RES:WEO(9.0.0),R,CHL,TM_RPCH,A,2030,2.882615,0,,3,,,,,,MGS,,,,,,VL,,,,PT,,,OL,9/10/2025
dataflow,IMF.RES:WEO(9.0.0),R,CHL,TM_RPCH,A,2031,2.904627,0,,3,,,,,,MGS,,,,,,VL,,,,PT,,,OL,9/10/2025
dataflow,IMF.RES:WEO(9.0.0),R,CHL,TXG_RPCH,A,2026,3.89837,0,,3,,,,,,XG,,,,,,VL,,,,PT,,,OL,9/10/2025
dataflow,IMF.RES:WEO(9.0.0),R,CHL,TXG_RPCH,A,2027,3.197573,0,,3,,,,,,XG,,,,,,VL,,,,PT,,,OL,9/10/2025
dataflow,IMF.RES:WEO(9.0.0),R,CHL,TXG_RPCH,A,2028,1.492471,0,,3,,,,,,XG,,,,,,VL,,,,PT,,,OL,9/10/2025
dataflow,IMF.RES:WEO(9.0.0),R,CHL,TXG_RPCH,A,2029,1.909781,0,,3,,,,,,XG,,,,,,VL,,,,PT,,,OL,9/10/2025
dataflow,IMF.RES:WEO(9.0.0),R,CHL,TXG_RPCH,A,2030,1.858981,0,,3,,,,,,XG,,,,,,VL,,,,PT,,,OL,9/10/2025
dataflow,IMF.RES:WEO(9.0.0),R,CHL,TXG_RPCH,A,2031,1.78128,0,,3,,,,,,XG,,,,,,VL,,,,PT,,,OL,9/10/2025
dataflow,IMF.RES:WEO(9.0.0),R,CHL,TX_RPCH,A,2026,3.904765,0,,3,,,,,,XGS,,,,,,VL,,,,PT,,,OL,9/10/2025
dataflow,IMF.RES:WEO(9.0.0),R,CHL,TX_RPCH,A,2027,3.190399,0,,3,,,,,,XGS,,,,,,VL,,,,PT,,,OL,9/10/2025
dataflow,IMF.RES:WEO(9.0.0),R,CHL,TX_RPCH,A,2028,1.461494,0,,3,,,,,,XGS,,,,,,VL,,,,PT,,,OL,9/10/2025
dataflow,IMF.RES:WEO(9.0.0),R,CHL,TX_RPCH,A,2029,1.811432,0,,3,,,,,,XGS,,,,,,VL,,,,PT,,,OL,9/10/2025
dataflow,IMF.RES:WEO(9.0.0),R,CHL,TX_RPCH,A,2030,1.825939,0,,3,,,,,,XGS,,,,,,VL,,,,PT,,,OL,9/10/2025
dataflow,IMF.RES:WEO(9.0.0),R,CHL,TX_RPCH,A,2031,1.876019,0,,3,,,,,,XGS,,,,,,VL,,,,PT,,,OL,9/10/2025