dataflow,IMF.RES:WEO(9.0.0),R,CIV,BCA,A,2026,-1186372000,9,,3,,CAB,,,,,,,,,,,,,,USD,,,OL,9/22/2025
dataflow,IMF.RES:WEO(9.0.0),R,CIV,BCA,A,2027,-3755264000,9,,3,,CAB,,,,,,,,,,,,,,USD,,,OL,9/22/2025
dataflow,IMF.RES:WEO(9.0.0),R,CIV,BCA,A,2028,-4766182000,9,,3,,CAB,,,,,,,,,,,,,,USD,,,OL,9/22/2025
dataflow,IMF.RES:WEO(9.0.0),R,CIV,BCA,A,2029,-3823172000,9,,3,,CAB,,,,,,,,,,,,,,USD,,,OL,9/22/2025
dataflow,IMF.RES:WEO(9.0.0),R,CIV,BCA,A,2030,-4041852000,9,,3,,CAB,,,,,,,,,,,,,,USD,,,OL,9/22/2025
dataflow,IMF.RES:WEO(9.0.0),R,CIV,BCA,A,2031,-4224485000,9,,3,,CAB,,,,,,,,,,,,,,USD,,,OL,9/22/2025
dataflow,IMF.RES:WEO(9.0.0),R,CIV,BCA_NGDPD,A,2026,-1.058172,0,,3,,CAB,,,,,,,,,,,,,,PT,,,OL,9/22/2025
dataflow,IMF.RES:WEO(9.0.0),R,CIV,BCA_NGDPD,A,2027,-3.0963,0,,3,,CAB,,,,,,,,,,,,,,PT,,,OL,9/22/2025
dataflow,IMF.RES:WEO(9.0.0),R,CIV,BCA_NGDPD,A,2028,-3.624028,0,,3,,CAB,,,,,,,,,,,,,,PT,,,OL,9/22/2025
dataflow,IMF.RES:WEO(9.0.0),R,CIV,BCA_NGDPD,A,2029,-2.664962,0,,3,,CAB,,,,,,,,,,,,,,PT,,,OL,9/22/2025
dataflow,IMF.RES:WEO(9.0.0),R,CIV,BCA_NGDPD,A,2030,-2.586284,0,,3,,CAB,,,,,,,,,,,,,,PT,,,OL,9/22/2025
dataflow,IMF.RES:WEO(9.0.0),R,CIV,BCA_NGDPD,A,2031,-2.488398,0,,3,,CAB,,,,,,,,,,,,,,PT,,,OL,9/22/2025
dataflow,IMF.RES:WEO(9.0.0),R,CIV,GGR,A,2026,10963093083000,9,,3,,,,G1,,,,,S13,,,,,,,XDC,,,OL,9/22/2025
dataflow,IMF.RES:WEO(9.0.0),R,CIV,GGR,A,2027,12176675443000,9,,3,,,,G1,,,,,S13,,,,,,,XDC,,,OL,9/22/2025
dataflow,IMF.RES:WEO(9.0.0),R,CIV,GGR,A,2028,13600511796000,9,,3,,,,G1,,,,,S13,,,,,,,XDC,,,OL,9/22/2025
dataflow,IMF.RES:WEO(9.0.0),R,CIV,GGR,A,2029,15200285964000,9,,3,,,,G1,,,,,S13,,,,,,,XDC,,,OL,9/22/2025
dataflow,IMF.RES:WEO(9.0.0),R,CIV,GGR,A,2030,16873457572000,9,,3,,,,G1,,,,,S13,,,,,,,XDC,,,OL,9/22/2025
dataflow,IMF.RES:WEO(9.0.0),R,CIV,GGR,A,2031,18503887896000,9,,3,,,,G1,,,,,S13,,,,,,,XDC,,,OL,9/22/2025
dataflow,IMF.RES:WEO(9.0.0),R,CIV,GGR_NGDP,A,2026,17.578721,0,,3,,,,G1,,,,,S13,,,,,,,PT,,,OL,9/22/2025
dataflow,IMF.RES:WEO(9.0.0),R,CIV,GGR_NGDP,A,2027,18.007336,0,,3,,,,G1,,,,,S13,,,,,,,PT,,,OL,9/22/2025
dataflow,IMF.RES:WEO(9.0.0),R,CIV,GGR_NGDP,A,2028,18.497738,0,,3,,,,G1,,,,,S13,,,,,,,PT,,,OL,9/22/2025
dataflow,IMF.RES:WEO(9.0.0),R,CIV,GGR_NGDP,A,2029,18.942233,0,,3,,,,G1,,,,,S13,,,,,,,PT,,,OL,9/22/2025
dataflow,IMF.RES:WEO(9.0.0),R,CIV,GGR_NGDP,A,2030,19.302434,0,,3,,,,G1,,,,,S13,,,,,,,PT,,,OL,9/22/2025
dataflow,IMF.RES:WEO(9.0.0),R,CIV,GGR_NGDP,A,2031,19.485933,0,,3,,,,G1,,,,,S13,,,,,,,PT,,,OL,9/22/2025
dataflow,IMF.RES:WEO(9.0.0),R,CIV,GGX,A,2026,12859793083000,9,,3,,,,G2M,,,,,S13,,,,,,,XDC,,,OL,9/22/2025
dataflow,IMF.RES:WEO(9.0.0),R,CIV,GGX,A,2027,14236063190000,9,,3,,,,G2M,,,,,S13,,,,,,,XDC,,,OL,9/22/2025
dataflow,IMF.RES:WEO(9.0.0),R,CIV,GGX,A,2028,15798162278000,9,,3,,,,G2M,,,,,S13,,,,,,,XDC,,,OL,9/22/2025
dataflow,IMF.RES:WEO(9.0.0),R,CIV,GGX,A,2029,17646233890000,9,,3,,,,G2M,,,,,S13,,,,,,,XDC,,,OL,9/22/2025
dataflow,IMF.RES:WEO(9.0.0),R,CIV,GGX,A,2030,19497915795000,9,,3,,,,G2M,,,,,S13,,,,,,,XDC,,,OL,9/22/2025
dataflow,IMF.RES:WEO(9.0.0),R,CIV,GGX,A,2031,21351213192000,9,,3,,,,G2M,,,,,S13,,,,,,,XDC,,,OL,9/22/2025
dataflow,IMF.RES:WEO(9.0.0),R,CIV,GGXCNL,A,2026,-1896700000000,9,,3,,,,GNLB,,,,,S13,,,,,,,XDC,,,OL,9/22/2025
dataflow,IMF.RES:WEO(9.0.0),R,CIV,GGXCNL,A,2027,-2059387747000,9,,3,,,,GNLB,,,,,S13,,,,,,,XDC,,,OL,9/22/2025
dataflow,IMF.RES:WEO(9.0.0),R,CIV,GGXCNL,A,2028,-2197650483000,9,,3,,,,GNLB,,,,,S13,,,,,,,XDC,,,OL,9/22/2025
dataflow,IMF.RES:WEO(9.0.0),R,CIV,GGXCNL,A,2029,-2445947926000,9,,3,,,,GNLB,,,,,S13,,,,,,,XDC,,,OL,9/22/2025
dataflow,IMF.RES:WEO(9.0.0),R,CIV,GGXCNL,A,2030,-2624458223000,9,,3,,,,GNLB,,,,,S13,,,,,,,XDC,,,OL,9/22/2025
dataflow,IMF.RES:WEO(9.0.0),R,CIV,GGXCNL,A,2031,-2847325296000,9,,3,,,,GNLB,,,,,S13,,,,,,,XDC,,,OL,9/22/2025
dataflow,IMF.RES:WEO(9.0.0),R,CIV,GGXCNL_NGDP,A,2026,-3.041255,0,,3,,,,GNLB,,,,,S13,,,,,,,PT,,,OL,9/22/2025
dataflow,IMF.RES:WEO(9.0.0),R,CIV,GGXCNL_NGDP,A,2027,-3.045502,0,,3,,,,GNLB,,,,,S13,,,,,,,PT,,,OL,9/22/2025
dataflow,IMF.RES:WEO(9.0.0),R,CIV,GGXCNL_NGDP,A,2028,-2.988973,0,,3,,,,GNLB,,,,,S13,,,,,,,PT,,,OL,9/22/2025
dataflow,IMF.RES:WEO(9.0.0),R,CIV,GGXCNL_NGDP,A,2029,-3.048082,0,,3,,,,GNLB,,,,,S13,,,,,,,PT,,,OL,9/22/2025
dataflow,IMF.RES:WEO(9.0.0),R,CIV,GGXCNL_NGDP,A,2030,-3.002256,0,,3,,,,GNLB,,,,,S13,,,,,,,PT,,,OL,9/22/2025
dataflow,IMF.RES:WEO(9.0.0),R,CIV,GGXCNL_NGDP,A,2031,-2.99844,0,,3,,,,GNLB,,,,,S13,,,,,,,PT,,,OL,9/22/2025
dataflow,IMF.RES:WEO(9.0.0),R,CIV,GGXONLB,A,2026,-180724206000,9,,3,,,,GPB,,,,,S13,,,,,,,XDC,,,OL,9/22/2025
dataflow,IMF.RES:WEO(9.0.0),R,CIV,GGXONLB,A,2027,-351488619000,9,,3,,,,GPB,,,,,S13,,,,,,,XDC,,,OL,9/22/2025
dataflow,IMF.RES:WEO(9.0.0),R,CIV,GGXONLB,A,2028,-372472841000,9,,3,,,,GPB,,,,,S13,,,,,,,XDC,,,OL,9/22/2025
dataflow,IMF.RES:WEO(9.0.0),R,CIV,GGXONLB,A,2029,-519830581000,9,,3,,,,GPB,,,,,S13,,,,,,,XDC,,,OL,9/22/2025
dataflow,IMF.RES:WEO(9.0.0),R,CIV,GGXONLB,A,2030,-587051651000,9,,3,,,,GPB,,,,,S13,,,,,,,XDC,,,OL,9/22/2025
dataflow,IMF.RES:WEO(9.0.0),R,CIV,GGXONLB,A,2031,-701755917000,9,,3,,,,GPB,,,,,S13,,,,,,,XDC,,,OL,9/22/2025
dataflow,IMF.RES:WEO(9.0.0),R,CIV,GGXONLB_NGDP,A,2026,-0.289781,0,,3,,,,GPB,,,,,S13,,,,,,,PT,,,OL,9/22/2025
dataflow,IMF.RES:WEO(9.0.0),R,CIV,GGXONLB_NGDP,A,2027,-0.519795,0,,3,,,,GPB,,,,,S13,,,,,,,PT,,,OL,9/22/2025
dataflow,IMF.RES:WEO(9.0.0),R,CIV,GGXONLB_NGDP,A,2028,-0.506592,0,,3,,,,GPB,,,,,S13,,,,,,,PT,,,OL,9/22/2025
dataflow,IMF.RES:WEO(9.0.0),R,CIV,GGXONLB_NGDP,A,2029,-0.6478,0,,3,,,,GPB,,,,,S13,,,,,,,PT,,,OL,9/22/2025
dataflow,IMF.RES:WEO(9.0.0),R,CIV,GGXONLB_NGDP,A,2030,-0.671559,0,,3,,,,GPB,,,,,S13,,,,,,,PT,,,OL,9/22/2025
dataflow,IMF.RES:WEO(9.0.0),R,CIV,GGXONLB_NGDP,A,2031,-0.739,0,,3,,,,GPB,,,,,S13,,,,,,,PT,,,OL,9/22/2025
dataflow,IMF.RES:WEO(9.0.0),R,CIV,GGXWDG,A,2026,34342233423000,9,,3,,,,G63G,,,,,S13,,,,,,,XDC,,,OL,9/22/2025
dataflow,IMF.RES:WEO(9.0.0),R,CIV,GGXWDG,A,2027,36492945012000,9,,3,,,,G63G,,,,,S13,,,,,,,XDC,,,OL,9/22/2025
dataflow,IMF.RES:WEO(9.0.0),R,CIV,GGXWDG,A,2028,38452340349000,9,,3,,,,G63G,,,,,S13,,,,,,,XDC,,,OL,9/22/2025
dataflow,IMF.RES:WEO(9.0.0),R,CIV,GGXWDG,A,2029,41054850086000,9,,3,,,,G63G,,,,,S13,,,,,,,XDC,,,OL,9/22/2025
dataflow,IMF.RES:WEO(9.0.0),R,CIV,GGXWDG,A,2030,43522509480000,9,,3,,,,G63G,,,,,S13,,,,,,,XDC,,,OL,9/22/2025
dataflow,IMF.RES:WEO(9.0.0),R,CIV,GGXWDG,A,2031,46124093777000,9,,3,,,,G63G,,,,,S13,,,,,,,XDC,,,OL,9/22/2025
dataflow,IMF.RES:WEO(9.0.0),R,CIV,GGXWDG_NGDP,A,2026,55.065896,0,,3,,,,G63G,,,,,S13,,,,,,,PT,,,OL,9/22/2025
dataflow,IMF.RES:WEO(9.0.0),R,CIV,GGXWDG_NGDP,A,2027,53.967171,0,,3,,,,G63G,,,,,S13,,,,,,,PT,,,OL,9/22/2025
dataflow,IMF.RES:WEO(9.0.0),R,CIV,GGXWDG_NGDP,A,2028,52.298128,0,,3,,,,G63G,,,,,S13,,,,,,,PT,,,OL,9/22/2025
dataflow,IMF.RES:WEO(9.0.0),R,CIV,GGXWDG_NGDP,A,2029,51.161573,0,,3,,,,G63G,,,,,S13,,,,,,,PT,,,OL,9/22/2025
dataflow,IMF.RES:WEO(9.0.0),R,CIV,GGXWDG_NGDP,A,2030,49.787683,0,,3,,,,G63G,,,,,S13,,,,,,,PT,,,OL,9/22/2025
dataflow,IMF.RES:WEO(9.0.0),R,CIV,GGXWDG_NGDP,A,2031,48.572008,0,,3,,,,G63G,,,,,S13,,,,,,,PT,,,OL,9/22/2025
dataflow,IMF.RES:WEO(9.0.0),R,CIV,GGX_NGDP,A,2026,20.619976,0,,3,,,,G2M,,,,,S13,,,,,,,PT,,,OL,9/22/2025
dataflow,IMF.RES:WEO(9.0.0),R,CIV,GGX_NGDP,A,2027,21.052838,0,,3,,,,G2M,,,,,S13,,,,,,,PT,,,OL,9/22/2025
dataflow,IMF.RES:WEO(9.0.0),R,CIV,GGX_NGDP,A,2028,21.486711,0,,3,,,,G2M,,,,,S13,,,,,,,PT,,,OL,9/22/2025
dataflow,IMF.RES:WEO(9.0.0),R,CIV,GGX_NGDP,A,2029,21.990315,0,,3,,,,G2M,,,,,S13,,,,,,,PT,,,OL,9/22/2025
dataflow,IMF.RES:WEO(9.0.0),R,CIV,GGX_NGDP,A,2030,22.304689,0,,3,,,,G2M,,,,,S13,,,,,,,PT,,,OL,9/22/2025
dataflow,IMF.RES:WEO(9.0.0),R,CIV,GGX_NGDP,A,2031,22.484372,0,,3,,,,G2M,,,,,S13,,,,,,,PT,,,OL,9/22/2025
dataflow,IMF.RES:WEO(9.0.0),R,CIV,LP,A,2026,33838101,6,,3,,,,,,,,POP,,,,,,,,,,,OL,9/22/2025
dataflow,IMF.RES:WEO(9.0.0),R,CIV,LP,A,2027,34805652,6,,3,,,,,,,,POP,,,,,,,,,,,OL,9/22/2025
dataflow,IMF.RES:WEO(9.0.0),R,CIV,LP,A,2028,35800869,6,,3,,,,,,,,POP,,,,,,,,,,,OL,9/22/2025
dataflow,IMF.RES:WEO(9.0.0),R,CIV,LP,A,2029,36824542,6,,3,,,,,,,,POP,,,,,,,,,,,OL,9/22/2025
dataflow,IMF.RES:WEO(9.0.0),R,CIV,LP,A,2030,37877486,6,,3,,,,,,,,POP,,,,,,,,,,,OL,9/22/2025
dataflow,IMF.RES:WEO(9.0.0),R,CIV,LP,A,2031,38960538,6,,3,,,,,,,,POP,,,,,,,,,,,OL,9/22/2025
dataflow,IMF.RES:WEO(9.0.0),R,CIV,NGDP,A,2026,62365703171000,9,,3,,,B1GQ,,,,,,,,,V,,,,XDC,,,OL,9/22/2025
dataflow,IMF.RES:WEO(9.0.0),R,CIV,NGDP,A,2027,67620637320000,9,,3,,,B1GQ,,,,,,,,,V,,,,XDC,,,OL,9/22/2025
dataflow,IMF.RES:WEO(9.0.0),R,CIV,NGDP,A,2028,73525271371000,9,,3,,,B1GQ,,,,,,,,,V,,,,XDC,,,OL,9/22/2025
dataflow,IMF.RES:WEO(9.0.0),R,CIV,NGDP,A,2029,80245481175000,9,,3,,,B1GQ,,,,,,,,,V,,,,XDC,,,OL,9/22/2025
dataflow,IMF.RES:WEO(9.0.0),R,CIV,NGDP,A,2030,87416217372000,9,,3,,,B1GQ,,,,,,,,,V,,,,XDC,,,OL,9/22/2025
dataflow,IMF.RES:WEO(9.0.0),R,CIV,NGDP,A,2031,94960236932000,9,,3,,,B1GQ,,,,,,,,,V,,,,XDC,,,OL,9/22/2025
dataflow,IMF.RES:WEO(9.0.0),R,CIV,NGDPD,A,2026,112115296000,9,,3,,,B1GQ,,,,,,,,,V,,,,USD,,,OL,9/22/2025
dataflow,IMF.RES:WEO(9.0.0),R,CIV,NGDPD,A,2027,121282299000,9,,3,,,B1GQ,,,,,,,,,V,,,,USD,,,OL,9/22/2025
dataflow,IMF.RES:WEO(9.0.0),R,CIV,NGDPD,A,2028,131516156000,9,,3,,,B1GQ,,,,,,,,,V,,,,USD,,,OL,9/22/2025
dataflow,IMF.RES:WEO(9.0.0),R,CIV,NGDPD,A,2029,143460650000,9,,3,,,B1GQ,,,,,,,,,V,,,,USD,,,OL,9/22/2025
dataflow,IMF.RES:WEO(9.0.0),R,CIV,NGDPD,A,2030,156280294000,9,,3,,,B1GQ,,,,,,,,,V,,,,USD,,,OL,9/22/2025
dataflow,IMF.RES:WEO(9.0.0),R,CIV,NGDPD,A,2031,169767283000,9,,3,,,B1GQ,,,,,,,,,V,,,,USD,,,OL,9/22/2025
dataflow,IMF.RES:WEO(9.0.0),R,CIV,NGDPDPC,A,2026,3313.285679,0,,3,,,B1GQ,,,,,,,,,V,,,,USD,,,OL,9/22/2025
dataflow,IMF.RES:WEO(9.0.0),R,CIV,NGDPDPC,A,2027,3484.557601,0,,3,,,B1GQ,,,,,,,,,V,,,,USD,,,OL,9/22/2025
dataflow,IMF.RES:WEO(9.0.0),R,CIV,NGDPDPC,A,2028,3673.546481,0,,3,,,B1GQ,,,,,,,,,V,,,,USD,,,OL,9/22/2025
dataflow,IMF.RES:WEO(9.0.0),R,CIV,NGDPDPC,A,2029,3895.789097,0,,3,,,B1GQ,,,,,,,,,V,,,,USD,,,OL,9/22/2025
dataflow,IMF.RES:WEO(9.0.0),R,CIV,NGDPDPC,A,2030,4125.941546,0,,3,,,B1GQ,,,,,,,,,V,,,,USD,,,OL,9/22/2025
dataflow,IMF.RES:WEO(9.0.0),R,CIV,NGDPDPC,A,2031,4357.416352,0,,3,,,B1GQ,,,,,,,,,V,,,,USD,,,OL,9/22/2025
dataflow,IMF.RES:WEO(9.0.0),R,CIV,NGDPPC,A,2026,1843061.556433,0,,3,,,B1GQ,,,,,,,,,V,,,,XDC,,,OL,9/22/2025
dataflow,IMF.RES:WEO(9.0.0),R,CIV,NGDPPC,A,2027,1942806.220224,0,,3,,,B1GQ,,,,,,,,,V,,,,XDC,,,OL,9/22/2025
dataflow,IMF.RES:WEO(9.0.0),R,CIV,NGDPPC,A,2028,2053728.690579,0,,3,,,B1GQ,,,,,,,,,V,,,,XDC,,,OL,9/22/2025
dataflow,IMF.RES:WEO(9.0.0),R,CIV,NGDPPC,A,2029,2179130.444326,0,,3,,,B1GQ,,,,,,,,,V,,,,XDC,,,OL,9/22/2025
dataflow,IMF.RES:WEO(9.0.0),R,CIV,NGDPPC,A,2030,2307867.445947,0,,3,,,B1GQ,,,,,,,,,V,,,,XDC,,,OL,9/22/2025
dataflow,IMF.RES:WEO(9.0.0),R,CIV,NGDPPC,A,2031,2437344.115609,0,,3,,,B1GQ,,,,,,,,,V,,,,XDC,,,OL,9/22/2025
dataflow,IMF.RES:WEO(9.0.0),R,CIV,NGDPRPC,A,2026,1511797.595954,0,,3,,,B1GQ,,,,,,,,,Q,,,,XDC,,,OL,9/22/2025
dataflow,IMF.RES:WEO(9.0.0),R,CIV,NGDPRPC,A,2027,1562367.237937,0,,3,,,B1GQ,,,,,,,,,Q,,,,XDC,,,OL,9/22/2025
dataflow,IMF.RES:WEO(9.0.0),R,CIV,NGDPRPC,A,2028,1619185.241355,0,,3,,,B1GQ,,,,,,,,,Q,,,,XDC,,,OL,9/22/2025
dataflow,IMF.RES:WEO(9.0.0),R,CIV,NGDPRPC,A,2029,1684366.219215,0,,3,,,B1GQ,,,,,,,,,Q,,,,XDC,,,OL,9/22/2025
dataflow,IMF.RES:WEO(9.0.0),R,CIV,NGDPRPC,A,2030,1748895.998411,0,,3,,,B1GQ,,,,,,,,,Q,,,,XDC,,,OL,9/22/2025
dataflow,IMF.RES:WEO(9.0.0),R,CIV,NGDPRPC,A,2031,1810797.141914,0,,3,,,B1GQ,,,,,,,,,Q,,,,XDC,,,OL,9/22/2025
dataflow,IMF.RES:WEO(9.0.0),R,CIV,NGDPRPPPPC,A,2026,7201.74508,0,,3,,,B1GQ,,,,,,,,,Q,,,,,,,OL,9/22/2025
dataflow,IMF.RES:WEO(9.0.0),R,CIV,NGDPRPPPPC,A,2027,7442.643512,0,,3,,,B1GQ,,,,,,,,,Q,,,,,,,OL,9/22/2025
dataflow,IMF.RES:WEO(9.0.0),R,CIV,NGDPRPPPPC,A,2028,7713.307242,0,,3,,,B1GQ,,,,,,,,,Q,,,,,,,OL,9/22/2025
dataflow,IMF.RES:WEO(9.0.0),R,CIV,NGDPRPPPPC,A,2029,8023.809645,0,,3,,,B1GQ,,,,,,,,,Q,,,,,,,OL,9/22/2025
dataflow,IMF.RES:WEO(9.0.0),R,CIV,NGDPRPPPPC,A,2030,8331.209935,0,,3,,,B1GQ,,,,,,,,,Q,,,,,,,OL,9/22/2025
dataflow,IMF.RES:WEO(9.0.0),R,CIV,NGDPRPPPPC,A,2031,8626.088203,0,,3,,,B1GQ,,,,,,,,,Q,,,,,,,OL,9/22/2025
dataflow,IMF.RES:WEO(9.0.0),R,CIV,NGDP_D,A,2026,121.911925,0,,3,,,B1GQ,,,,,,,,PD,,,,,IX,,,OL,9/22/2025
dataflow,IMF.RES:WEO(9.0.0),R,CIV,NGDP_D,A,2027,124.350164,0,,3,,,B1GQ,,,,,,,,PD,,,,,IX,,,OL,9/22/2025
dataflow,IMF.RES:WEO(9.0.0),R,CIV,NGDP_D,A,2028,126.837167,0,,3,,,B1GQ,,,,,,,,PD,,,,,IX,,,OL,9/22/2025
dataflow,IMF.RES:WEO(9.0.0),R,CIV,NGDP_D,A,2029,129.37391,0,,3,,,B1GQ,,,,,,,,PD,,,,,IX,,,OL,9/22/2025
dataflow,IMF.RES:WEO(9.0.0),R,CIV,NGDP_D,A,2030,131.961389,0,,3,,,B1GQ,,,,,,,,PD,,,,,IX,,,OL,9/22/2025
dataflow,IMF.RES:WEO(9.0.0),R,CIV,NGDP_D,A,2031,134.600616,0,,3,,,B1GQ,,,,,,,,PD,,,,,IX,,,OL,9/22/2025
dataflow,IMF.RES:WEO(9.0.0),R,CIV,NGDP_FY,A,2026,62365703171000,9,,3,,,B1GQ,,,,,,,,,V,,,,XDC,,,OL,9/22/2025
dataflow,IMF.RES:WEO(9.0.0),R,CIV,NGDP_FY,A,2027,67620637320000,9,,3,,,B1GQ,,,,,,,,,V,,,,XDC,,,OL,9/22/2025
dataflow,IMF.RES:WEO(9.0.0),R,CIV,NGDP_FY,A,2028,73525271371000,9,,3,,,B1GQ,,,,,,,,,V,,,,XDC,,,OL,9/22/2025
dataflow,IMF.RES:WEO(9.0.0),R,CIV,NGDP_FY,A,2029,80245481175000,9,,3,,,B1GQ,,,,,,,,,V,,,,XDC,,,OL,9/22/2025
dataflow,IMF.RES:WEO(9.0.0),R,CIV,NGDP_FY,A,2030,87416217372000,9,,3,,,B1GQ,,,,,,,,,V,,,,XDC,,,OL,9/22/2025
dataflow,IMF.RES:WEO(9.0.0),R,CIV,NGDP_FY,A,2031,94960236932000,9,,3,,,B1GQ,,,,,,,,,V,,,,XDC,,,OL,9/22/2025
dataflow,IMF.RES:WEO(9.0.0),R,CIV,NGDP_R,A,2026,51156359805000,9,,3,,,B1GQ,,,,,,,,,Q,,,,XDC,,,OL,9/22/2025
dataflow,IMF.RES:WEO(9.0.0),R,CIV,NGDP_R,A,2027,54379210473000,9,,3,,,B1GQ,,,,,,,,,Q,,,,XDC,,,OL,9/22/2025
dataflow,IMF.RES:WEO(9.0.0),R,CIV,NGDP_R,A,2028,57968238364000,9,,3,,,B1GQ,,,,,,,,,Q,,,,XDC,,,OL,9/22/2025
dataflow,IMF.RES:WEO(9.0.0),R,CIV,NGDP_R,A,2029,62026015050000,9,,3,,,B1GQ,,,,,,,,,Q,,,,XDC,,,OL,9/22/2025
dataflow,IMF.RES:WEO(9.0.0),R,CIV,NGDP_R,A,2030,66243784073000,9,,3,,,B1GQ,,,,,,,,,Q,,,,XDC,,,OL,9/22/2025
dataflow,IMF.RES:WEO(9.0.0),R,CIV,NGDP_R,A,2031,70549630038000,9,,3,,,B1GQ,,,,,,,,,Q,,,,XDC,,,OL,9/22/2025
dataflow,IMF.RES:WEO(9.0.0),R,CIV,NGDP_RPCH,A,2026,6.2,0,,3,,,B1GQ,,,,,,,,,Q,,,,PT,,,OL,9/22/2025
dataflow,IMF.RES:WEO(9.0.0),R,CIV,NGDP_RPCH,A,2027,6.3,0,,3,,,B1GQ,,,,,,,,,Q,,,,PT,,,OL,9/22/2025
dataflow,IMF.RES:WEO(9.0.0),R,CIV,NGDP_RPCH,A,2028,6.6,0,,3,,,B1GQ,,,,,,,,,Q,,,,PT,,,OL,9/22/2025
dataflow,IMF.RES:WEO(9.0.0),R,CIV,NGDP_RPCH,A,2029,7,0,,3,,,B1GQ,,,,,,,,,Q,,,,PT,,,OL,9/22/2025
dataflow,IMF.RES:WEO(9.0.0),R,CIV,NGDP_RPCH,A,2030,6.8,0,,3,,,B1GQ,,,,,,,,,Q,,,,PT,,,OL,9/22/2025
dataflow,IMF.RES:WEO(9.0.0),R,CIV,NGDP_RPCH,A,2031,6.5,0,,3,,,B1GQ,,,,,,,,,Q,,,,PT,,,OL,9/22/2025
dataflow,IMF.RES:WEO(9.0.0),R,CIV,NGSD_NGDP,A,2026,20.943509,0,,3,,,B8GNAT,,,,,,,,,,,,,PT,,,OL,9/22/2025
dataflow,IMF.RES:WEO(9.0.0),R,CIV,NGSD_NGDP,A,2027,19.44961,0,,3,,,B8GNAT,,,,,,,,,,,,,PT,,,OL,9/22/2025
dataflow,IMF.RES:WEO(9.0.0),R,CIV,NGSD_NGDP,A,2028,19.535416,0,,3,,,B8GNAT,,,,,,,,,,,,,PT,,,OL,9/22/2025
dataflow,IMF.RES:WEO(9.0.0),R,CIV,NGSD_NGDP,A,2029,21.076058,0,,3,,,B8GNAT,,,,,,,,,,,,,PT,,,OL,9/22/2025
dataflow,IMF.RES:WEO(9.0.0),R,CIV,NGSD_NGDP,A,2030,21.323745,0,,3,,,B8GNAT,,,,,,,,,,,,,PT,,,OL,9/22/2025
dataflow,IMF.RES:WEO(9.0.0),R,CIV,NGSD_NGDP,A,2031,21.371892,0,,3,,,B8GNAT,,,,,,,,,,,,,PT,,,OL,9/22/2025
dataflow,IMF.RES:WEO(9.0.0),R,CIV,NID_NGDP,A,2026,22.001678,0,,3,,,P5,,,,,,,,,,,,,PT,,,OL,9/22/2025
dataflow,IMF.RES:WEO(9.0.0),R,CIV,NID_NGDP,A,2027,22.54591,0,,3,,,P5,,,,,,,,,,,,,PT,,,OL,9/22/2025
dataflow,IMF.RES:WEO(9.0.0),R,CIV,NID_NGDP,A,2028,23.159444,0,,3,,,P5,,,,,,,,,,,,,PT,,,OL,9/22/2025
dataflow,IMF.RES:WEO(9.0.0),R,CIV,NID_NGDP,A,2029,23.74102,0,,3,,,P5,,,,,,,,,,,,,PT,,,OL,9/22/2025
dataflow,IMF.RES:WEO(9.0.0),R,CIV,NID_NGDP,A,2030,23.910029,0,,3,,,P5,,,,,,,,,,,,,PT,,,OL,9/22/2025
dataflow,IMF.RES:WEO(9.0.0),R,CIV,NID_NGDP,A,2031,23.86029,0,,3,,,P5,,,,,,,,,,,,,PT,,,OL,9/22/2025
dataflow,IMF.RES:WEO(9.0.0),R,CIV,PCPI,A,2026,105.444304,0,,3,,,,,,,,,,,CPI,,,,,IX,,,OL,9/22/2025
dataflow,IMF.RES:WEO(9.0.0),R,CIV,PCPI,A,2027,107.55319,0,,3,,,,,,,,,,,CPI,,,,,IX,,,OL,9/22/2025
dataflow,IMF.RES:WEO(9.0.0),R,CIV,PCPI,A,2028,109.704254,0,,3,,,,,,,,,,,CPI,,,,,IX,,,OL,9/22/2025
dataflow,IMF.RES:WEO(9.0.0),R,CIV,PCPI,A,2029,111.898339,0,,3,,,,,,,,,,,CPI,,,,,IX,,,OL,9/22/2025
dataflow,IMF.RES:WEO(9.0.0),R,CIV,PCPI,A,2030,114.136305,0,,3,,,,,,,,,,,CPI,,,,,IX,,,OL,9/22/2025
dataflow,IMF.RES:WEO(9.0.0),R,CIV,PCPI,A,2031,116.419032,0,,3,,,,,,,,,,,CPI,,,,,IX,,,OL,9/22/2025
dataflow,IMF.RES:WEO(9.0.0),R,CIV,PCPIE,A,2026,105.951364,0,,3,,,,,,,,,,,CPI,,,,,IX,,,OL,9/22/2025
dataflow,IMF.RES:WEO(9.0.0),R,CIV,PCPIE,A,2027,108.070392,0,,3,,,,,,,,,,,CPI,,,,,IX,,,OL,9/22/2025
dataflow,IMF.RES:WEO(9.0.0),R,CIV,PCPIE,A,2028,110.2318,0,,3,,,,,,,,,,,CPI,,,,,IX,,,OL,9/22/2025
dataflow,IMF.RES:WEO(9.0.0),R,CIV,PCPIE,A,2029,112.436436,0,,3,,,,,,,,,,,CPI,,,,,IX,,,OL,9/22/2025
dataflow,IMF.RES:WEO(9.0.0),R,CIV,PCPIE,A,2030,114.685164,0,,3,,,,,,,,,,,CPI,,,,,IX,,,OL,9/22/2025
dataflow,IMF.RES:WEO(9.0.0),R,CIV,PCPIE,A,2031,116.978868,0,,3,,,,,,,,,,,CPI,,,,,IX,,,OL,9/22/2025
dataflow,IMF.RES:WEO(9.0.0),R,CIV,PCPIEPCH,A,2026,1.8,0,,3,,,,,,,,,,,CPI,,,,,PT,,,OL,9/22/2025
dataflow,IMF.RES:WEO(9.0.0),R,CIV,PCPIEPCH,A,2027,2,0,,3,,,,,,,,,,,CPI,,,,,PT,,,OL,9/22/2025
dataflow,IMF.RES:WEO(9.0.0),R,CIV,PCPIEPCH,A,2028,2,0,,3,,,,,,,,,,,CPI,,,,,PT,,,OL,9/22/2025
dataflow,IMF.RES:WEO(9.0.0),R,CIV,PCPIEPCH,A,2029,2,0,,3,,,,,,,,,,,CPI,,,,,PT,,,OL,9/22/2025
dataflow,IMF.RES:WEO(9.0.0),R,CIV,PCPIEPCH,A,2030,2,0,,3,,,,,,,,,,,CPI,,,,,PT,,,OL,9/22/2025
dataflow,IMF.RES:WEO(9.0.0),R,CIV,PCPIEPCH,A,2031,2,0,,3,,,,,,,,,,,CPI,,,,,PT,,,OL,9/22/2025
dataflow,IMF.RES:WEO(9.0.0),R,CIV,PCPIPCH,A,2026,1.8,0,,3,,,,,,,,,,,CPI,,,,,PT,,,OL,9/22/2025
dataflow,IMF.RES:WEO(9.0.0),R,CIV,PCPIPCH,A,2027,2,0,,3,,,,,,,,,,,CPI,,,,,PT,,,OL,9/22/2025
dataflow,IMF.RES:WEO(9.0.0),R,CIV,PCPIPCH,A,2028,2,0,,3,,,,,,,,,,,CPI,,,,,PT,,,OL,9/22/2025
dataflow,IMF.RES:WEO(9.0.0),R,CIV,PCPIPCH,A,2029,2,0,,3,,,,,,,,,,,CPI,,,,,PT,,,OL,9/22/2025
dataflow,IMF.RES:WEO(9.0.0),R,CIV,PCPIPCH,A,2030,2,0,,3,,,,,,,,,,,CPI,,,,,PT,,,OL,9/22/2025
dataflow,IMF.RES:WEO(9.0.0),R,CIV,PCPIPCH,A,2031,2,0,,3,,,,,,,,,,,CPI,,,,,PT,,,OL,9/22/2025
dataflow,IMF.RES:WEO(9.0.0),R,CIV,PPPEX,A,2026,212.528941,0,,3,,,,,,,,,,,,,RT,XDC_PU,,,,,OL,9/22/2025
dataflow,IMF.RES:WEO(9.0.0),R,CIV,PPPEX,A,2027,212.121539,0,,3,,,,,,,,,,,,,RT,XDC_PU,,,,,OL,9/22/2025
dataflow,IMF.RES:WEO(9.0.0),R,CIV,PPPEX,A,2028,212.869942,0,,3,,,,,,,,,,,,,RT,XDC_PU,,,,,OL,9/22/2025
dataflow,IMF.RES:WEO(9.0.0),R,CIV,PPPEX,A,2029,213.33403,0,,3,,,,,,,,,,,,,RT,XDC_PU,,,,,OL,9/22/2025
dataflow,IMF.RES:WEO(9.0.0),R,CIV,PPPEX,A,2030,213.674387,0,,3,,,,,,,,,,,,,RT,XDC_PU,,,,,OL,9/22/2025
dataflow,IMF.RES:WEO(9.0.0),R,CIV,PPPEX,A,2031,214.08303,0,,3,,,,,,,,,,,,,RT,XDC_PU,,,,,OL,9/22/2025
dataflow,IMF.RES:WEO(9.0.0),R,CIV,PPPGDP,A,2026,293445697000,9,,3,,,B1GQ,,,,,,,,,V,,,,,,,OL,9/22/2025
dataflow,IMF.RES:WEO(9.0.0),R,CIV,PPPGDP,A,2027,318782514000,9,,3,,,B1GQ,,,,,,,,,V,,,,,,,OL,9/22/2025
dataflow,IMF.RES:WEO(9.0.0),R,CIV,PPPGDP,A,2028,345399969000,9,,3,,,B1GQ,,,,,,,,,V,,,,,,,OL,9/22/2025
dataflow,IMF.RES:WEO(9.0.0),R,CIV,PPPGDP,A,2029,376149464000,9,,3,,,B1GQ,,,,,,,,,V,,,,,,,OL,9/22/2025
dataflow,IMF.RES:WEO(9.0.0),R,CIV,PPPGDP,A,2030,409109480000,9,,3,,,B1GQ,,,,,,,,,V,,,,,,,OL,9/22/2025
dataflow,IMF.RES:WEO(9.0.0),R,CIV,PPPGDP,A,2031,443567325000,9,,3,,,B1GQ,,,,,,,,,V,,,,,,,OL,9/22/2025
dataflow,IMF.RES:WEO(9.0.0),R,CIV,PPPPC,A,2026,8672.049787,0,,3,,,B1GQ,,,,,,,,,,,,,,,,OL,9/22/2025
dataflow,IMF.RES:WEO(9.0.0),R,CIV,PPPPC,A,2027,9158.929516,0,,3,,,B1GQ,,,,,,,,,,,,,,,,OL,9/22/2025
dataflow,IMF.RES:WEO(9.0.0),R,CIV,PPPPC,A,2028,9647.809686,0,,3,,,B1GQ,,,,,,,,,,,,,,,,OL,9/22/2025
dataflow,IMF.RES:WEO(9.0.0),R,CIV,PPPPC,A,2029,10214.640579,0,,3,,,B1GQ,,,,,,,,,,,,,,,,OL,9/22/2025
dataflow,IMF.RES:WEO(9.0.0),R,CIV,PPPPC,A,2030,10800.861441,0,,3,,,B1GQ,,,,,,,,,,,,,,,,OL,9/22/2025
dataflow,IMF.RES:WEO(9.0.0),R,CIV,PPPPC,A,2031,11385.041204,0,,3,,,B1GQ,,,,,,,,,,,,,,,,OL,9/22/2025
dataflow,IMF.RES:WEO(9.0.0),R,CIV,PPPSH,A,2026,0.131732,0,,3,,,B1GQ,,,,,,,,,,,,,PT,,,OL,9/22/2025
dataflow,IMF.RES:WEO(9.0.0),R,CIV,PPPSH,A,2027,0.135701,0,,3,,,B1GQ,,,,,,,,,,,,,PT,,,OL,9/22/2025
dataflow,IMF.RES:WEO(9.0.0),R,CIV,PPPSH,A,2028,0.140159,0,,3,,,B1GQ,,,,,,,,,,,,,PT,,,OL,9/22/2025
dataflow,IMF.RES:WEO(9.0.0),R,CIV,PPPSH,A,2029,0.145419,0,,3,,,B1GQ,,,,,,,,,,,,,PT,,,OL,9/22/2025
dataflow,IMF.RES:WEO(9.0.0),R,CIV,PPPSH,A,2030,0.150719,0,,3,,,B1GQ,,,,,,,,,,,,,PT,,,OL,9/22/2025
dataflow,IMF.RES:WEO(9.0.0),R,CIV,PPPSH,A,2031,0.155777,0,,3,,,B1GQ,,,,,,,,,,,,,PT,,,OL,9/22/2025
dataflow,IMF.RES:WEO(9.0.0),R,CIV,TMG_RPCH,A,2026,4.259085,0,,3,,,,,,MG,,,,,,VL,,,,PT,,,OL,9/22/2025
dataflow,IMF.RES:WEO(9.0.0),R,CIV,TMG_RPCH,A,2027,4.085229,0,,3,,,,,,MG,,,,,,VL,,,,PT,,,OL,9/22/2025
dataflow,IMF.RES:WEO(9.0.0),R,CIV,TMG_RPCH,A,2028,4.602198,0,,3,,,,,,MG,,,,,,VL,,,,PT,,,OL,9/22/2025
dataflow,IMF.RES:WEO(9.0.0),R,CIV,TMG_RPCH,A,2029,5.202141,0,,3,,,,,,MG,,,,,,VL,,,,PT,,,OL,9/22/2025
dataflow,IMF.RES:WEO(9.0.0),R,CIV,TMG_RPCH,A,2030,5.740464,0,,3,,,,,,MG,,,,,,VL,,,,PT,,,OL,9/22/2025
dataflow,IMF.RES:WEO(9.0.0),R,CIV,TMG_RPCH,A,2031,6.477289,0,,3,,,,,,MG,,,,,,VL,,,,PT,,,OL,9/22/2025
dataflow,IMF.RES:WEO(9.0.0),R,CIV,TM_RPCH,A,2026,4.259085,0,,3,,,,,,MGS,,,,,,VL,,,,PT,,,OL,9/22/2025
dataflow,IMF.RES:WEO(9.0.0),R,CIV,TM_RPCH,A,2027,4.085229,0,,3,,,,,,MGS,,,,,,VL,,,,PT,,,OL,9/22/2025
dataflow,IMF.RES:WEO(9.0.0),R,CIV,TM_RPCH,A,2028,4.602198,0,,3,,,,,,MGS,,,,,,VL,,,,PT,,,OL,9/22/2025
dataflow,IMF.RES:WEO(9.0.0),R,CIV,TM_RPCH,A,2029,5.202141,0,,3,,,,,,MGS,,,,,,VL,,,,PT,,,OL,9/22/2025
dataflow,IMF.RES:WEO(9.0.0),R,CIV,TM_RPCH,A,2030,5.740464,0,,3,,,,,,MGS,,,,,,VL,,,,PT,,,OL,9/22/2025
dataflow,IMF.RES:WEO(9.0.0),R,CIV,TM_RPCH,A,2031,6.477289,0,,3,,,,,,MGS,,,,,,VL,,,,PT,,,OL,9/22/2025
dataflow,IMF.RES:WEO(9.0.0),R,CIV,TXG_RPCH,A,2026,13.726431,0,,3,,,,,,XG,,,,,,VL,,,,PT,,,OL,9/22/2025
dataflow,IMF.RES:WEO(9.0.0),R,CIV,TXG_RPCH,A,2027,11.187774,0,,3,,,,,,XG,,,,,,VL,,,,PT,,,OL,9/22/2025
dataflow,IMF.RES:WEO(9.0.0),R,CIV,TXG_RPCH,A,2028,3.010875,0,,3,,,,,,XG,,,,,,VL,,,,PT,,,OL,9/22/2025
dataflow,IMF.RES:WEO(9.0.0),R,CIV,TXG_RPCH,A,2029,14.720551,0,,3,,,,,,XG,,,,,,VL,,,,PT,,,OL,9/22/2025
dataflow,IMF.RES:WEO(9.0.0),R,CIV,TXG_RPCH,A,2030,6.74739,0,,3,,,,,,XG,,,,,,VL,,,,PT,,,OL,9/22/2025
dataflow,IMF.RES:WEO(9.0.0),R,CIV,TXG_RPCH,A,2031,8.633224,0,,3,,,,,,XG,,,,,,VL,,,,PT,,,OL,9/22/2025
dataflow,IMF.RES:WEO(9.0.0),R,CIV,TX_RPCH,A,2026,13.726431,0,,3,,,,,,XGS,,,,,,VL,,,,PT,,,OL,9/22/2025
dataflow,IMF.RES:WEO(9.0.0),R,CIV,TX_RPCH,A,2027,11.187774,0,,3,,,,,,XGS,,,,,,VL,,,,PT,,,OL,9/22/2025
dataflow,IMF.RES:WEO(9.0.0),R,CIV,TX_RPCH,A,2028,3.010875,0,,3,,,,,,XGS,,,,,,VL,,,,PT,,,OL,9/22/2025
dataflow,IMF.RES:WEO(9.0.0),R,CIV,TX_RPCH,A,2029,14.720551,0,,3,,,,,,XGS,,,,,,VL,,,,PT,,,OL,9/22/2025
dataflow,IMF.RES:WEO(9.0.0),R,CIV,TX_RPCH,A,2030,6.74739,0,,3,,,,,,XGS,,,,,,VL,,,,PT,,,OL,9/22/2025
dataflow,IMF.RES:WEO(9.0.0),R,CIV,TX_RPCH,A,2031,8.633224,0,,3,,,,,,XGS,,,,,,VL,,,,PT,,,OL,9/22/2025