dataflow,IMF.RES:WEO(9.0.0),R,G001,BCA,A,2026,442907037000,9,,3,,CAB,,,,,,,,,,,,,,USD,,,OL,
dataflow,IMF.RES:WEO(9.0.0),R,G001,BCA,A,2027,407454690000,9,,3,,CAB,,,,,,,,,,,,,,USD,,,OL,
dataflow,IMF.RES:WEO(9.0.0),R,G001,BCA,A,2028,421905367000,9,,3,,CAB,,,,,,,,,,,,,,USD,,,OL,
dataflow,IMF.RES:WEO(9.0.0),R,G001,BCA,A,2029,428550776000,9,,3,,CAB,,,,,,,,,,,,,,USD,,,OL,
dataflow,IMF.RES:WEO(9.0.0),R,G001,BCA,A,2030,479596434000,9,,3,,CAB,,,,,,,,,,,,,,USD,,,OL,
dataflow,IMF.RES:WEO(9.0.0),R,G001,BCA,A,2031,445774194000,9,,3,,CAB,,,,,,,,,,,,,,USD,,,OL,
dataflow,IMF.RES:WEO(9.0.0),R,G001,NGDPD,A,2026,126295331061000,9,,3,,,B1GQ,,,,,,,,,V,,,,USD,,,OL,
dataflow,IMF.RES:WEO(9.0.0),R,G001,NGDPD,A,2027,131890664724000,9,,3,,,B1GQ,,,,,,,,,V,,,,USD,,,OL,
dataflow,IMF.RES:WEO(9.0.0),R,G001,NGDPD,A,2028,138128890054000,9,,3,,,B1GQ,,,,,,,,,V,,,,USD,,,OL,
dataflow,IMF.RES:WEO(9.0.0),R,G001,NGDPD,A,2029,144669071717000,9,,3,,,B1GQ,,,,,,,,,V,,,,USD,,,OL,
dataflow,IMF.RES:WEO(9.0.0),R,G001,NGDPD,A,2030,151388840263000,9,,3,,,B1GQ,,,,,,,,,V,,,,USD,,,OL,
dataflow,IMF.RES:WEO(9.0.0),R,G001,NGDPD,A,2031,158391655093000,9,,3,,,B1GQ,,,,,,,,,V,,,,USD,,,OL,
dataflow,IMF.RES:WEO(9.0.0),R,G001,NGDP_RPCH,A,2026,3.055974,0,,3,,,B1GQ,,,,,,,,,Q,,,,PT,,,OL,
dataflow,IMF.RES:WEO(9.0.0),R,G001,NGDP_RPCH,A,2027,3.223795,0,,3,,,B1GQ,,,,,,,,,Q,,,,PT,,,OL,
dataflow,IMF.RES:WEO(9.0.0),R,G001,NGDP_RPCH,A,2028,3.239925,0,,3,,,B1GQ,,,,,,,,,Q,,,,PT,,,OL,
dataflow,IMF.RES:WEO(9.0.0),R,G001,NGDP_RPCH,A,2029,3.160741,0,,3,,,B1GQ,,,,,,,,,Q,,,,PT,,,OL,
dataflow,IMF.RES:WEO(9.0.0),R,G001,NGDP_RPCH,A,2030,3.074051,0,,3,,,B1GQ,,,,,,,,,Q,,,,PT,,,OL,
dataflow,IMF.RES:WEO(9.0.0),R,G001,NGDP_RPCH,A,2031,3.071355,0,,3,,,B1GQ,,,,,,,,,Q,,,,PT,,,OL,
dataflow,IMF.RES:WEO(9.0.0),R,G001,NGDP_RPCHMK,A,2026,2.564463,0,,3,,,B1GQ,,,,,,,,,Q,,,,PT,,,OL,
dataflow,IMF.RES:WEO(9.0.0),R,G001,NGDP_RPCHMK,A,2027,2.639663,0,,3,,,B1GQ,,,,,,,,,Q,,,,PT,,,OL,
dataflow,IMF.RES:WEO(9.0.0),R,G001,NGDP_RPCHMK,A,2028,2.647165,0,,3,,,B1GQ,,,,,,,,,Q,,,,PT,,,OL,
dataflow,IMF.RES:WEO(9.0.0),R,G001,NGDP_RPCHMK,A,2029,2.529722,0,,3,,,B1GQ,,,,,,,,,Q,,,,PT,,,OL,
dataflow,IMF.RES:WEO(9.0.0),R,G001,NGDP_RPCHMK,A,2030,2.438041,0,,3,,,B1GQ,,,,,,,,,Q,,,,PT,,,OL,
dataflow,IMF.RES:WEO(9.0.0),R,G001,NGDP_RPCHMK,A,2031,2.430466,0,,3,,,B1GQ,,,,,,,,,Q,,,,PT,,,OL,
dataflow,IMF.RES:WEO(9.0.0),R,G001,NGSD_NGDP,A,2026,26.208508,0,,3,,,B8GNAT,,,,,,,,,,,,,PT,,,OL,
dataflow,IMF.RES:WEO(9.0.0),R,G001,NGSD_NGDP,A,2027,26.258931,0,,3,,,B8GNAT,,,,,,,,,,,,,PT,,,OL,
dataflow,IMF.RES:WEO(9.0.0),R,G001,NGSD_NGDP,A,2028,26.435769,0,,3,,,B8GNAT,,,,,,,,,,,,,PT,,,OL,
dataflow,IMF.RES:WEO(9.0.0),R,G001,NGSD_NGDP,A,2029,26.513829,0,,3,,,B8GNAT,,,,,,,,,,,,,PT,,,OL,
dataflow,IMF.RES:WEO(9.0.0),R,G001,NGSD_NGDP,A,2030,26.570466,0,,3,,,B8GNAT,,,,,,,,,,,,,PT,,,OL,
dataflow,IMF.RES:WEO(9.0.0),R,G001,NGSD_NGDP,A,2031,26.556517,0,,3,,,B8GNAT,,,,,,,,,,,,,PT,,,OL,
dataflow,IMF.RES:WEO(9.0.0),R,G001,NID_NGDP,A,2026,25.885676,0,,3,,,P5,,,,,,,,,,,,,PT,,,OL,
dataflow,IMF.RES:WEO(9.0.0),R,G001,NID_NGDP,A,2027,25.991677,0,,3,,,P5,,,,,,,,,,,,,PT,,,OL,
dataflow,IMF.RES:WEO(9.0.0),R,G001,NID_NGDP,A,2028,26.179447,0,,3,,,P5,,,,,,,,,,,,,PT,,,OL,
dataflow,IMF.RES:WEO(9.0.0),R,G001,NID_NGDP,A,2029,26.274716,0,,3,,,P5,,,,,,,,,,,,,PT,,,OL,
dataflow,IMF.RES:WEO(9.0.0),R,G001,NID_NGDP,A,2030,26.322592,0,,3,,,P5,,,,,,,,,,,,,PT,,,OL,
dataflow,IMF.RES:WEO(9.0.0),R,G001,NID_NGDP,A,2031,26.348935,0,,3,,,P5,,,,,,,,,,,,,PT,,,OL,
dataflow,IMF.RES:WEO(9.0.0),R,G001,PALLFNFW,A,2026,201.38996,0,,3,,,,,,,PALLFNF,,,,CPIX,,,,,IX,,,OL,
dataflow,IMF.RES:WEO(9.0.0),R,G001,PALLFNFW,A,2027,197.778483,0,,3,,,,,,,PALLFNF,,,,CPIX,,,,,IX,,,OL,
dataflow,IMF.RES:WEO(9.0.0),R,G001,PALLFNFW,A,2028,193.867259,0,,3,,,,,,,PALLFNF,,,,CPIX,,,,,IX,,,OL,
dataflow,IMF.RES:WEO(9.0.0),R,G001,PALLFNFW,A,2029,191.876752,0,,3,,,,,,,PALLFNF,,,,CPIX,,,,,IX,,,OL,
dataflow,IMF.RES:WEO(9.0.0),R,G001,PALLFNFW,A,2030,191.536347,0,,3,,,,,,,PALLFNF,,,,CPIX,,,,,IX,,,OL,
dataflow,IMF.RES:WEO(9.0.0),R,G001,PALLFNFW,A,2031,191.310717,0,,3,,,,,,,PALLFNF,,,,CPIX,,,,,IX,,,OL,
dataflow,IMF.RES:WEO(9.0.0),R,G001,PALUM,A,2026,3340.908429,0,,3,,,,,,,PALUM,,,,,UP,,,,USDPMT,,,OL,
dataflow,IMF.RES:WEO(9.0.0),R,G001,PALUM,A,2027,3254.835833,0,,3,,,,,,,PALUM,,,,,UP,,,,USDPMT,,,OL,
dataflow,IMF.RES:WEO(9.0.0),R,G001,PALUM,A,2028,3132.44,0,,3,,,,,,,PALUM,,,,,UP,,,,USDPMT,,,OL,
dataflow,IMF.RES:WEO(9.0.0),R,G001,PALUM,A,2029,3042.356667,0,,3,,,,,,,PALUM,,,,,UP,,,,USDPMT,,,OL,
dataflow,IMF.RES:WEO(9.0.0),R,G001,PALUM,A,2030,2965.44,0,,3,,,,,,,PALUM,,,,,UP,,,,USDPMT,,,OL,
dataflow,IMF.RES:WEO(9.0.0),R,G001,PALUM,A,2031,2924.19,0,,3,,,,,,,PALUM,,,,,UP,,,,USDPMT,,,OL,
dataflow,IMF.RES:WEO(9.0.0),R,G001,PBANSOP,A,2026,1211.702637,0,,3,,,,,,,PBANSOP,,,,,UP,,,,USDPMT,,,OL,
dataflow,IMF.RES:WEO(9.0.0),R,G001,PBANSOP,A,2027,1211.702637,0,,3,,,,,,,PBANSOP,,,,,UP,,,,USDPMT,,,OL,
dataflow,IMF.RES:WEO(9.0.0),R,G001,PBANSOP,A,2028,1211.702637,0,,3,,,,,,,PBANSOP,,,,,UP,,,,USDPMT,,,OL,
dataflow,IMF.RES:WEO(9.0.0),R,G001,PBANSOP,A,2029,1211.702637,0,,3,,,,,,,PBANSOP,,,,,UP,,,,USDPMT,,,OL,
dataflow,IMF.RES:WEO(9.0.0),R,G001,PBANSOP,A,2030,1211.702637,0,,3,,,,,,,PBANSOP,,,,,UP,,,,USDPMT,,,OL,
dataflow,IMF.RES:WEO(9.0.0),R,G001,PBANSOP,A,2031,1211.702637,0,,3,,,,,,,PBANSOP,,,,,UP,,,,USDPMT,,,OL,
dataflow,IMF.RES:WEO(9.0.0),R,G001,PBARL,A,2026,125.680755,0,,3,,,,,,,PBARL,,,,,UP,,,,USDPMT,,,OL,
dataflow,IMF.RES:WEO(9.0.0),R,G001,PBARL,A,2027,130.198439,0,,3,,,,,,,PBARL,,,,,UP,,,,USDPMT,,,OL,
dataflow,IMF.RES:WEO(9.0.0),R,G001,PBARL,A,2028,130.198439,0,,3,,,,,,,PBARL,,,,,UP,,,,USDPMT,,,OL,
dataflow,IMF.RES:WEO(9.0.0),R,G001,PBARL,A,2029,130.198439,0,,3,,,,,,,PBARL,,,,,UP,,,,USDPMT,,,OL,
dataflow,IMF.RES:WEO(9.0.0),R,G001,PBARL,A,2030,130.198439,0,,3,,,,,,,PBARL,,,,,UP,,,,USDPMT,,,OL,
dataflow,IMF.RES:WEO(9.0.0),R,G001,PBARL,A,2031,130.198439,0,,3,,,,,,,PBARL,,,,,UP,,,,USDPMT,,,OL,
dataflow,IMF.RES:WEO(9.0.0),R,G001,PBEEF,A,2026,328.157977,0,,3,,,,,,,PBEEF,,,,,MP,,,,USCPP,,,OL,
dataflow,IMF.RES:WEO(9.0.0),R,G001,PBEEF,A,2027,314.876756,0,,3,,,,,,,PBEEF,,,,,MP,,,,USCPP,,,OL,
dataflow,IMF.RES:WEO(9.0.0),R,G001,PBEEF,A,2028,309.099609,0,,3,,,,,,,PBEEF,,,,,MP,,,,USCPP,,,OL,
dataflow,IMF.RES:WEO(9.0.0),R,G001,PBEEF,A,2029,309.099609,0,,3,,,,,,,PBEEF,,,,,MP,,,,USCPP,,,OL,
dataflow,IMF.RES:WEO(9.0.0),R,G001,PBEEF,A,2030,309.099609,0,,3,,,,,,,PBEEF,,,,,MP,,,,USCPP,,,OL,
dataflow,IMF.RES:WEO(9.0.0),R,G001,PBEEF,A,2031,309.099609,0,,3,,,,,,,PBEEF,,,,,MP,,,,USCPP,,,OL,
dataflow,IMF.RES:WEO(9.0.0),R,G001,PBEVEW,A,2026,168.810081,0,,3,,,,,,,PBEVE,,,,CPIX,,,,,IX,,,OL,
dataflow,IMF.RES:WEO(9.0.0),R,G001,PBEVEW,A,2027,159.536602,0,,3,,,,,,,PBEVE,,,,CPIX,,,,,IX,,,OL,
dataflow,IMF.RES:WEO(9.0.0),R,G001,PBEVEW,A,2028,157.570054,0,,3,,,,,,,PBEVE,,,,CPIX,,,,,IX,,,OL,
dataflow,IMF.RES:WEO(9.0.0),R,G001,PBEVEW,A,2029,157.570054,0,,3,,,,,,,PBEVE,,,,CPIX,,,,,IX,,,OL,
dataflow,IMF.RES:WEO(9.0.0),R,G001,PBEVEW,A,2030,157.570054,0,,3,,,,,,,PBEVE,,,,CPIX,,,,,IX,,,OL,
dataflow,IMF.RES:WEO(9.0.0),R,G001,PBEVEW,A,2031,157.570054,0,,3,,,,,,,PBEVE,,,,CPIX,,,,,IX,,,OL,
dataflow,IMF.RES:WEO(9.0.0),R,G001,PCEREW,A,2026,134.611872,0,,3,,,,,,,PCERE,,,,CPIX,,,,,IX,,,OL,
dataflow,IMF.RES:WEO(9.0.0),R,G001,PCEREW,A,2027,146.205184,0,,3,,,,,,,PCERE,,,,CPIX,,,,,IX,,,OL,
dataflow,IMF.RES:WEO(9.0.0),R,G001,PCEREW,A,2028,146.515668,0,,3,,,,,,,PCERE,,,,CPIX,,,,,IX,,,OL,
dataflow,IMF.RES:WEO(9.0.0),R,G001,PCEREW,A,2029,144.831339,0,,3,,,,,,,PCERE,,,,CPIX,,,,,IX,,,OL,
dataflow,IMF.RES:WEO(9.0.0),R,G001,PCEREW,A,2030,144.831339,0,,3,,,,,,,PCERE,,,,CPIX,,,,,IX,,,OL,
dataflow,IMF.RES:WEO(9.0.0),R,G001,PCEREW,A,2031,144.831339,0,,3,,,,,,,PCERE,,,,CPIX,,,,,IX,,,OL,
dataflow,IMF.RES:WEO(9.0.0),R,G001,PCOALAU,A,2026,135.601486,0,,3,,,,,,,PCOALAU,,,,,UP,,,,USDPMT,,,OL,
dataflow,IMF.RES:WEO(9.0.0),R,G001,PCOALAU,A,2027,143.176523,0,,3,,,,,,,PCOALAU,,,,,UP,,,,USDPMT,,,OL,
dataflow,IMF.RES:WEO(9.0.0),R,G001,PCOALAU,A,2028,143.310932,0,,3,,,,,,,PCOALAU,,,,,UP,,,,USDPMT,,,OL,
dataflow,IMF.RES:WEO(9.0.0),R,G001,PCOALAU,A,2029,143.44086,0,,3,,,,,,,PCOALAU,,,,,UP,,,,USDPMT,,,OL,
dataflow,IMF.RES:WEO(9.0.0),R,G001,PCOALAU,A,2030,143.44086,0,,3,,,,,,,PCOALAU,,,,,UP,,,,USDPMT,,,OL,
dataflow,IMF.RES:WEO(9.0.0),R,G001,PCOALAU,A,2031,143.525986,0,,3,,,,,,,PCOALAU,,,,,UP,,,,USDPMT,,,OL,
dataflow,IMF.RES:WEO(9.0.0),R,G001,PCOALSA,A,2026,105.767583,0,,3,,,,,,,PCOALSA,,,,,XP,,,,USDPMT,,,OL,
dataflow,IMF.RES:WEO(9.0.0),R,G001,PCOALSA,A,2027,114.116667,0,,3,,,,,,,PCOALSA,,,,,XP,,,,USDPMT,,,OL,
dataflow,IMF.RES:WEO(9.0.0),R,G001,PCOALSA,A,2028,112.983333,0,,3,,,,,,,PCOALSA,,,,,XP,,,,USDPMT,,,OL,
dataflow,IMF.RES:WEO(9.0.0),R,G001,PCOALSA,A,2029,112.95,0,,3,,,,,,,PCOALSA,,,,,XP,,,,USDPMT,,,OL,
dataflow,IMF.RES:WEO(9.0.0),R,G001,PCOALSA,A,2030,113.216667,0,,3,,,,,,,PCOALSA,,,,,XP,,,,USDPMT,,,OL,
dataflow,IMF.RES:WEO(9.0.0),R,G001,PCOALSA,A,2031,113.25,0,,3,,,,,,,PCOALSA,,,,,XP,,,,USDPMT,,,OL,
dataflow,IMF.RES:WEO(9.0.0),R,G001,PCOALW,A,2026,178.839058,0,,3,,,,,,,PCOAL,,,,CPIX,,,,,IX,,,OL,
dataflow,IMF.RES:WEO(9.0.0),R,G001,PCOALW,A,2027,190.723813,0,,3,,,,,,,PCOAL,,,,CPIX,,,,,IX,,,OL,
dataflow,IMF.RES:WEO(9.0.0),R,G001,PCOALW,A,2028,189.940045,0,,3,,,,,,,PCOAL,,,,CPIX,,,,,IX,,,OL,
dataflow,IMF.RES:WEO(9.0.0),R,G001,PCOALW,A,2029,190.00687,0,,3,,,,,,,PCOAL,,,,CPIX,,,,,IX,,,OL,
dataflow,IMF.RES:WEO(9.0.0),R,G001,PCOALW,A,2030,190.21385,0,,3,,,,,,,PCOAL,,,,CPIX,,,,,IX,,,OL,
dataflow,IMF.RES:WEO(9.0.0),R,G001,PCOALW,A,2031,190.300455,0,,3,,,,,,,PCOAL,,,,CPIX,,,,,IX,,,OL,
dataflow,IMF.RES:WEO(9.0.0),R,G001,PCOCO,A,2026,3597.929947,0,,3,,,,,,,PCOCO,,,,,UP,,,,USDPMT,,,OL,
dataflow,IMF.RES:WEO(9.0.0),R,G001,PCOCO,A,2027,3631.246834,0,,3,,,,,,,PCOCO,,,,,UP,,,,USDPMT,,,OL,
dataflow,IMF.RES:WEO(9.0.0),R,G001,PCOCO,A,2028,3667.481715,0,,3,,,,,,,PCOCO,,,,,UP,,,,USDPMT,,,OL,
dataflow,IMF.RES:WEO(9.0.0),R,G001,PCOCO,A,2029,3667.481715,0,,3,,,,,,,PCOCO,,,,,UP,,,,USDPMT,,,OL,
dataflow,IMF.RES:WEO(9.0.0),R,G001,PCOCO,A,2030,3667.481715,0,,3,,,,,,,PCOCO,,,,,UP,,,,USDPMT,,,OL,
dataflow,IMF.RES:WEO(9.0.0),R,G001,PCOCO,A,2031,3667.481715,0,,3,,,,,,,PCOCO,,,,,UP,,,,USDPMT,,,OL,
dataflow,IMF.RES:WEO(9.0.0),R,G001,PCOFFOTM,A,2026,322.815201,0,,3,,,,,,,PCOFFOTM,,,,,UP,,,,USCPP,,,OL,
dataflow,IMF.RES:WEO(9.0.0),R,G001,PCOFFOTM,A,2027,299.940215,0,,3,,,,,,,PCOFFOTM,,,,,UP,,,,USCPP,,,OL,
dataflow,IMF.RES:WEO(9.0.0),R,G001,PCOFFOTM,A,2028,289.642165,0,,3,,,,,,,PCOFFOTM,,,,,UP,,,,USCPP,,,OL,
dataflow,IMF.RES:WEO(9.0.0),R,G001,PCOFFOTM,A,2029,289.642165,0,,3,,,,,,,PCOFFOTM,,,,,UP,,,,USCPP,,,OL,
dataflow,IMF.RES:WEO(9.0.0),R,G001,PCOFFOTM,A,2030,289.642165,0,,3,,,,,,,PCOFFOTM,,,,,UP,,,,USCPP,,,OL,
dataflow,IMF.RES:WEO(9.0.0),R,G001,PCOFFOTM,A,2031,289.642165,0,,3,,,,,,,PCOFFOTM,,,,,UP,,,,USCPP,,,OL,
dataflow,IMF.RES:WEO(9.0.0),R,G001,PCOFFROB,A,2026,174.462808,0,,3,,,,,,,PCOFFROB,,,,,UP,,,,USCPP,,,OL,
dataflow,IMF.RES:WEO(9.0.0),R,G001,PCOFFROB,A,2027,160.07319,0,,3,,,,,,,PCOFFROB,,,,,UP,,,,USCPP,,,OL,
dataflow,IMF.RES:WEO(9.0.0),R,G001,PCOFFROB,A,2028,159.202215,0,,3,,,,,,,PCOFFROB,,,,,UP,,,,USCPP,,,OL,
dataflow,IMF.RES:WEO(9.0.0),R,G001,PCOFFROB,A,2029,159.202215,0,,3,,,,,,,PCOFFROB,,,,,UP,,,,USCPP,,,OL,
dataflow,IMF.RES:WEO(9.0.0),R,G001,PCOFFROB,A,2030,159.202215,0,,3,,,,,,,PCOFFROB,,,,,UP,,,,USCPP,,,OL,
dataflow,IMF.RES:WEO(9.0.0),R,G001,PCOFFROB,A,2031,159.202215,0,,3,,,,,,,PCOFFROB,,,,,UP,,,,USCPP,,,OL,
dataflow,IMF.RES:WEO(9.0.0),R,G001,PCOFFW,A,2026,196.951968,0,,3,,,,,,,PCOFF,,,,CPIX,,,,,IX,,,OL,
dataflow,IMF.RES:WEO(9.0.0),R,G001,PCOFFW,A,2027,181.852069,0,,3,,,,,,,PCOFF,,,,CPIX,,,,,IX,,,OL,
dataflow,IMF.RES:WEO(9.0.0),R,G001,PCOFFW,A,2028,178.217925,0,,3,,,,,,,PCOFF,,,,CPIX,,,,,IX,,,OL,
dataflow,IMF.RES:WEO(9.0.0),R,G001,PCOFFW,A,2029,178.217925,0,,3,,,,,,,PCOFF,,,,CPIX,,,,,IX,,,OL,
dataflow,IMF.RES:WEO(9.0.0),R,G001,PCOFFW,A,2030,178.217925,0,,3,,,,,,,PCOFF,,,,CPIX,,,,,IX,,,OL,
dataflow,IMF.RES:WEO(9.0.0),R,G001,PCOFFW,A,2031,178.217925,0,,3,,,,,,,PCOFF,,,,CPIX,,,,,IX,,,OL,
dataflow,IMF.RES:WEO(9.0.0),R,G001,PCOPP,A,2026,13127.38096,0,,3,,,,,,,PCOPP,,,,,UP,,,,USDPMT,,,OL,
dataflow,IMF.RES:WEO(9.0.0),R,G001,PCOPP,A,2027,13260.4275,0,,3,,,,,,,PCOPP,,,,,UP,,,,USDPMT,,,OL,
dataflow,IMF.RES:WEO(9.0.0),R,G001,PCOPP,A,2028,13332.156667,0,,3,,,,,,,PCOPP,,,,,UP,,,,USDPMT,,,OL,
dataflow,IMF.RES:WEO(9.0.0),R,G001,PCOPP,A,2029,13382.156667,0,,3,,,,,,,PCOPP,,,,,UP,,,,USDPMT,,,OL,
dataflow,IMF.RES:WEO(9.0.0),R,G001,PCOPP,A,2030,13411.781667,0,,3,,,,,,,PCOPP,,,,,UP,,,,USDPMT,,,OL,
dataflow,IMF.RES:WEO(9.0.0),R,G001,PCOPP,A,2031,13433.24,0,,3,,,,,,,PCOPP,,,,,UP,,,,USDPMT,,,OL,
dataflow,IMF.RES:WEO(9.0.0),R,G001,PCOTTIND,A,2026,78.51574,0,,3,,,,,,,PCOTTIND,,,,,UP,,,,USCPP,,,OL,
dataflow,IMF.RES:WEO(9.0.0),R,G001,PCOTTIND,A,2027,84.062487,0,,3,,,,,,,PCOTTIND,,,,,UP,,,,USCPP,,,OL,
dataflow,IMF.RES:WEO(9.0.0),R,G001,PCOTTIND,A,2028,84.16926,0,,3,,,,,,,PCOTTIND,,,,,UP,,,,USCPP,,,OL,
dataflow,IMF.RES:WEO(9.0.0),R,G001,PCOTTIND,A,2029,83.946817,0,,3,,,,,,,PCOTTIND,,,,,UP,,,,USCPP,,,OL,
dataflow,IMF.RES:WEO(9.0.0),R,G001,PCOTTIND,A,2030,83.946817,0,,3,,,,,,,PCOTTIND,,,,,UP,,,,USCPP,,,OL,
dataflow,IMF.RES:WEO(9.0.0),R,G001,PCOTTIND,A,2031,83.946817,0,,3,,,,,,,PCOTTIND,,,,,UP,,,,USCPP,,,OL,
dataflow,IMF.RES:WEO(9.0.0),R,G001,PCPIEPCH,A,2026,4.368314,0,,3,,,,,,,,,,,CPI,,,,,PT,,,OL,
dataflow,IMF.RES:WEO(9.0.0),R,G001,PCPIEPCH,A,2027,3.450537,0,,3,,,,,,,,,,,CPI,,,,,PT,,,OL,
dataflow,IMF.RES:WEO(9.0.0),R,G001,PCPIEPCH,A,2028,3.275912,0,,3,,,,,,,,,,,CPI,,,,,PT,,,OL,
dataflow,IMF.RES:WEO(9.0.0),R,G001,PCPIEPCH,A,2029,3.177669,0,,3,,,,,,,,,,,CPI,,,,,PT,,,OL,
dataflow,IMF.RES:WEO(9.0.0),R,G001,PCPIEPCH,A,2030,3.20391,0,,3,,,,,,,,,,,CPI,,,,,PT,,,OL,
dataflow,IMF.RES:WEO(9.0.0),R,G001,PCPIEPCH,A,2031,3.181041,0,,3,,,,,,,,,,,CPI,,,,,PT,,,OL,
dataflow,IMF.RES:WEO(9.0.0),R,G001,PCPIPCH,A,2026,4.423129,0,,3,,,,,,,,,,,CPI,,,,,PT,,,OL,
dataflow,IMF.RES:WEO(9.0.0),R,G001,PCPIPCH,A,2027,3.655658,0,,3,,,,,,,,,,,CPI,,,,,PT,,,OL,
dataflow,IMF.RES:WEO(9.0.0),R,G001,PCPIPCH,A,2028,3.364423,0,,3,,,,,,,,,,,CPI,,,,,PT,,,OL,
dataflow,IMF.RES:WEO(9.0.0),R,G001,PCPIPCH,A,2029,3.215783,0,,3,,,,,,,,,,,CPI,,,,,PT,,,OL,
dataflow,IMF.RES:WEO(9.0.0),R,G001,PCPIPCH,A,2030,3.201812,0,,3,,,,,,,,,,,CPI,,,,,PT,,,OL,
dataflow,IMF.RES:WEO(9.0.0),R,G001,PCPIPCH,A,2031,3.201116,0,,3,,,,,,,,,,,CPI,,,,,PT,,,OL,
dataflow,IMF.RES:WEO(9.0.0),R,G001,PFANDBW,A,2026,137.348007,0,,3,,,,,,,PFANDB,,,,CPIX,,,,,IX,,,OL,
dataflow,IMF.RES:WEO(9.0.0),R,G001,PFANDBW,A,2027,137.442902,0,,3,,,,,,,PFANDB,,,,CPIX,,,,,IX,,,OL,
dataflow,IMF.RES:WEO(9.0.0),R,G001,PFANDBW,A,2028,137.074786,0,,3,,,,,,,PFANDB,,,,CPIX,,,,,IX,,,OL,
dataflow,IMF.RES:WEO(9.0.0),R,G001,PFANDBW,A,2029,135.248049,0,,3,,,,,,,PFANDB,,,,CPIX,,,,,IX,,,OL,
dataflow,IMF.RES:WEO(9.0.0),R,G001,PFANDBW,A,2030,135.273828,0,,3,,,,,,,PFANDB,,,,CPIX,,,,,IX,,,OL,
dataflow,IMF.RES:WEO(9.0.0),R,G001,PFANDBW,A,2031,135.273828,0,,3,,,,,,,PFANDB,,,,CPIX,,,,,IX,,,OL,
dataflow,IMF.RES:WEO(9.0.0),R,G001,PFISH,A,2026,2003.248718,0,,3,,,,,,,PFSHMEAL,,,,,UP,,,,USDPMT,,,OL,
dataflow,IMF.RES:WEO(9.0.0),R,G001,PFISH,A,2027,2003.248718,0,,3,,,,,,,PFSHMEAL,,,,,UP,,,,USDPMT,,,OL,
dataflow,IMF.RES:WEO(9.0.0),R,G001,PFISH,A,2028,2003.248718,0,,3,,,,,,,PFSHMEAL,,,,,UP,,,,USDPMT,,,OL,
dataflow,IMF.RES:WEO(9.0.0),R,G001,PFISH,A,2029,2003.248718,0,,3,,,,,,,PFSHMEAL,,,,,UP,,,,USDPMT,,,OL,
dataflow,IMF.RES:WEO(9.0.0),R,G001,PFISH,A,2030,2003.248718,0,,3,,,,,,,PFSHMEAL,,,,,UP,,,,USDPMT,,,OL,
dataflow,IMF.RES:WEO(9.0.0),R,G001,PFISH,A,2031,2003.248718,0,,3,,,,,,,PFSHMEAL,,,,,UP,,,,USDPMT,,,OL,
dataflow,IMF.RES:WEO(9.0.0),R,G001,PFOODW,A,2026,134.686014,0,,3,,,,,,,PFOOD,,,,CPIX,,,,,IX,,,OL,
dataflow,IMF.RES:WEO(9.0.0),R,G001,PFOODW,A,2027,135.573563,0,,3,,,,,,,PFOOD,,,,CPIX,,,,,IX,,,OL,
dataflow,IMF.RES:WEO(9.0.0),R,G001,PFOODW,A,2028,135.34069,0,,3,,,,,,,PFOOD,,,,CPIX,,,,,IX,,,OL,
dataflow,IMF.RES:WEO(9.0.0),R,G001,PFOODW,A,2029,133.359394,0,,3,,,,,,,PFOOD,,,,CPIX,,,,,IX,,,OL,
dataflow,IMF.RES:WEO(9.0.0),R,G001,PFOODW,A,2030,133.387354,0,,3,,,,,,,PFOOD,,,,CPIX,,,,,IX,,,OL,
dataflow,IMF.RES:WEO(9.0.0),R,G001,PFOODW,A,2031,133.387354,0,,3,,,,,,,PFOOD,,,,CPIX,,,,,IX,,,OL,
dataflow,IMF.RES:WEO(9.0.0),R,G001,PGNUTS,A,2026,2416.671875,0,,3,,,,,,,PGNUTS,,,,,UP,,,,USDPMT,,,OL,
dataflow,IMF.RES:WEO(9.0.0),R,G001,PGNUTS,A,2027,2416.671875,0,,3,,,,,,,PGNUTS,,,,,UP,,,,USDPMT,,,OL,
dataflow,IMF.RES:WEO(9.0.0),R,G001,PGNUTS,A,2028,2416.671875,0,,3,,,,,,,PGNUTS,,,,,UP,,,,USDPMT,,,OL,
dataflow,IMF.RES:WEO(9.0.0),R,G001,PGNUTS,A,2029,2416.671875,0,,3,,,,,,,PGNUTS,,,,,UP,,,,USDPMT,,,OL,
dataflow,IMF.RES:WEO(9.0.0),R,G001,PGNUTS,A,2030,2416.671875,0,,3,,,,,,,PGNUTS,,,,,UP,,,,USDPMT,,,OL,
dataflow,IMF.RES:WEO(9.0.0),R,G001,PGNUTS,A,2031,2416.671875,0,,3,,,,,,,PGNUTS,,,,,UP,,,,USDPMT,,,OL,
dataflow,IMF.RES:WEO(9.0.0),R,G001,PHARDW,A,2026,91.421261,0,,3,,,,,,,PHARD,,,,CPIX,,,,,IX,,,OL,
dataflow,IMF.RES:WEO(9.0.0),R,G001,PHARDW,A,2027,91.421261,0,,3,,,,,,,PHARD,,,,CPIX,,,,,IX,,,OL,
dataflow,IMF.RES:WEO(9.0.0),R,G001,PHARDW,A,2028,91.421261,0,,3,,,,,,,PHARD,,,,CPIX,,,,,IX,,,OL,
dataflow,IMF.RES:WEO(9.0.0),R,G001,PHARDW,A,2029,91.421261,0,,3,,,,,,,PHARD,,,,CPIX,,,,,IX,,,OL,
dataflow,IMF.RES:WEO(9.0.0),R,G001,PHARDW,A,2030,91.421261,0,,3,,,,,,,PHARD,,,,CPIX,,,,,IX,,,OL,
dataflow,IMF.RES:WEO(9.0.0),R,G001,PHARDW,A,2031,91.421261,0,,3,,,,,,,PHARD,,,,CPIX,,,,,IX,,,OL,
dataflow,IMF.RES:WEO(9.0.0),R,G001,PHIDE,A,2026,57.989164,0,,3,,,,,,,PHIDE,,,,,UP,,,,USCPP,,,OL,
dataflow,IMF.RES:WEO(9.0.0),R,G001,PHIDE,A,2027,57.989164,0,,3,,,,,,,PHIDE,,,,,UP,,,,USCPP,,,OL,
dataflow,IMF.RES:WEO(9.0.0),R,G001,PHIDE,A,2028,57.989164,0,,3,,,,,,,PHIDE,,,,,UP,,,,USCPP,,,OL,
dataflow,IMF.RES:WEO(9.0.0),R,G001,PHIDE,A,2029,57.989164,0,,3,,,,,,,PHIDE,,,,,UP,,,,USCPP,,,OL,
dataflow,IMF.RES:WEO(9.0.0),R,G001,PHIDE,A,2030,57.989164,0,,3,,,,,,,PHIDE,,,,,UP,,,,USCPP,,,OL,
dataflow,IMF.RES:WEO(9.0.0),R,G001,PHIDE,A,2031,57.989164,0,,3,,,,,,,PHIDE,,,,,UP,,,,USCPP,,,OL,
dataflow,IMF.RES:WEO(9.0.0),R,G001,PINDUW,A,2026,190.542174,0,,3,,,,,,,PINDU,,,,CPIX,,,,,IX,,,OL,
dataflow,IMF.RES:WEO(9.0.0),R,G001,PINDUW,A,2027,190.857008,0,,3,,,,,,,PINDU,,,,CPIX,,,,,IX,,,OL,
dataflow,IMF.RES:WEO(9.0.0),R,G001,PINDUW,A,2028,189.607329,0,,3,,,,,,,PINDU,,,,CPIX,,,,,IX,,,OL,
dataflow,IMF.RES:WEO(9.0.0),R,G001,PINDUW,A,2029,188.258449,0,,3,,,,,,,PINDU,,,,CPIX,,,,,IX,,,OL,
dataflow,IMF.RES:WEO(9.0.0),R,G001,PINDUW,A,2030,187.959758,0,,3,,,,,,,PINDU,,,,CPIX,,,,,IX,,,OL,
dataflow,IMF.RES:WEO(9.0.0),R,G001,PINDUW,A,2031,188.112686,0,,3,,,,,,,PINDU,,,,CPIX,,,,,IX,,,OL,
dataflow,IMF.RES:WEO(9.0.0),R,G001,PIORECR,A,2026,102.265038,0,,3,,,,,,,PIORECR,,,,,UP,,,,USDPMT,,,OL,
dataflow,IMF.RES:WEO(9.0.0),R,G001,PIORECR,A,2027,98.0425,0,,3,,,,,,,PIORECR,,,,,UP,,,,USDPMT,,,OL,
dataflow,IMF.RES:WEO(9.0.0),R,G001,PIORECR,A,2028,94.7,0,,3,,,,,,,PIORECR,,,,,UP,,,,USDPMT,,,OL,
dataflow,IMF.RES:WEO(9.0.0),R,G001,PIORECR,A,2029,90.76,0,,3,,,,,,,PIORECR,,,,,UP,,,,USDPMT,,,OL,
dataflow,IMF.RES:WEO(9.0.0),R,G001,PIORECR,A,2030,89.45,0,,3,,,,,,,PIORECR,,,,,UP,,,,USDPMT,,,OL,
dataflow,IMF.RES:WEO(9.0.0),R,G001,PIORECR,A,2031,89.45,0,,3,,,,,,,PIORECR,,,,,UP,,,,USDPMT,,,OL,
dataflow,IMF.RES:WEO(9.0.0),R,G001,PLAMB,A,2026,168.898575,0,,3,,,,,,,PLAMB,,,,,UP,,,,USCPP,,,OL,
dataflow,IMF.RES:WEO(9.0.0),R,G001,PLAMB,A,2027,168.898575,0,,3,,,,,,,PLAMB,,,,,UP,,,,USCPP,,,OL,
dataflow,IMF.RES:WEO(9.0.0),R,G001,PLAMB,A,2028,168.898575,0,,3,,,,,,,PLAMB,,,,,UP,,,,USCPP,,,OL,
dataflow,IMF.RES:WEO(9.0.0),R,G001,PLAMB,A,2029,168.898575,0,,3,,,,,,,PLAMB,,,,,UP,,,,USCPP,,,OL,
dataflow,IMF.RES:WEO(9.0.0),R,G001,PLAMB,A,2030,168.898575,0,,3,,,,,,,PLAMB,,,,,UP,,,,USCPP,,,OL,
dataflow,IMF.RES:WEO(9.0.0),R,G001,PLAMB,A,2031,168.898575,0,,3,,,,,,,PLAMB,,,,,UP,,,,USCPP,,,OL,
dataflow,IMF.RES:WEO(9.0.0),R,G001,PLEAD,A,2026,1962.298107,0,,3,,,,,,,PLEAD,,,,,UP,,,,USDPMT,,,OL,
dataflow,IMF.RES:WEO(9.0.0),R,G001,PLEAD,A,2027,2077.61,0,,3,,,,,,,PLEAD,,,,,UP,,,,USDPMT,,,OL,
dataflow,IMF.RES:WEO(9.0.0),R,G001,PLEAD,A,2028,2163.86,0,,3,,,,,,,PLEAD,,,,,UP,,,,USDPMT,,,OL,
dataflow,IMF.RES:WEO(9.0.0),R,G001,PLEAD,A,2029,2238.068333,0,,3,,,,,,,PLEAD,,,,,UP,,,,USDPMT,,,OL,
dataflow,IMF.RES:WEO(9.0.0),R,G001,PLEAD,A,2030,2227.86,0,,3,,,,,,,PLEAD,,,,,UP,,,,USDPMT,,,OL,
dataflow,IMF.RES:WEO(9.0.0),R,G001,PLEAD,A,2031,2174.7975,0,,3,,,,,,,PLEAD,,,,,UP,,,,USDPMT,,,OL,
dataflow,IMF.RES:WEO(9.0.0),R,G001,PLOGORE,A,2026,207.292042,0,,3,,,,,,,PLOGORE,,,,,XP,,,,USD_PCM,,,OL,
dataflow,IMF.RES:WEO(9.0.0),R,G001,PLOGORE,A,2027,224.423378,0,,3,,,,,,,PLOGORE,,,,,XP,,,,USD_PCM,,,OL,
dataflow,IMF.RES:WEO(9.0.0),R,G001,PLOGORE,A,2028,224.423378,0,,3,,,,,,,PLOGORE,,,,,XP,,,,USD_PCM,,,OL,
dataflow,IMF.RES:WEO(9.0.0),R,G001,PLOGORE,A,2029,224.423378,0,,3,,,,,,,PLOGORE,,,,,XP,,,,USD_PCM,,,OL,
dataflow,IMF.RES:WEO(9.0.0),R,G001,PLOGORE,A,2030,224.423378,0,,3,,,,,,,PLOGORE,,,,,XP,,,,USD_PCM,,,OL,
dataflow,IMF.RES:WEO(9.0.0),R,G001,PLOGORE,A,2031,224.423378,0,,3,,,,,,,PLOGORE,,,,,XP,,,,USD_PCM,,,OL,
dataflow,IMF.RES:WEO(9.0.0),R,G001,PLOGSK,A,2026,190.937088,0,,3,,,,,,,PLOGSK,,,,,MP,,,,USD_PCM,,,OL,
dataflow,IMF.RES:WEO(9.0.0),R,G001,PLOGSK,A,2027,190.937088,0,,3,,,,,,,PLOGSK,,,,,MP,,,,USD_PCM,,,OL,
dataflow,IMF.RES:WEO(9.0.0),R,G001,PLOGSK,A,2028,190.937088,0,,3,,,,,,,PLOGSK,,,,,MP,,,,USD_PCM,,,OL,
dataflow,IMF.RES:WEO(9.0.0),R,G001,PLOGSK,A,2029,190.937088,0,,3,,,,,,,PLOGSK,,,,,MP,,,,USD_PCM,,,OL,
dataflow,IMF.RES:WEO(9.0.0),R,G001,PLOGSK,A,2030,190.937088,0,,3,,,,,,,PLOGSK,,,,,MP,,,,USD_PCM,,,OL,
dataflow,IMF.RES:WEO(9.0.0),R,G001,PLOGSK,A,2031,190.937088,0,,3,,,,,,,PLOGSK,,,,,MP,,,,USD_PCM,,,OL,
dataflow,IMF.RES:WEO(9.0.0),R,G001,PMAIZMT,A,2026,222.340469,0,,3,,,,,,,PMAIZMT,,,,,UP,,,,USDPMT,,,OL,
dataflow,IMF.RES:WEO(9.0.0),R,G001,PMAIZMT,A,2027,238.919542,0,,3,,,,,,,PMAIZMT,,,,,UP,,,,USDPMT,,,OL,
dataflow,IMF.RES:WEO(9.0.0),R,G001,PMAIZMT,A,2028,238.232684,0,,3,,,,,,,PMAIZMT,,,,,UP,,,,USDPMT,,,OL,
dataflow,IMF.RES:WEO(9.0.0),R,G001,PMAIZMT,A,2029,232.737825,0,,3,,,,,,,PMAIZMT,,,,,UP,,,,USDPMT,,,OL,
dataflow,IMF.RES:WEO(9.0.0),R,G001,PMAIZMT,A,2030,232.737825,0,,3,,,,,,,PMAIZMT,,,,,UP,,,,USDPMT,,,OL,
dataflow,IMF.RES:WEO(9.0.0),R,G001,PMAIZMT,A,2031,232.737825,0,,3,,,,,,,PMAIZMT,,,,,UP,,,,USDPMT,,,OL,
dataflow,IMF.RES:WEO(9.0.0),R,G001,PMEATW,A,2026,166.879769,0,,3,,,,,,,PMEAT,,,,CPIX,,,,,IX,,,OL,
dataflow,IMF.RES:WEO(9.0.0),R,G001,PMEATW,A,2027,162.756027,0,,3,,,,,,,PMEAT,,,,CPIX,,,,,IX,,,OL,
dataflow,IMF.RES:WEO(9.0.0),R,G001,PMEATW,A,2028,163.61848,0,,3,,,,,,,PMEAT,,,,CPIX,,,,,IX,,,OL,
dataflow,IMF.RES:WEO(9.0.0),R,G001,PMEATW,A,2029,163.61848,0,,3,,,,,,,PMEAT,,,,CPIX,,,,,IX,,,OL,
dataflow,IMF.RES:WEO(9.0.0),R,G001,PMEATW,A,2030,163.61848,0,,3,,,,,,,PMEAT,,,,CPIX,,,,,IX,,,OL,
dataflow,IMF.RES:WEO(9.0.0),R,G001,PMEATW,A,2031,163.61848,0,,3,,,,,,,PMEAT,,,,CPIX,,,,,IX,,,OL,
dataflow,IMF.RES:WEO(9.0.0),R,G001,PMETAW,A,2026,224.541606,0,,3,,,,,,,PMETA,,,,CPIX,,,,,IX,,,OL,
dataflow,IMF.RES:WEO(9.0.0),R,G001,PMETAW,A,2027,224.090438,0,,3,,,,,,,PMETA,,,,CPIX,,,,,IX,,,OL,
dataflow,IMF.RES:WEO(9.0.0),R,G001,PMETAW,A,2028,222.333541,0,,3,,,,,,,PMETA,,,,CPIX,,,,,IX,,,OL,
dataflow,IMF.RES:WEO(9.0.0),R,G001,PMETAW,A,2029,220.470383,0,,3,,,,,,,PMETA,,,,CPIX,,,,,IX,,,OL,
dataflow,IMF.RES:WEO(9.0.0),R,G001,PMETAW,A,2030,220.05297,0,,3,,,,,,,PMETA,,,,CPIX,,,,,IX,,,OL,
dataflow,IMF.RES:WEO(9.0.0),R,G001,PMETAW,A,2031,220.266683,0,,3,,,,,,,PMETA,,,,CPIX,,,,,IX,,,OL,
dataflow,IMF.RES:WEO(9.0.0),R,G001,PNFUELW,A,2026,206.406875,0,,3,,,,,,,PNFUEL,,,,CPIX,,,,,IX,,,OL,
dataflow,IMF.RES:WEO(9.0.0),R,G001,PNFUELW,A,2027,210.391639,0,,3,,,,,,,PNFUEL,,,,CPIX,,,,,IX,,,OL,
dataflow,IMF.RES:WEO(9.0.0),R,G001,PNFUELW,A,2028,210.918919,0,,3,,,,,,,PNFUEL,,,,CPIX,,,,,IX,,,OL,
dataflow,IMF.RES:WEO(9.0.0),R,G001,PNFUELW,A,2029,209.66927,0,,3,,,,,,,PNFUEL,,,,CPIX,,,,,IX,,,OL,
dataflow,IMF.RES:WEO(9.0.0),R,G001,PNFUELW,A,2030,209.603482,0,,3,,,,,,,PNFUEL,,,,CPIX,,,,,IX,,,OL,
dataflow,IMF.RES:WEO(9.0.0),R,G001,PNFUELW,A,2031,209.643872,0,,3,,,,,,,PNFUEL,,,,CPIX,,,,,IX,,,OL,
dataflow,IMF.RES:WEO(9.0.0),R,G001,PNGASEU,A,2026,14.612111,0,,3,,,,,,,PNGASEU,,,,,UP,,,,USDBTU,,,OL,
dataflow,IMF.RES:WEO(9.0.0),R,G001,PNGASEU,A,2027,11.87946,0,,3,,,,,,,PNGASEU,,,,,UP,,,,USDBTU,,,OL,
dataflow,IMF.RES:WEO(9.0.0),R,G001,PNGASEU,A,2028,8.739246,0,,3,,,,,,,PNGASEU,,,,,UP,,,,USDBTU,,,OL,
dataflow,IMF.RES:WEO(9.0.0),R,G001,PNGASEU,A,2029,7.661423,0,,3,,,,,,,PNGASEU,,,,,UP,,,,USDBTU,,,OL,
dataflow,IMF.RES:WEO(9.0.0),R,G001,PNGASEU,A,2030,7.410439,0,,3,,,,,,,PNGASEU,,,,,UP,,,,USDBTU,,,OL,
dataflow,IMF.RES:WEO(9.0.0),R,G001,PNGASEU,A,2031,7.477729,0,,3,,,,,,,PNGASEU,,,,,UP,,,,USDBTU,,,OL,
dataflow,IMF.RES:WEO(9.0.0),R,G001,PNGASJP,A,2026,14.950167,0,,3,,,,,,,PNGASJP,,,,,UP,,,,USDBTU,,,OL,
dataflow,IMF.RES:WEO(9.0.0),R,G001,PNGASJP,A,2027,12.495417,0,,3,,,,,,,PNGASJP,,,,,UP,,,,USDBTU,,,OL,
dataflow,IMF.RES:WEO(9.0.0),R,G001,PNGASJP,A,2028,9.39125,0,,3,,,,,,,PNGASJP,,,,,UP,,,,USDBTU,,,OL,
dataflow,IMF.RES:WEO(9.0.0),R,G001,PNGASJP,A,2029,8.461667,0,,3,,,,,,,PNGASJP,,,,,UP,,,,USDBTU,,,OL,
dataflow,IMF.RES:WEO(9.0.0),R,G001,PNGASJP,A,2030,8.331667,0,,3,,,,,,,PNGASJP,,,,,UP,,,,USDBTU,,,OL,
dataflow,IMF.RES:WEO(9.0.0),R,G001,PNGASJP,A,2031,8.195918,0,,3,,,,,,,PNGASJP,,,,,UP,,,,USDBTU,,,OL,
dataflow,IMF.RES:WEO(9.0.0),R,G001,PNGASUS,A,2026,3.525087,0,,3,,,,,,,PNGASUS,,,,,UP,,,,USDPMT,,,OL,
dataflow,IMF.RES:WEO(9.0.0),R,G001,PNGASUS,A,2027,3.766,0,,3,,,,,,,PNGASUS,,,,,UP,,,,USDPMT,,,OL,
dataflow,IMF.RES:WEO(9.0.0),R,G001,PNGASUS,A,2028,3.689333,0,,3,,,,,,,PNGASUS,,,,,UP,,,,USDPMT,,,OL,
dataflow,IMF.RES:WEO(9.0.0),R,G001,PNGASUS,A,2029,3.625583,0,,3,,,,,,,PNGASUS,,,,,UP,,,,USDPMT,,,OL,
dataflow,IMF.RES:WEO(9.0.0),R,G001,PNGASUS,A,2030,3.659,0,,3,,,,,,,PNGASUS,,,,,UP,,,,USDPMT,,,OL,
dataflow,IMF.RES:WEO(9.0.0),R,G001,PNGASUS,A,2031,3.667833,0,,3,,,,,,,PNGASUS,,,,,UP,,,,USDPMT,,,OL,
dataflow,IMF.RES:WEO(9.0.0),R,G001,PNGASW,A,2026,224.905556,0,,3,,,,,,,PNGAS,,,,CPIX,,,,,IX,,,OL,
dataflow,IMF.RES:WEO(9.0.0),R,G001,PNGASW,A,2027,196.128495,0,,3,,,,,,,PNGAS,,,,CPIX,,,,,IX,,,OL,
dataflow,IMF.RES:WEO(9.0.0),R,G001,PNGASW,A,2028,157.173701,0,,3,,,,,,,PNGAS,,,,CPIX,,,,,IX,,,OL,
dataflow,IMF.RES:WEO(9.0.0),R,G001,PNGASW,A,2029,143.923097,0,,3,,,,,,,PNGAS,,,,CPIX,,,,,IX,,,OL,
dataflow,IMF.RES:WEO(9.0.0),R,G001,PNGASW,A,2030,141.855193,0,,3,,,,,,,PNGAS,,,,CPIX,,,,,IX,,,OL,
dataflow,IMF.RES:WEO(9.0.0),R,G001,PNGASW,A,2031,141.877515,0,,3,,,,,,,PNGAS,,,,CPIX,,,,,IX,,,OL,
dataflow,IMF.RES:WEO(9.0.0),R,G001,PNICK,A,2026,17570.103952,0,,3,,,,,,,PNICK,,,,,UP,,,,USDPMT,,,OL,
dataflow,IMF.RES:WEO(9.0.0),R,G001,PNICK,A,2027,18205.023333,0,,3,,,,,,,PNICK,,,,,UP,,,,USDPMT,,,OL,
dataflow,IMF.RES:WEO(9.0.0),R,G001,PNICK,A,2028,18789.94,0,,3,,,,,,,PNICK,,,,,UP,,,,USDPMT,,,OL,
dataflow,IMF.RES:WEO(9.0.0),R,G001,PNICK,A,2029,19326.69,0,,3,,,,,,,PNICK,,,,,UP,,,,USDPMT,,,OL,
dataflow,IMF.RES:WEO(9.0.0),R,G001,PNICK,A,2030,19923.69,0,,3,,,,,,,PNICK,,,,,UP,,,,USDPMT,,,OL,
dataflow,IMF.RES:WEO(9.0.0),R,G001,PNICK,A,2031,20489.69,0,,3,,,,,,,PNICK,,,,,UP,,,,USDPMT,,,OL,
dataflow,IMF.RES:WEO(9.0.0),R,G001,PNRGW,A,2026,194.133122,0,,3,,,,,,,PNRG,,,,CPIX,,,,,IX,,,OL,
dataflow,IMF.RES:WEO(9.0.0),R,G001,PNRGW,A,2027,179.533876,0,,3,,,,,,,PNRG,,,,CPIX,,,,,IX,,,OL,
dataflow,IMF.RES:WEO(9.0.0),R,G001,PNRGW,A,2028,169.20247,0,,3,,,,,,,PNRG,,,,CPIX,,,,,IX,,,OL,
dataflow,IMF.RES:WEO(9.0.0),R,G001,PNRGW,A,2029,166.14033,0,,3,,,,,,,PNRG,,,,CPIX,,,,,IX,,,OL,
dataflow,IMF.RES:WEO(9.0.0),R,G001,PNRGW,A,2030,165.402699,0,,3,,,,,,,PNRG,,,,CPIX,,,,,IX,,,OL,
dataflow,IMF.RES:WEO(9.0.0),R,G001,PNRGW,A,2031,164.792279,0,,3,,,,,,,PNRG,,,,CPIX,,,,,IX,,,OL,
dataflow,IMF.RES:WEO(9.0.0),R,G001,POILAPSP,A,2026,82.217713,0,,3,,,,,,,POILAPSP,,,,,UP,,,,USD_BBL,,,OL,
dataflow,IMF.RES:WEO(9.0.0),R,G001,POILAPSP,A,2027,75.965641,0,,3,,,,,,,POILAPSP,,,,,UP,,,,USD_BBL,,,OL,
dataflow,IMF.RES:WEO(9.0.0),R,G001,POILAPSP,A,2028,74.234507,0,,3,,,,,,,POILAPSP,,,,,UP,,,,USD_BBL,,,OL,
dataflow,IMF.RES:WEO(9.0.0),R,G001,POILAPSP,A,2029,73.91016,0,,3,,,,,,,POILAPSP,,,,,UP,,,,USD_BBL,,,OL,
dataflow,IMF.RES:WEO(9.0.0),R,G001,POILAPSP,A,2030,73.689967,0,,3,,,,,,,POILAPSP,,,,,UP,,,,USD_BBL,,,OL,
dataflow,IMF.RES:WEO(9.0.0),R,G001,POILAPSP,A,2031,73.30585,0,,3,,,,,,,POILAPSP,,,,,UP,,,,USD_BBL,,,OL,
dataflow,IMF.RES:WEO(9.0.0),R,G001,POILAPSPW,A,2026,190.62411,0,,3,,,,,,,POILAPSP,,,,CPIX,,,,,IX,,,OL,
dataflow,IMF.RES:WEO(9.0.0),R,G001,POILAPSPW,A,2027,176.395284,0,,3,,,,,,,POILAPSP,,,,CPIX,,,,,IX,,,OL,
dataflow,IMF.RES:WEO(9.0.0),R,G001,POILAPSPW,A,2028,172.38925,0,,3,,,,,,,POILAPSP,,,,CPIX,,,,,IX,,,OL,
dataflow,IMF.RES:WEO(9.0.0),R,G001,POILAPSPW,A,2029,171.638774,0,,3,,,,,,,POILAPSP,,,,CPIX,,,,,IX,,,OL,
dataflow,IMF.RES:WEO(9.0.0),R,G001,POILAPSPW,A,2030,171.129468,0,,3,,,,,,,POILAPSP,,,,CPIX,,,,,IX,,,OL,
dataflow,IMF.RES:WEO(9.0.0),R,G001,POILAPSPW,A,2031,170.240827,0,,3,,,,,,,POILAPSP,,,,CPIX,,,,,IX,,,OL,
dataflow,IMF.RES:WEO(9.0.0),R,G001,POILBRE,A,2026,80.186512,0,,3,,,,,,,POILBRE,,,,,UP,,,,USD_BBL,,,OL,
dataflow,IMF.RES:WEO(9.0.0),R,G001,POILBRE,A,2027,71.451835,0,,3,,,,,,,POILBRE,,,,,UP,,,,USD_BBL,,,OL,
dataflow,IMF.RES:WEO(9.0.0),R,G001,POILBRE,A,2028,69.689763,0,,3,,,,,,,POILBRE,,,,,UP,,,,USD_BBL,,,OL,
dataflow,IMF.RES:WEO(9.0.0),R,G001,POILBRE,A,2029,69.423202,0,,3,,,,,,,POILBRE,,,,,UP,,,,USD_BBL,,,OL,
dataflow,IMF.RES:WEO(9.0.0),R,G001,POILBRE,A,2030,69.357914,0,,3,,,,,,,POILBRE,,,,,UP,,,,USD_BBL,,,OL,
dataflow,IMF.RES:WEO(9.0.0),R,G001,POILBRE,A,2031,69.126906,0,,3,,,,,,,POILBRE,,,,,UP,,,,USD_BBL,,,OL,
dataflow,IMF.RES:WEO(9.0.0),R,G001,POILDUB,A,2026,91.377353,0,,3,,,,,,,POILDUB,,,,,UP,,,,USD_BBL,,,OL,
dataflow,IMF.RES:WEO(9.0.0),R,G001,POILDUB,A,2027,90.012159,0,,3,,,,,,,POILDUB,,,,,UP,,,,USD_BBL,,,OL,
dataflow,IMF.RES:WEO(9.0.0),R,G001,POILDUB,A,2028,88.250087,0,,3,,,,,,,POILDUB,,,,,UP,,,,USD_BBL,,,OL,
dataflow,IMF.RES:WEO(9.0.0),R,G001,POILDUB,A,2029,87.983526,0,,3,,,,,,,POILDUB,,,,,UP,,,,USD_BBL,,,OL,
dataflow,IMF.RES:WEO(9.0.0),R,G001,POILDUB,A,2030,87.918238,0,,3,,,,,,,POILDUB,,,,,UP,,,,USD_BBL,,,OL,
dataflow,IMF.RES:WEO(9.0.0),R,G001,POILDUB,A,2031,87.68723,0,,3,,,,,,,POILDUB,,,,,UP,,,,USD_BBL,,,OL,
dataflow,IMF.RES:WEO(9.0.0),R,G001,POILWTI,A,2026,75.089273,0,,3,,,,,,,POILWTI,,,,,UP,,,,USD_BBL,,,OL,
dataflow,IMF.RES:WEO(9.0.0),R,G001,POILWTI,A,2027,66.43293,0,,3,,,,,,,POILWTI,,,,,UP,,,,USD_BBL,,,OL,
dataflow,IMF.RES:WEO(9.0.0),R,G001,POILWTI,A,2028,64.763671,0,,3,,,,,,,POILWTI,,,,,UP,,,,USD_BBL,,,OL,
dataflow,IMF.RES:WEO(9.0.0),R,G001,POILWTI,A,2029,64.323753,0,,3,,,,,,,POILWTI,,,,,UP,,,,USD_BBL,,,OL,
dataflow,IMF.RES:WEO(9.0.0),R,G001,POILWTI,A,2030,63.793749,0,,3,,,,,,,POILWTI,,,,,UP,,,,USD_BBL,,,OL,
dataflow,IMF.RES:WEO(9.0.0),R,G001,POILWTI,A,2031,63.103415,0,,3,,,,,,,POILWTI,,,,,UP,,,,USD_BBL,,,OL,
dataflow,IMF.RES:WEO(9.0.0),R,G001,POLVOIL,A,2026,6121.522949,0,,3,,,,,,,POLVOIL,,,,,UP,,,,USDPMT,,,OL,
dataflow,IMF.RES:WEO(9.0.0),R,G001,POLVOIL,A,2027,6121.522949,0,,3,,,,,,,POLVOIL,,,,,UP,,,,USDPMT,,,OL,
dataflow,IMF.RES:WEO(9.0.0),R,G001,POLVOIL,A,2028,6121.522949,0,,3,,,,,,,POLVOIL,,,,,UP,,,,USDPMT,,,OL,
dataflow,IMF.RES:WEO(9.0.0),R,G001,POLVOIL,A,2029,6121.522949,0,,3,,,,,,,POLVOIL,,,,,UP,,,,USDPMT,,,OL,
dataflow,IMF.RES:WEO(9.0.0),R,G001,POLVOIL,A,2030,6121.522949,0,,3,,,,,,,POLVOIL,,,,,UP,,,,USDPMT,,,OL,
dataflow,IMF.RES:WEO(9.0.0),R,G001,POLVOIL,A,2031,6121.522949,0,,3,,,,,,,POLVOIL,,,,,UP,,,,USDPMT,,,OL,
dataflow,IMF.RES:WEO(9.0.0),R,G001,PORANG,A,2026,1.895548,0,,3,,,,,,,PORANG,,,,,MP,,,,USDPMT,,,OL,
dataflow,IMF.RES:WEO(9.0.0),R,G001,PORANG,A,2027,1.8765,0,,3,,,,,,,PORANG,,,,,MP,,,,USDPMT,,,OL,
dataflow,IMF.RES:WEO(9.0.0),R,G001,PORANG,A,2028,1.8215,0,,3,,,,,,,PORANG,,,,,MP,,,,USDPMT,,,OL,
dataflow,IMF.RES:WEO(9.0.0),R,G001,PORANG,A,2029,1.799,0,,3,,,,,,,PORANG,,,,,MP,,,,USDPMT,,,OL,
dataflow,IMF.RES:WEO(9.0.0),R,G001,PORANG,A,2030,1.799,0,,3,,,,,,,PORANG,,,,,MP,,,,USDPMT,,,OL,
dataflow,IMF.RES:WEO(9.0.0),R,G001,PORANG,A,2031,1.799,0,,3,,,,,,,PORANG,,,,,MP,,,,USDPMT,,,OL,
dataflow,IMF.RES:WEO(9.0.0),R,G001,PPOIL,A,2026,1099.064479,0,,3,,,,,,,PPOIL,,,,,UP,,,,USDPMT,,,OL,
dataflow,IMF.RES:WEO(9.0.0),R,G001,PPOIL,A,2027,1070.701616,0,,3,,,,,,,PPOIL,,,,,UP,,,,USDPMT,,,OL,
dataflow,IMF.RES:WEO(9.0.0),R,G001,PPOIL,A,2028,1056.60379,0,,3,,,,,,,PPOIL,,,,,UP,,,,USDPMT,,,OL,
dataflow,IMF.RES:WEO(9.0.0),R,G001,PPOIL,A,2029,1056.60379,0,,3,,,,,,,PPOIL,,,,,UP,,,,USDPMT,,,OL,
dataflow,IMF.RES:WEO(9.0.0),R,G001,PPOIL,A,2030,1056.60379,0,,3,,,,,,,PPOIL,,,,,UP,,,,USDPMT,,,OL,
dataflow,IMF.RES:WEO(9.0.0),R,G001,PPOIL,A,2031,1056.60379,0,,3,,,,,,,PPOIL,,,,,UP,,,,USDPMT,,,OL,
dataflow,IMF.RES:WEO(9.0.0),R,G001,PPORK,A,2026,93.842473,0,,3,,,,,,,PPORK,,,,,UP,,,,USCPP,,,OL,
dataflow,IMF.RES:WEO(9.0.0),R,G001,PPORK,A,2027,91.868723,0,,3,,,,,,,PPORK,,,,,UP,,,,USCPP,,,OL,
dataflow,IMF.RES:WEO(9.0.0),R,G001,PPORK,A,2028,96.34656,0,,3,,,,,,,PPORK,,,,,UP,,,,USCPP,,,OL,
dataflow,IMF.RES:WEO(9.0.0),R,G001,PPORK,A,2029,96.34656,0,,3,,,,,,,PPORK,,,,,UP,,,,USCPP,,,OL,
dataflow,IMF.RES:WEO(9.0.0),R,G001,PPORK,A,2030,96.34656,0,,3,,,,,,,PPORK,,,,,UP,,,,USCPP,,,OL,
dataflow,IMF.RES:WEO(9.0.0),R,G001,PPORK,A,2031,96.34656,0,,3,,,,,,,PPORK,,,,,UP,,,,USCPP,,,OL,
dataflow,IMF.RES:WEO(9.0.0),R,G001,PPOULT,A,2026,167.381721,0,,3,,,,,,,PPOULT,,,,,UP,,,,USCPP,,,OL,
dataflow,IMF.RES:WEO(9.0.0),R,G001,PPOULT,A,2027,167.381721,0,,3,,,,,,,PPOULT,,,,,UP,,,,USCPP,,,OL,
dataflow,IMF.RES:WEO(9.0.0),R,G001,PPOULT,A,2028,167.381721,0,,3,,,,,,,PPOULT,,,,,UP,,,,USCPP,,,OL,
dataflow,IMF.RES:WEO(9.0.0),R,G001,PPOULT,A,2029,167.381721,0,,3,,,,,,,PPOULT,,,,,UP,,,,USCPP,,,OL,
dataflow,IMF.RES:WEO(9.0.0),R,G001,PPOULT,A,2030,167.381721,0,,3,,,,,,,PPOULT,,,,,UP,,,,USCPP,,,OL,
dataflow,IMF.RES:WEO(9.0.0),R,G001,PPOULT,A,2031,167.381721,0,,3,,,,,,,PPOULT,,,,,UP,,,,USCPP,,,OL,
dataflow,IMF.RES:WEO(9.0.0),R,G001,PPPGDP,A,2026,222759639184000,9,,3,,,B1GQ,,,,,,,,,V,,,,,,,OL,
dataflow,IMF.RES:WEO(9.0.0),R,G001,PPPGDP,A,2027,234915893333000,9,,3,,,B1GQ,,,,,,,,,V,,,,,,,OL,
dataflow,IMF.RES:WEO(9.0.0),R,G001,PPPGDP,A,2028,246434304890000,9,,3,,,B1GQ,,,,,,,,,V,,,,,,,OL,
dataflow,IMF.RES:WEO(9.0.0),R,G001,PPPGDP,A,2029,258665813360000,9,,3,,,B1GQ,,,,,,,,,V,,,,,,,OL,
dataflow,IMF.RES:WEO(9.0.0),R,G001,PPPGDP,A,2030,271438937036000,9,,3,,,B1GQ,,,,,,,,,V,,,,,,,OL,
dataflow,IMF.RES:WEO(9.0.0),R,G001,PPPGDP,A,2031,284744956549000,9,,3,,,B1GQ,,,,,,,,,V,,,,,,,OL,
dataflow,IMF.RES:WEO(9.0.0),R,G001,PRAWMW,A,2026,105.004078,0,,3,,,,,,,PRAWM,,,,CPIX,,,,,IX,,,OL,
dataflow,IMF.RES:WEO(9.0.0),R,G001,PRAWMW,A,2027,107.246075,0,,3,,,,,,,PRAWM,,,,CPIX,,,,,IX,,,OL,
dataflow,IMF.RES:WEO(9.0.0),R,G001,PRAWMW,A,2028,107.272486,0,,3,,,,,,,PRAWM,,,,CPIX,,,,,IX,,,OL,
dataflow,IMF.RES:WEO(9.0.0),R,G001,PRAWMW,A,2029,107.217463,0,,3,,,,,,,PRAWM,,,,CPIX,,,,,IX,,,OL,
dataflow,IMF.RES:WEO(9.0.0),R,G001,PRAWMW,A,2030,107.217463,0,,3,,,,,,,PRAWM,,,,CPIX,,,,,IX,,,OL,
dataflow,IMF.RES:WEO(9.0.0),R,G001,PRAWMW,A,2031,107.217463,0,,3,,,,,,,PRAWM,,,,CPIX,,,,,IX,,,OL,
dataflow,IMF.RES:WEO(9.0.0),R,G001,PRICENPQ,A,2026,434.086916,0,,3,,,,,,,PRICENPQ,,,,,UP,,,,USDPMT,,,OL,
dataflow,IMF.RES:WEO(9.0.0),R,G001,PRICENPQ,A,2027,461.094627,0,,3,,,,,,,PRICENPQ,,,,,UP,,,,USDPMT,,,OL,
dataflow,IMF.RES:WEO(9.0.0),R,G001,PRICENPQ,A,2028,461.094627,0,,3,,,,,,,PRICENPQ,,,,,UP,,,,USDPMT,,,OL,
dataflow,IMF.RES:WEO(9.0.0),R,G001,PRICENPQ,A,2029,461.094627,0,,3,,,,,,,PRICENPQ,,,,,UP,,,,USDPMT,,,OL,
dataflow,IMF.RES:WEO(9.0.0),R,G001,PRICENPQ,A,2030,461.094627,0,,3,,,,,,,PRICENPQ,,,,,UP,,,,USDPMT,,,OL,
dataflow,IMF.RES:WEO(9.0.0),R,G001,PRICENPQ,A,2031,461.094627,0,,3,,,,,,,PRICENPQ,,,,,UP,,,,USDPMT,,,OL,
dataflow,IMF.RES:WEO(9.0.0),R,G001,PROIL,A,2026,1249.072571,0,,3,,,,,,,PROIL,,,,,UP,,,,USDPMT,,,OL,
dataflow,IMF.RES:WEO(9.0.0),R,G001,PROIL,A,2027,1249.072571,0,,3,,,,,,,PROIL,,,,,UP,,,,USDPMT,,,OL,
dataflow,IMF.RES:WEO(9.0.0),R,G001,PROIL,A,2028,1249.072571,0,,3,,,,,,,PROIL,,,,,UP,,,,USDPMT,,,OL,
dataflow,IMF.RES:WEO(9.0.0),R,G001,PROIL,A,2029,1249.072571,0,,3,,,,,,,PROIL,,,,,UP,,,,USDPMT,,,OL,
dataflow,IMF.RES:WEO(9.0.0),R,G001,PROIL,A,2030,1249.072571,0,,3,,,,,,,PROIL,,,,,UP,,,,USDPMT,,,OL,
dataflow,IMF.RES:WEO(9.0.0),R,G001,PROIL,A,2031,1249.072571,0,,3,,,,,,,PROIL,,,,,UP,,,,USDPMT,,,OL,
dataflow,IMF.RES:WEO(9.0.0),R,G001,PRUBB,A,2026,107.583647,0,,3,,,,,,,PRUBB,,,,,UP,,,,USCPP,,,OL,
dataflow,IMF.RES:WEO(9.0.0),R,G001,PRUBB,A,2027,108.862051,0,,3,,,,,,,PRUBB,,,,,UP,,,,USCPP,,,OL,
dataflow,IMF.RES:WEO(9.0.0),R,G001,PRUBB,A,2028,108.862051,0,,3,,,,,,,PRUBB,,,,,UP,,,,USCPP,,,OL,
dataflow,IMF.RES:WEO(9.0.0),R,G001,PRUBB,A,2029,108.862051,0,,3,,,,,,,PRUBB,,,,,UP,,,,USCPP,,,OL,
dataflow,IMF.RES:WEO(9.0.0),R,G001,PRUBB,A,2030,108.862051,0,,3,,,,,,,PRUBB,,,,,UP,,,,USCPP,,,OL,
dataflow,IMF.RES:WEO(9.0.0),R,G001,PRUBB,A,2031,108.862051,0,,3,,,,,,,PRUBB,,,,,UP,,,,USCPP,,,OL,
dataflow,IMF.RES:WEO(9.0.0),R,G001,PSALM,A,2026,8.69133,0,,3,,,,,,,PSALM,,,,,XP,,,,USDPK,,,OL,
dataflow,IMF.RES:WEO(9.0.0),R,G001,PSALM,A,2027,8.870006,0,,3,,,,,,,PSALM,,,,,XP,,,,USDPK,,,OL,
dataflow,IMF.RES:WEO(9.0.0),R,G001,PSALM,A,2028,8.957823,0,,3,,,,,,,PSALM,,,,,XP,,,,USDPK,,,OL,
dataflow,IMF.RES:WEO(9.0.0),R,G001,PSALM,A,2029,7.531418,0,,3,,,,,,,PSALM,,,,,XP,,,,USDPK,,,OL,
dataflow,IMF.RES:WEO(9.0.0),R,G001,PSALM,A,2030,7.531418,0,,3,,,,,,,PSALM,,,,,XP,,,,USDPK,,,OL,
dataflow,IMF.RES:WEO(9.0.0),R,G001,PSALM,A,2031,7.531418,0,,3,,,,,,,PSALM,,,,,XP,,,,USDPK,,,OL,
dataflow,IMF.RES:WEO(9.0.0),R,G001,PSAWMAL,A,2026,738.747498,0,,3,,,,,,,PSAWMAL,,,,,UP,,,,USD_PCM,,,OL,
dataflow,IMF.RES:WEO(9.0.0),R,G001,PSAWMAL,A,2027,738.747498,0,,3,,,,,,,PSAWMAL,,,,,UP,,,,USD_PCM,,,OL,
dataflow,IMF.RES:WEO(9.0.0),R,G001,PSAWMAL,A,2028,738.747498,0,,3,,,,,,,PSAWMAL,,,,,UP,,,,USD_PCM,,,OL,
dataflow,IMF.RES:WEO(9.0.0),R,G001,PSAWMAL,A,2029,738.747498,0,,3,,,,,,,PSAWMAL,,,,,UP,,,,USD_PCM,,,OL,
dataflow,IMF.RES:WEO(9.0.0),R,G001,PSAWMAL,A,2030,738.747498,0,,3,,,,,,,PSAWMAL,,,,,UP,,,,USD_PCM,,,OL,
dataflow,IMF.RES:WEO(9.0.0),R,G001,PSAWMAL,A,2031,738.747498,0,,3,,,,,,,PSAWMAL,,,,,UP,,,,USD_PCM,,,OL,
dataflow,IMF.RES:WEO(9.0.0),R,G001,PSAWORE,A,2026,292.771179,0,,3,,,,,,,PSAWORE,,,,,XP,,,,USD_PCM,,,OL,
dataflow,IMF.RES:WEO(9.0.0),R,G001,PSAWORE,A,2027,292.771179,0,,3,,,,,,,PSAWORE,,,,,XP,,,,USD_PCM,,,OL,
dataflow,IMF.RES:WEO(9.0.0),R,G001,PSAWORE,A,2028,292.771179,0,,3,,,,,,,PSAWORE,,,,,XP,,,,USD_PCM,,,OL,
dataflow,IMF.RES:WEO(9.0.0),R,G001,PSAWORE,A,2029,292.771179,0,,3,,,,,,,PSAWORE,,,,,XP,,,,USD_PCM,,,OL,
dataflow,IMF.RES:WEO(9.0.0),R,G001,PSAWORE,A,2030,292.771179,0,,3,,,,,,,PSAWORE,,,,,XP,,,,USD_PCM,,,OL,
dataflow,IMF.RES:WEO(9.0.0),R,G001,PSAWORE,A,2031,292.771179,0,,3,,,,,,,PSAWORE,,,,,XP,,,,USD_PCM,,,OL,
dataflow,IMF.RES:WEO(9.0.0),R,G001,PSEAFW,A,2026,108.889022,0,,3,,,,,,,PSEAF,,,,CPIX,,,,,IX,,,OL,
dataflow,IMF.RES:WEO(9.0.0),R,G001,PSEAFW,A,2027,110.488263,0,,3,,,,,,,PSEAF,,,,CPIX,,,,,IX,,,OL,
dataflow,IMF.RES:WEO(9.0.0),R,G001,PSEAFW,A,2028,111.274269,0,,3,,,,,,,PSEAF,,,,CPIX,,,,,IX,,,OL,
dataflow,IMF.RES:WEO(9.0.0),R,G001,PSEAFW,A,2029,98.507227,0,,3,,,,,,,PSEAF,,,,CPIX,,,,,IX,,,OL,
dataflow,IMF.RES:WEO(9.0.0),R,G001,PSEAFW,A,2030,98.507227,0,,3,,,,,,,PSEAF,,,,CPIX,,,,,IX,,,OL,
dataflow,IMF.RES:WEO(9.0.0),R,G001,PSEAFW,A,2031,98.507227,0,,3,,,,,,,PSEAF,,,,CPIX,,,,,IX,,,OL,
dataflow,IMF.RES:WEO(9.0.0),R,G001,PSHRI,A,2026,7.365034,0,,3,,,,,,,PSHRI,,,,,UP,,,,USDPK,,,OL,
dataflow,IMF.RES:WEO(9.0.0),R,G001,PSHRI,A,2027,7.365034,0,,3,,,,,,,PSHRI,,,,,UP,,,,USDPK,,,OL,
dataflow,IMF.RES:WEO(9.0.0),R,G001,PSHRI,A,2028,7.365034,0,,3,,,,,,,PSHRI,,,,,UP,,,,USDPK,,,OL,
dataflow,IMF.RES:WEO(9.0.0),R,G001,PSHRI,A,2029,7.365034,0,,3,,,,,,,PSHRI,,,,,UP,,,,USDPK,,,OL,
dataflow,IMF.RES:WEO(9.0.0),R,G001,PSHRI,A,2030,7.365034,0,,3,,,,,,,PSHRI,,,,,UP,,,,USDPK,,,OL,
dataflow,IMF.RES:WEO(9.0.0),R,G001,PSHRI,A,2031,7.365034,0,,3,,,,,,,PSHRI,,,,,UP,,,,USDPK,,,OL,
dataflow,IMF.RES:WEO(9.0.0),R,G001,PSMEA,A,2026,336.591006,0,,3,,,,,,,PSMEA,,,,,UP,,,,USDPMT,,,OL,
dataflow,IMF.RES:WEO(9.0.0),R,G001,PSMEA,A,2027,345.115299,0,,3,,,,,,,PSMEA,,,,,UP,,,,USDPMT,,,OL,
dataflow,IMF.RES:WEO(9.0.0),R,G001,PSMEA,A,2028,347.218877,0,,3,,,,,,,PSMEA,,,,,UP,,,,USDPMT,,,OL,
dataflow,IMF.RES:WEO(9.0.0),R,G001,PSMEA,A,2029,353.09787,0,,3,,,,,,,PSMEA,,,,,UP,,,,USDPMT,,,OL,
dataflow,IMF.RES:WEO(9.0.0),R,G001,PSMEA,A,2030,357.589789,0,,3,,,,,,,PSMEA,,,,,UP,,,,USDPMT,,,OL,
dataflow,IMF.RES:WEO(9.0.0),R,G001,PSMEA,A,2031,357.589789,0,,3,,,,,,,PSMEA,,,,,UP,,,,USDPMT,,,OL,
dataflow,IMF.RES:WEO(9.0.0),R,G001,PSOFTW,A,2026,95.259538,0,,3,,,,,,,PSOFT,,,,CPIX,,,,,IX,,,OL,
dataflow,IMF.RES:WEO(9.0.0),R,G001,PSOFTW,A,2027,97.353673,0,,3,,,,,,,PSOFT,,,,CPIX,,,,,IX,,,OL,
dataflow,IMF.RES:WEO(9.0.0),R,G001,PSOFTW,A,2028,97.353673,0,,3,,,,,,,PSOFT,,,,CPIX,,,,,IX,,,OL,
dataflow,IMF.RES:WEO(9.0.0),R,G001,PSOFTW,A,2029,97.353673,0,,3,,,,,,,PSOFT,,,,CPIX,,,,,IX,,,OL,
dataflow,IMF.RES:WEO(9.0.0),R,G001,PSOFTW,A,2030,97.353673,0,,3,,,,,,,PSOFT,,,,CPIX,,,,,IX,,,OL,
dataflow,IMF.RES:WEO(9.0.0),R,G001,PSOFTW,A,2031,97.353673,0,,3,,,,,,,PSOFT,,,,CPIX,,,,,IX,,,OL,
dataflow,IMF.RES:WEO(9.0.0),R,G001,PSOIL,A,2026,1380.033487,0,,3,,,,,,,PSOIL,,,,,UP,,,,USDPMT,,,OL,
dataflow,IMF.RES:WEO(9.0.0),R,G001,PSOIL,A,2027,1312.064197,0,,3,,,,,,,PSOIL,,,,,UP,,,,USDPMT,,,OL,
dataflow,IMF.RES:WEO(9.0.0),R,G001,PSOIL,A,2028,1237.566244,0,,3,,,,,,,PSOIL,,,,,UP,,,,USDPMT,,,OL,
dataflow,IMF.RES:WEO(9.0.0),R,G001,PSOIL,A,2029,1224.338494,0,,3,,,,,,,PSOIL,,,,,UP,,,,USDPMT,,,OL,
dataflow,IMF.RES:WEO(9.0.0),R,G001,PSOIL,A,2030,1217.173463,0,,3,,,,,,,PSOIL,,,,,UP,,,,USDPMT,,,OL,
dataflow,IMF.RES:WEO(9.0.0),R,G001,PSOIL,A,2031,1217.173463,0,,3,,,,,,,PSOIL,,,,,UP,,,,USDPMT,,,OL,
dataflow,IMF.RES:WEO(9.0.0),R,G001,PSOYB,A,2026,428.681769,0,,3,,,,,,,PSOYB,,,,,UP,,,,USDPMT,,,OL,
dataflow,IMF.RES:WEO(9.0.0),R,G001,PSOYB,A,2027,420.114071,0,,3,,,,,,,PSOYB,,,,,UP,,,,USDPMT,,,OL,
dataflow,IMF.RES:WEO(9.0.0),R,G001,PSOYB,A,2028,410.931982,0,,3,,,,,,,PSOYB,,,,,UP,,,,USDPMT,,,OL,
dataflow,IMF.RES:WEO(9.0.0),R,G001,PSOYB,A,2029,410.931982,0,,3,,,,,,,PSOYB,,,,,UP,,,,USDPMT,,,OL,
dataflow,IMF.RES:WEO(9.0.0),R,G001,PSOYB,A,2030,410.931982,0,,3,,,,,,,PSOYB,,,,,UP,,,,USDPMT,,,OL,
dataflow,IMF.RES:WEO(9.0.0),R,G001,PSOYB,A,2031,410.931982,0,,3,,,,,,,PSOYB,,,,,UP,,,,USDPMT,,,OL,
dataflow,IMF.RES:WEO(9.0.0),R,G001,PSUGAISA,A,2026,14.556451,0,,3,,,,,,,PSUGAISA,,,,,UP,,,,USCPP,,,OL,
dataflow,IMF.RES:WEO(9.0.0),R,G001,PSUGAISA,A,2027,15.5175,0,,3,,,,,,,PSUGAISA,,,,,UP,,,,USCPP,,,OL,
dataflow,IMF.RES:WEO(9.0.0),R,G001,PSUGAISA,A,2028,16.2225,0,,3,,,,,,,PSUGAISA,,,,,UP,,,,USCPP,,,OL,
dataflow,IMF.RES:WEO(9.0.0),R,G001,PSUGAISA,A,2029,16.32,0,,3,,,,,,,PSUGAISA,,,,,UP,,,,USCPP,,,OL,
dataflow,IMF.RES:WEO(9.0.0),R,G001,PSUGAISA,A,2030,16.32,0,,3,,,,,,,PSUGAISA,,,,,UP,,,,USCPP,,,OL,
dataflow,IMF.RES:WEO(9.0.0),R,G001,PSUGAISA,A,2031,16.32,0,,3,,,,,,,PSUGAISA,,,,,UP,,,,USCPP,,,OL,
dataflow,IMF.RES:WEO(9.0.0),R,G001,PSUGAUSA,A,2026,32.76242,0,,3,,,,,,,PSUGAUSA,,,,,MP,,,,USCPP,,,OL,
dataflow,IMF.RES:WEO(9.0.0),R,G001,PSUGAUSA,A,2027,34,0,,3,,,,,,,PSUGAUSA,,,,,MP,,,,USCPP,,,OL,
dataflow,IMF.RES:WEO(9.0.0),R,G001,PSUGAUSA,A,2028,34,0,,3,,,,,,,PSUGAUSA,,,,,MP,,,,USCPP,,,OL,
dataflow,IMF.RES:WEO(9.0.0),R,G001,PSUGAUSA,A,2029,34,0,,3,,,,,,,PSUGAUSA,,,,,MP,,,,USCPP,,,OL,
dataflow,IMF.RES:WEO(9.0.0),R,G001,PSUGAUSA,A,2030,34,0,,3,,,,,,,PSUGAUSA,,,,,MP,,,,USCPP,,,OL,
dataflow,IMF.RES:WEO(9.0.0),R,G001,PSUGAUSA,A,2031,34,0,,3,,,,,,,PSUGAUSA,,,,,MP,,,,USCPP,,,OL,
dataflow,IMF.RES:WEO(9.0.0),R,G001,PSUGAW,A,2026,84.062771,0,,3,,,,,,,PSUGA,,,,CPIX,,,,,IX,,,OL,
dataflow,IMF.RES:WEO(9.0.0),R,G001,PSUGAW,A,2027,89.277851,0,,3,,,,,,,PSUGA,,,,CPIX,,,,,IX,,,OL,
dataflow,IMF.RES:WEO(9.0.0),R,G001,PSUGAW,A,2028,92.774937,0,,3,,,,,,,PSUGA,,,,CPIX,,,,,IX,,,OL,
dataflow,IMF.RES:WEO(9.0.0),R,G001,PSUGAW,A,2029,93.258576,0,,3,,,,,,,PSUGA,,,,CPIX,,,,,IX,,,OL,
dataflow,IMF.RES:WEO(9.0.0),R,G001,PSUGAW,A,2030,93.258576,0,,3,,,,,,,PSUGA,,,,CPIX,,,,,IX,,,OL,
dataflow,IMF.RES:WEO(9.0.0),R,G001,PSUGAW,A,2031,93.258576,0,,3,,,,,,,PSUGA,,,,CPIX,,,,,IX,,,OL,
dataflow,IMF.RES:WEO(9.0.0),R,G001,PSUNO,A,2026,1759.882629,0,,3,,,,,,,PSUNO,,,,,XP,,,,USDPMT,,,OL,
dataflow,IMF.RES:WEO(9.0.0),R,G001,PSUNO,A,2027,1759.882629,0,,3,,,,,,,PSUNO,,,,,XP,,,,USDPMT,,,OL,
dataflow,IMF.RES:WEO(9.0.0),R,G001,PSUNO,A,2028,1759.882629,0,,3,,,,,,,PSUNO,,,,,XP,,,,USDPMT,,,OL,
dataflow,IMF.RES:WEO(9.0.0),R,G001,PSUNO,A,2029,1759.882629,0,,3,,,,,,,PSUNO,,,,,XP,,,,USDPMT,,,OL,
dataflow,IMF.RES:WEO(9.0.0),R,G001,PSUNO,A,2030,1759.882629,0,,3,,,,,,,PSUNO,,,,,XP,,,,USDPMT,,,OL,
dataflow,IMF.RES:WEO(9.0.0),R,G001,PSUNO,A,2031,1759.882629,0,,3,,,,,,,PSUNO,,,,,XP,,,,USDPMT,,,OL,
dataflow,IMF.RES:WEO(9.0.0),R,G001,PTEA,A,2026,306.269394,0,,3,,,,,,,PTEA,,,,,UP,,,,USCPL,,,OL,
dataflow,IMF.RES:WEO(9.0.0),R,G001,PTEA,A,2027,306.269394,0,,3,,,,,,,PTEA,,,,,UP,,,,USCPL,,,OL,
dataflow,IMF.RES:WEO(9.0.0),R,G001,PTEA,A,2028,306.269394,0,,3,,,,,,,PTEA,,,,,UP,,,,USCPL,,,OL,
dataflow,IMF.RES:WEO(9.0.0),R,G001,PTEA,A,2029,306.269394,0,,3,,,,,,,PTEA,,,,,UP,,,,USCPL,,,OL,
dataflow,IMF.RES:WEO(9.0.0),R,G001,PTEA,A,2030,306.269394,0,,3,,,,,,,PTEA,,,,,UP,,,,USCPL,,,OL,
dataflow,IMF.RES:WEO(9.0.0),R,G001,PTEA,A,2031,306.269394,0,,3,,,,,,,PTEA,,,,,UP,,,,USCPL,,,OL,
dataflow,IMF.RES:WEO(9.0.0),R,G001,PTIMBW,A,2026,93.544078,0,,3,,,,,,,PTIMB,,,,CPIX,,,,,IX,,,OL,
dataflow,IMF.RES:WEO(9.0.0),R,G001,PTIMBW,A,2027,94.702272,0,,3,,,,,,,PTIMB,,,,CPIX,,,,,IX,,,OL,
dataflow,IMF.RES:WEO(9.0.0),R,G001,PTIMBW,A,2028,94.702272,0,,3,,,,,,,PTIMB,,,,CPIX,,,,,IX,,,OL,
dataflow,IMF.RES:WEO(9.0.0),R,G001,PTIMBW,A,2029,94.702272,0,,3,,,,,,,PTIMB,,,,CPIX,,,,,IX,,,OL,
dataflow,IMF.RES:WEO(9.0.0),R,G001,PTIMBW,A,2030,94.702272,0,,3,,,,,,,PTIMB,,,,CPIX,,,,,IX,,,OL,
dataflow,IMF.RES:WEO(9.0.0),R,G001,PTIMBW,A,2031,94.702272,0,,3,,,,,,,PTIMB,,,,CPIX,,,,,IX,,,OL,
dataflow,IMF.RES:WEO(9.0.0),R,G001,PTIN,A,2026,50204.593099,0,,3,,,,,,,PTIN,,,,,UP,,,,USDPMT,,,OL,
dataflow,IMF.RES:WEO(9.0.0),R,G001,PTIN,A,2027,50555,0,,3,,,,,,,PTIN,,,,,UP,,,,USDPMT,,,OL,
dataflow,IMF.RES:WEO(9.0.0),R,G001,PTIN,A,2028,50554,0,,3,,,,,,,PTIN,,,,,UP,,,,USDPMT,,,OL,
dataflow,IMF.RES:WEO(9.0.0),R,G001,PTIN,A,2029,50554,0,,3,,,,,,,PTIN,,,,,UP,,,,USDPMT,,,OL,
dataflow,IMF.RES:WEO(9.0.0),R,G001,PTIN,A,2030,50554,0,,3,,,,,,,PTIN,,,,,UP,,,,USDPMT,,,OL,
dataflow,IMF.RES:WEO(9.0.0),R,G001,PTIN,A,2031,50554,0,,3,,,,,,,PTIN,,,,,UP,,,,USDPMT,,,OL,
dataflow,IMF.RES:WEO(9.0.0),R,G001,PURAN,A,2026,83.117997,0,,3,,,,,,,PURAN,,,,,UP,,,,USDPP,,,OL,
dataflow,IMF.RES:WEO(9.0.0),R,G001,PURAN,A,2027,91.504167,0,,3,,,,,,,PURAN,,,,,UP,,,,USDPP,,,OL,
dataflow,IMF.RES:WEO(9.0.0),R,G001,PURAN,A,2028,95.525,0,,3,,,,,,,PURAN,,,,,UP,,,,USDPP,,,OL,
dataflow,IMF.RES:WEO(9.0.0),R,G001,PURAN,A,2029,98.783333,0,,3,,,,,,,PURAN,,,,,UP,,,,USDPP,,,OL,
dataflow,IMF.RES:WEO(9.0.0),R,G001,PURAN,A,2030,102.041667,0,,3,,,,,,,PURAN,,,,,UP,,,,USDPP,,,OL,
dataflow,IMF.RES:WEO(9.0.0),R,G001,PURAN,A,2031,103.525,0,,3,,,,,,,PURAN,,,,,UP,,,,USDPP,,,OL,
dataflow,IMF.RES:WEO(9.0.0),R,G001,PVOILW,A,2026,140.795296,0,,3,,,,,,,PVOIL,,,,CPIX,,,,,IX,,,OL,
dataflow,IMF.RES:WEO(9.0.0),R,G001,PVOILW,A,2027,139.006497,0,,3,,,,,,,PVOIL,,,,CPIX,,,,,IX,,,OL,
dataflow,IMF.RES:WEO(9.0.0),R,G001,PVOILW,A,2028,137.291883,0,,3,,,,,,,PVOIL,,,,CPIX,,,,,IX,,,OL,
dataflow,IMF.RES:WEO(9.0.0),R,G001,PVOILW,A,2029,137.439961,0,,3,,,,,,,PVOIL,,,,CPIX,,,,,IX,,,OL,
dataflow,IMF.RES:WEO(9.0.0),R,G001,PVOILW,A,2030,137.57477,0,,3,,,,,,,PVOIL,,,,CPIX,,,,,IX,,,OL,
dataflow,IMF.RES:WEO(9.0.0),R,G001,PVOILW,A,2031,137.57477,0,,3,,,,,,,PVOIL,,,,CPIX,,,,,IX,,,OL,
dataflow,IMF.RES:WEO(9.0.0),R,G001,PWHEAMT,A,2026,201.401136,0,,3,,,,,,,PWHEAMT,,,,,UP,,,,USDPMT,,,OL,
dataflow,IMF.RES:WEO(9.0.0),R,G001,PWHEAMT,A,2027,225.177654,0,,3,,,,,,,PWHEAMT,,,,,UP,,,,USDPMT,,,OL,
dataflow,IMF.RES:WEO(9.0.0),R,G001,PWHEAMT,A,2028,226.847337,0,,3,,,,,,,PWHEAMT,,,,,UP,,,,USDPMT,,,OL,
dataflow,IMF.RES:WEO(9.0.0),R,G001,PWHEAMT,A,2029,224.822846,0,,3,,,,,,,PWHEAMT,,,,,UP,,,,USDPMT,,,OL,
dataflow,IMF.RES:WEO(9.0.0),R,G001,PWHEAMT,A,2030,224.822846,0,,3,,,,,,,PWHEAMT,,,,,UP,,,,USDPMT,,,OL,
dataflow,IMF.RES:WEO(9.0.0),R,G001,PWHEAMT,A,2031,224.822846,0,,3,,,,,,,PWHEAMT,,,,,UP,,,,USDPMT,,,OL,
dataflow,IMF.RES:WEO(9.0.0),R,G001,PWOOLC,A,2026,933.858236,0,,3,,,,,,,PWOOLC,,,,,UP,,,,USCPL,,,OL,
dataflow,IMF.RES:WEO(9.0.0),R,G001,PWOOLC,A,2027,933.858236,0,,3,,,,,,,PWOOLC,,,,,UP,,,,USCPL,,,OL,
dataflow,IMF.RES:WEO(9.0.0),R,G001,PWOOLC,A,2028,933.858236,0,,3,,,,,,,PWOOLC,,,,,UP,,,,USCPL,,,OL,
dataflow,IMF.RES:WEO(9.0.0),R,G001,PWOOLC,A,2029,933.858236,0,,3,,,,,,,PWOOLC,,,,,UP,,,,USCPL,,,OL,
dataflow,IMF.RES:WEO(9.0.0),R,G001,PWOOLC,A,2030,933.858236,0,,3,,,,,,,PWOOLC,,,,,UP,,,,USCPL,,,OL,
dataflow,IMF.RES:WEO(9.0.0),R,G001,PWOOLC,A,2031,933.858236,0,,3,,,,,,,PWOOLC,,,,,UP,,,,USCPL,,,OL,
dataflow,IMF.RES:WEO(9.0.0),R,G001,PWOOLF,A,2026,967.42981,0,,3,,,,,,,PWOOLF,,,,,UP,,,,USCPL,,,OL,
dataflow,IMF.RES:WEO(9.0.0),R,G001,PWOOLF,A,2027,967.42981,0,,3,,,,,,,PWOOLF,,,,,UP,,,,USCPL,,,OL,
dataflow,IMF.RES:WEO(9.0.0),R,G001,PWOOLF,A,2028,967.42981,0,,3,,,,,,,PWOOLF,,,,,UP,,,,USCPL,,,OL,
dataflow,IMF.RES:WEO(9.0.0),R,G001,PWOOLF,A,2029,967.42981,0,,3,,,,,,,PWOOLF,,,,,UP,,,,USCPL,,,OL,
dataflow,IMF.RES:WEO(9.0.0),R,G001,PWOOLF,A,2030,967.42981,0,,3,,,,,,,PWOOLF,,,,,UP,,,,USCPL,,,OL,
dataflow,IMF.RES:WEO(9.0.0),R,G001,PWOOLF,A,2031,967.42981,0,,3,,,,,,,PWOOLF,,,,,UP,,,,USCPL,,,OL,
dataflow,IMF.RES:WEO(9.0.0),R,G001,PWOOLW,A,2026,89.366821,0,,3,,,,,,,PWOOL,,,,CPIX,,,,,IX,,,OL,
dataflow,IMF.RES:WEO(9.0.0),R,G001,PWOOLW,A,2027,89.366821,0,,3,,,,,,,PWOOL,,,,CPIX,,,,,IX,,,OL,
dataflow,IMF.RES:WEO(9.0.0),R,G001,PWOOLW,A,2028,89.366821,0,,3,,,,,,,PWOOL,,,,CPIX,,,,,IX,,,OL,
dataflow,IMF.RES:WEO(9.0.0),R,G001,PWOOLW,A,2029,89.366821,0,,3,,,,,,,PWOOL,,,,CPIX,,,,,IX,,,OL,
dataflow,IMF.RES:WEO(9.0.0),R,G001,PWOOLW,A,2030,89.366821,0,,3,,,,,,,PWOOL,,,,CPIX,,,,,IX,,,OL,
dataflow,IMF.RES:WEO(9.0.0),R,G001,PWOOLW,A,2031,89.366821,0,,3,,,,,,,PWOOL,,,,CPIX,,,,,IX,,,OL,
dataflow,IMF.RES:WEO(9.0.0),R,G001,PZINC,A,2026,3327.654634,0,,3,,,,,,,PZINC,,,,,UP,,,,USDPMT,,,OL,
dataflow,IMF.RES:WEO(9.0.0),R,G001,PZINC,A,2027,3285.448333,0,,3,,,,,,,PZINC,,,,,UP,,,,USDPMT,,,OL,
dataflow,IMF.RES:WEO(9.0.0),R,G001,PZINC,A,2028,3125.365,0,,3,,,,,,,PZINC,,,,,UP,,,,USDPMT,,,OL,
dataflow,IMF.RES:WEO(9.0.0),R,G001,PZINC,A,2029,3041.99,0,,3,,,,,,,PZINC,,,,,UP,,,,USDPMT,,,OL,
dataflow,IMF.RES:WEO(9.0.0),R,G001,PZINC,A,2030,3041.99,0,,3,,,,,,,PZINC,,,,,UP,,,,USDPMT,,,OL,
dataflow,IMF.RES:WEO(9.0.0),R,G001,PZINC,A,2031,3041.99,0,,3,,,,,,,PZINC,,,,,UP,,,,USDPMT,,,OL,
dataflow,IMF.RES:WEO(9.0.0),R,G001,TMG_RPCH,A,2026,2.580978,0,,3,,,,,,MG,,,,,,VL,,,,PT,,,OL,
dataflow,IMF.RES:WEO(9.0.0),R,G001,TMG_RPCH,A,2027,4.043607,0,,3,,,,,,MG,,,,,,VL,,,,PT,,,OL,
dataflow,IMF.RES:WEO(9.0.0),R,G001,TMG_RPCH,A,2028,3.144053,0,,3,,,,,,MG,,,,,,VL,,,,PT,,,OL,
dataflow,IMF.RES:WEO(9.0.0),R,G001,TMG_RPCH,A,2029,3.219779,0,,3,,,,,,MG,,,,,,VL,,,,PT,,,OL,
dataflow,IMF.RES:WEO(9.0.0),R,G001,TMG_RPCH,A,2030,3.170889,0,,3,,,,,,MG,,,,,,VL,,,,PT,,,OL,
dataflow,IMF.RES:WEO(9.0.0),R,G001,TMG_RPCH,A,2031,3.105182,0,,3,,,,,,MG,,,,,,VL,,,,PT,,,OL,
dataflow,IMF.RES:WEO(9.0.0),R,G001,TM_RPCH,A,2026,2.633555,0,,3,,,,,,MGS,,,,,,VL,,,,PT,,,OL,
dataflow,IMF.RES:WEO(9.0.0),R,G001,TM_RPCH,A,2027,3.766623,0,,3,,,,,,MGS,,,,,,VL,,,,PT,,,OL,
dataflow,IMF.RES:WEO(9.0.0),R,G001,TM_RPCH,A,2028,3.072674,0,,3,,,,,,MGS,,,,,,VL,,,,PT,,,OL,
dataflow,IMF.RES:WEO(9.0.0),R,G001,TM_RPCH,A,2029,3.121905,0,,3,,,,,,MGS,,,,,,VL,,,,PT,,,OL,
dataflow,IMF.RES:WEO(9.0.0),R,G001,TM_RPCH,A,2030,3.010218,0,,3,,,,,,MGS,,,,,,VL,,,,PT,,,OL,
dataflow,IMF.RES:WEO(9.0.0),R,G001,TM_RPCH,A,2031,2.929289,0,,3,,,,,,MGS,,,,,,VL,,,,PT,,,OL,
dataflow,IMF.RES:WEO(9.0.0),R,G001,TRADEPCH,A,2026,2.753402,0,,3,,TGS,,,,,,,,,,VL,,,,PT,,,OL,
dataflow,IMF.RES:WEO(9.0.0),R,G001,TRADEPCH,A,2027,3.768054,0,,3,,TGS,,,,,,,,,,VL,,,,PT,,,OL,
dataflow,IMF.RES:WEO(9.0.0),R,G001,TRADEPCH,A,2028,3.210224,0,,3,,TGS,,,,,,,,,,VL,,,,PT,,,OL,
dataflow,IMF.RES:WEO(9.0.0),R,G001,TRADEPCH,A,2029,3.13122,0,,3,,TGS,,,,,,,,,,VL,,,,PT,,,OL,
dataflow,IMF.RES:WEO(9.0.0),R,G001,TRADEPCH,A,2030,3.009483,0,,3,,TGS,,,,,,,,,,VL,,,,PT,,,OL,
dataflow,IMF.RES:WEO(9.0.0),R,G001,TRADEPCH,A,2031,2.928401,0,,3,,TGS,,,,,,,,,,VL,,,,PT,,,OL,
dataflow,IMF.RES:WEO(9.0.0),R,G001,TXG_RPCH,A,2026,3.013641,0,,3,,,,,,XG,,,,,,VL,,,,PT,,,OL,
dataflow,IMF.RES:WEO(9.0.0),R,G001,TXG_RPCH,A,2027,3.673668,0,,3,,,,,,XG,,,,,,VL,,,,PT,,,OL,
dataflow,IMF.RES:WEO(9.0.0),R,G001,TXG_RPCH,A,2028,3.291276,0,,3,,,,,,XG,,,,,,VL,,,,PT,,,OL,
dataflow,IMF.RES:WEO(9.0.0),R,G001,TXG_RPCH,A,2029,3.117242,0,,3,,,,,,XG,,,,,,VL,,,,PT,,,OL,
dataflow,IMF.RES:WEO(9.0.0),R,G001,TXG_RPCH,A,2030,3.023113,0,,3,,,,,,XG,,,,,,VL,,,,PT,,,OL,
dataflow,IMF.RES:WEO(9.0.0),R,G001,TXG_RPCH,A,2031,2.919874,0,,3,,,,,,XG,,,,,,VL,,,,PT,,,OL,
dataflow,IMF.RES:WEO(9.0.0),R,G001,TX_RPCH,A,2026,2.873714,0,,3,,,,,,XGS,,,,,,VL,,,,PT,,,OL,
dataflow,IMF.RES:WEO(9.0.0),R,G001,TX_RPCH,A,2027,3.769487,0,,3,,,,,,XGS,,,,,,VL,,,,PT,,,OL,
dataflow,IMF.RES:WEO(9.0.0),R,G001,TX_RPCH,A,2028,3.347981,0,,3,,,,,,XGS,,,,,,VL,,,,PT,,,OL,
dataflow,IMF.RES:WEO(9.0.0),R,G001,TX_RPCH,A,2029,3.140525,0,,3,,,,,,XGS,,,,,,VL,,,,PT,,,OL,
dataflow,IMF.RES:WEO(9.0.0),R,G001,TX_RPCH,A,2030,3.008749,0,,3,,,,,,XGS,,,,,,VL,,,,PT,,,OL,
dataflow,IMF.RES:WEO(9.0.0),R,G001,TX_RPCH,A,2031,2.927515,0,,3,,,,,,XGS,,,,,,VL,,,,PT,,,OL,