dataflow,IMF.RES:WEO(9.0.0),R,KHM,BCA,A,2026,-3291520000,9,,3,,CAB,,,,,,,,,,,,,,USD,,,OL,9/12/2025
dataflow,IMF.RES:WEO(9.0.0),R,KHM,BCA,A,2027,-3708416000,9,,3,,CAB,,,,,,,,,,,,,,USD,,,OL,9/12/2025
dataflow,IMF.RES:WEO(9.0.0),R,KHM,BCA,A,2028,-4381897000,9,,3,,CAB,,,,,,,,,,,,,,USD,,,OL,9/12/2025
dataflow,IMF.RES:WEO(9.0.0),R,KHM,BCA,A,2029,-4579434000,9,,3,,CAB,,,,,,,,,,,,,,USD,,,OL,9/12/2025
dataflow,IMF.RES:WEO(9.0.0),R,KHM,BCA,A,2030,-4785672000,9,,3,,CAB,,,,,,,,,,,,,,USD,,,OL,9/12/2025
dataflow,IMF.RES:WEO(9.0.0),R,KHM,BCA,A,2031,-5167240000,9,,3,,CAB,,,,,,,,,,,,,,USD,,,OL,9/12/2025
dataflow,IMF.RES:WEO(9.0.0),R,KHM,BCA_NGDPD,A,2026,-6.284046,0,,3,,CAB,,,,,,,,,,,,,,PT,,,OL,9/12/2025
dataflow,IMF.RES:WEO(9.0.0),R,KHM,BCA_NGDPD,A,2027,-6.608613,0,,3,,CAB,,,,,,,,,,,,,,PT,,,OL,9/12/2025
dataflow,IMF.RES:WEO(9.0.0),R,KHM,BCA_NGDPD,A,2028,-7.255938,0,,3,,CAB,,,,,,,,,,,,,,PT,,,OL,9/12/2025
dataflow,IMF.RES:WEO(9.0.0),R,KHM,BCA_NGDPD,A,2029,-7.028263,0,,3,,CAB,,,,,,,,,,,,,,PT,,,OL,9/12/2025
dataflow,IMF.RES:WEO(9.0.0),R,KHM,BCA_NGDPD,A,2030,-6.800837,0,,3,,CAB,,,,,,,,,,,,,,PT,,,OL,9/12/2025
dataflow,IMF.RES:WEO(9.0.0),R,KHM,BCA_NGDPD,A,2031,-6.792838,0,,3,,CAB,,,,,,,,,,,,,,PT,,,OL,9/12/2025
dataflow,IMF.RES:WEO(9.0.0),R,KHM,GGR,A,2026,32551980000000,9,,3,,,,G1,,,,,S13,,,,,,,XDC,,,OL,9/12/2025
dataflow,IMF.RES:WEO(9.0.0),R,KHM,GGR,A,2027,35034401011000,9,,3,,,,G1,,,,,S13,,,,,,,XDC,,,OL,9/12/2025
dataflow,IMF.RES:WEO(9.0.0),R,KHM,GGR,A,2028,37878667568000,9,,3,,,,G1,,,,,S13,,,,,,,XDC,,,OL,9/12/2025
dataflow,IMF.RES:WEO(9.0.0),R,KHM,GGR,A,2029,41063138793000,9,,3,,,,G1,,,,,S13,,,,,,,XDC,,,OL,9/12/2025
dataflow,IMF.RES:WEO(9.0.0),R,KHM,GGR,A,2030,44566472987000,9,,3,,,,G1,,,,,S13,,,,,,,XDC,,,OL,9/12/2025
dataflow,IMF.RES:WEO(9.0.0),R,KHM,GGR,A,2031,48422613388000,9,,3,,,,G1,,,,,S13,,,,,,,XDC,,,OL,9/12/2025
dataflow,IMF.RES:WEO(9.0.0),R,KHM,GGR_NGDP,A,2026,15.149495,0,,3,,,,G1,,,,,S13,,,,,,,PT,,,OL,9/12/2025
dataflow,IMF.RES:WEO(9.0.0),R,KHM,GGR_NGDP,A,2027,15.219293,0,,3,,,,G1,,,,,S13,,,,,,,PT,,,OL,9/12/2025
dataflow,IMF.RES:WEO(9.0.0),R,KHM,GGR_NGDP,A,2028,15.289875,0,,3,,,,G1,,,,,S13,,,,,,,PT,,,OL,9/12/2025
dataflow,IMF.RES:WEO(9.0.0),R,KHM,GGR_NGDP,A,2029,15.362652,0,,3,,,,G1,,,,,S13,,,,,,,PT,,,OL,9/12/2025
dataflow,IMF.RES:WEO(9.0.0),R,KHM,GGR_NGDP,A,2030,15.438517,0,,3,,,,G1,,,,,S13,,,,,,,PT,,,OL,9/12/2025
dataflow,IMF.RES:WEO(9.0.0),R,KHM,GGR_NGDP,A,2031,15.517391,0,,3,,,,G1,,,,,S13,,,,,,,PT,,,OL,9/12/2025
dataflow,IMF.RES:WEO(9.0.0),R,KHM,GGX,A,2026,40452501000000,9,,3,,,,G2M,,,,,S13,,,,,,,XDC,,,OL,9/12/2025
dataflow,IMF.RES:WEO(9.0.0),R,KHM,GGX,A,2027,43238670546000,9,,3,,,,G2M,,,,,S13,,,,,,,XDC,,,OL,9/12/2025
dataflow,IMF.RES:WEO(9.0.0),R,KHM,GGX,A,2028,46552126043000,9,,3,,,,G2M,,,,,S13,,,,,,,XDC,,,OL,9/12/2025
dataflow,IMF.RES:WEO(9.0.0),R,KHM,GGX,A,2029,50211670429000,9,,3,,,,G2M,,,,,S13,,,,,,,XDC,,,OL,9/12/2025
dataflow,IMF.RES:WEO(9.0.0),R,KHM,GGX,A,2030,54223750963000,9,,3,,,,G2M,,,,,S13,,,,,,,XDC,,,OL,9/12/2025
dataflow,IMF.RES:WEO(9.0.0),R,KHM,GGX,A,2031,58750348280000,9,,3,,,,G2M,,,,,S13,,,,,,,XDC,,,OL,9/12/2025
dataflow,IMF.RES:WEO(9.0.0),R,KHM,GGXCNL,A,2026,-7900521000000,9,,3,,,,GNLB,,,,,S13,,,,,,,XDC,,,OL,9/12/2025
dataflow,IMF.RES:WEO(9.0.0),R,KHM,GGXCNL,A,2027,-8204269535000,9,,3,,,,GNLB,,,,,S13,,,,,,,XDC,,,OL,9/12/2025
dataflow,IMF.RES:WEO(9.0.0),R,KHM,GGXCNL,A,2028,-8673458474000,9,,3,,,,GNLB,,,,,S13,,,,,,,XDC,,,OL,9/12/2025
dataflow,IMF.RES:WEO(9.0.0),R,KHM,GGXCNL,A,2029,-9148531636000,9,,3,,,,GNLB,,,,,S13,,,,,,,XDC,,,OL,9/12/2025
dataflow,IMF.RES:WEO(9.0.0),R,KHM,GGXCNL,A,2030,-9657277976000,9,,3,,,,GNLB,,,,,S13,,,,,,,XDC,,,OL,9/12/2025
dataflow,IMF.RES:WEO(9.0.0),R,KHM,GGXCNL,A,2031,-10327734892000,9,,3,,,,GNLB,,,,,S13,,,,,,,XDC,,,OL,9/12/2025
dataflow,IMF.RES:WEO(9.0.0),R,KHM,GGXCNL_NGDP,A,2026,-3.676855,0,,3,,,,GNLB,,,,,S13,,,,,,,PT,,,OL,9/12/2025
dataflow,IMF.RES:WEO(9.0.0),R,KHM,GGXCNL_NGDP,A,2027,-3.564016,0,,3,,,,GNLB,,,,,S13,,,,,,,PT,,,OL,9/12/2025
dataflow,IMF.RES:WEO(9.0.0),R,KHM,GGXCNL_NGDP,A,2028,-3.501076,0,,3,,,,GNLB,,,,,S13,,,,,,,PT,,,OL,9/12/2025
dataflow,IMF.RES:WEO(9.0.0),R,KHM,GGXCNL_NGDP,A,2029,-3.422673,0,,3,,,,GNLB,,,,,S13,,,,,,,PT,,,OL,9/12/2025
dataflow,IMF.RES:WEO(9.0.0),R,KHM,GGXCNL_NGDP,A,2030,-3.345431,0,,3,,,,GNLB,,,,,S13,,,,,,,PT,,,OL,9/12/2025
dataflow,IMF.RES:WEO(9.0.0),R,KHM,GGXCNL_NGDP,A,2031,-3.3096,0,,3,,,,GNLB,,,,,S13,,,,,,,PT,,,OL,9/12/2025
dataflow,IMF.RES:WEO(9.0.0),R,KHM,GGXONLB,A,2026,-7129691000000,9,,3,,,,GPB,,,,,S13,,,,,,,XDC,,,OL,9/12/2025
dataflow,IMF.RES:WEO(9.0.0),R,KHM,GGXONLB,A,2027,-7477538132000,9,,3,,,,GPB,,,,,S13,,,,,,,XDC,,,OL,9/12/2025
dataflow,IMF.RES:WEO(9.0.0),R,KHM,GGXONLB,A,2028,-7872423129000,9,,3,,,,GPB,,,,,S13,,,,,,,XDC,,,OL,9/12/2025
dataflow,IMF.RES:WEO(9.0.0),R,KHM,GGXONLB,A,2029,-8299304778000,9,,3,,,,GPB,,,,,S13,,,,,,,XDC,,,OL,9/12/2025
dataflow,IMF.RES:WEO(9.0.0),R,KHM,GGXONLB,A,2030,-8744103103000,9,,3,,,,GPB,,,,,S13,,,,,,,XDC,,,OL,9/12/2025
dataflow,IMF.RES:WEO(9.0.0),R,KHM,GGXONLB,A,2031,-9206273744000,9,,3,,,,GPB,,,,,S13,,,,,,,XDC,,,OL,9/12/2025
dataflow,IMF.RES:WEO(9.0.0),R,KHM,GGXONLB_NGDP,A,2026,-3.318115,0,,3,,,,GPB,,,,,S13,,,,,,,PT,,,OL,9/12/2025
dataflow,IMF.RES:WEO(9.0.0),R,KHM,GGXONLB_NGDP,A,2027,-3.248317,0,,3,,,,GPB,,,,,S13,,,,,,,PT,,,OL,9/12/2025
dataflow,IMF.RES:WEO(9.0.0),R,KHM,GGXONLB_NGDP,A,2028,-3.177735,0,,3,,,,GPB,,,,,S13,,,,,,,PT,,,OL,9/12/2025
dataflow,IMF.RES:WEO(9.0.0),R,KHM,GGXONLB_NGDP,A,2029,-3.104958,0,,3,,,,GPB,,,,,S13,,,,,,,PT,,,OL,9/12/2025
dataflow,IMF.RES:WEO(9.0.0),R,KHM,GGXONLB_NGDP,A,2030,-3.029093,0,,3,,,,GPB,,,,,S13,,,,,,,PT,,,OL,9/12/2025
dataflow,IMF.RES:WEO(9.0.0),R,KHM,GGXONLB_NGDP,A,2031,-2.95022,0,,3,,,,GPB,,,,,S13,,,,,,,PT,,,OL,9/12/2025
dataflow,IMF.RES:WEO(9.0.0),R,KHM,GGXWDG,A,2026,58217269497000,9,,3,,,,G63G,,,,,S13,,,,,,,XDC,,,OL,9/12/2025
dataflow,IMF.RES:WEO(9.0.0),R,KHM,GGXWDG,A,2027,62583978130000,9,,3,,,,G63G,,,,,S13,,,,,,,XDC,,,OL,9/12/2025
dataflow,IMF.RES:WEO(9.0.0),R,KHM,GGXWDG,A,2028,67553248551000,9,,3,,,,G63G,,,,,S13,,,,,,,XDC,,,OL,9/12/2025
dataflow,IMF.RES:WEO(9.0.0),R,KHM,GGXWDG,A,2029,72366874957000,9,,3,,,,G63G,,,,,S13,,,,,,,XDC,,,OL,9/12/2025
dataflow,IMF.RES:WEO(9.0.0),R,KHM,GGXWDG,A,2030,78615170914000,9,,3,,,,G63G,,,,,S13,,,,,,,XDC,,,OL,9/12/2025
dataflow,IMF.RES:WEO(9.0.0),R,KHM,GGXWDG,A,2031,86697367528000,9,,3,,,,G63G,,,,,S13,,,,,,,XDC,,,OL,9/12/2025
dataflow,IMF.RES:WEO(9.0.0),R,KHM,GGXWDG_NGDP,A,2026,27.093966,0,,3,,,,G63G,,,,,S13,,,,,,,PT,,,OL,9/12/2025
dataflow,IMF.RES:WEO(9.0.0),R,KHM,GGXWDG_NGDP,A,2027,27.187104,0,,3,,,,G63G,,,,,S13,,,,,,,PT,,,OL,9/12/2025
dataflow,IMF.RES:WEO(9.0.0),R,KHM,GGXWDG_NGDP,A,2028,27.268138,0,,3,,,,G63G,,,,,S13,,,,,,,PT,,,OL,9/12/2025
dataflow,IMF.RES:WEO(9.0.0),R,KHM,GGXWDG_NGDP,A,2029,27.07409,0,,3,,,,G63G,,,,,S13,,,,,,,PT,,,OL,9/12/2025
dataflow,IMF.RES:WEO(9.0.0),R,KHM,GGXWDG_NGDP,A,2030,27.233514,0,,3,,,,G63G,,,,,S13,,,,,,,PT,,,OL,9/12/2025
dataflow,IMF.RES:WEO(9.0.0),R,KHM,GGXWDG_NGDP,A,2031,27.782823,0,,3,,,,G63G,,,,,S13,,,,,,,PT,,,OL,9/12/2025
dataflow,IMF.RES:WEO(9.0.0),R,KHM,GGX_NGDP,A,2026,18.82635,0,,3,,,,G2M,,,,,S13,,,,,,,PT,,,OL,9/12/2025
dataflow,IMF.RES:WEO(9.0.0),R,KHM,GGX_NGDP,A,2027,18.78331,0,,3,,,,G2M,,,,,S13,,,,,,,PT,,,OL,9/12/2025
dataflow,IMF.RES:WEO(9.0.0),R,KHM,GGX_NGDP,A,2028,18.790951,0,,3,,,,G2M,,,,,S13,,,,,,,PT,,,OL,9/12/2025
dataflow,IMF.RES:WEO(9.0.0),R,KHM,GGX_NGDP,A,2029,18.785325,0,,3,,,,G2M,,,,,S13,,,,,,,PT,,,OL,9/12/2025
dataflow,IMF.RES:WEO(9.0.0),R,KHM,GGX_NGDP,A,2030,18.783948,0,,3,,,,G2M,,,,,S13,,,,,,,PT,,,OL,9/12/2025
dataflow,IMF.RES:WEO(9.0.0),R,KHM,GGX_NGDP,A,2031,18.826991,0,,3,,,,G2M,,,,,S13,,,,,,,PT,,,OL,9/12/2025
dataflow,IMF.RES:WEO(9.0.0),R,KHM,LP,A,2026,18051220,6,,3,,,,,,,,POP,,,,,,,,,,,OL,9/12/2025
dataflow,IMF.RES:WEO(9.0.0),R,KHM,LP,A,2027,18250146,6,,3,,,,,,,,POP,,,,,,,,,,,OL,9/12/2025
dataflow,IMF.RES:WEO(9.0.0),R,KHM,LP,A,2028,18446771,6,,3,,,,,,,,POP,,,,,,,,,,,OL,9/12/2025
dataflow,IMF.RES:WEO(9.0.0),R,KHM,LP,A,2029,18639394,6,,3,,,,,,,,POP,,,,,,,,,,,OL,9/12/2025
dataflow,IMF.RES:WEO(9.0.0),R,KHM,LP,A,2030,18827388,6,,3,,,,,,,,POP,,,,,,,,,,,OL,9/12/2025
dataflow,IMF.RES:WEO(9.0.0),R,KHM,LP,A,2031,19012052,6,,3,,,,,,,,POP,,,,,,,,,,,OL,9/12/2025
dataflow,IMF.RES:WEO(9.0.0),R,KHM,NGDP,A,2026,214871715585000,9,,3,,,B1GQ,,,,,,,,,V,,,,XDC,,,OL,9/12/2025
dataflow,IMF.RES:WEO(9.0.0),R,KHM,NGDP,A,2027,230197293911000,9,,3,,,B1GQ,,,,,,,,,V,,,,XDC,,,OL,9/12/2025
dataflow,IMF.RES:WEO(9.0.0),R,KHM,NGDP,A,2028,247736929544000,9,,3,,,B1GQ,,,,,,,,,V,,,,XDC,,,OL,9/12/2025
dataflow,IMF.RES:WEO(9.0.0),R,KHM,NGDP,A,2029,267291992790000,9,,3,,,B1GQ,,,,,,,,,V,,,,XDC,,,OL,9/12/2025
dataflow,IMF.RES:WEO(9.0.0),R,KHM,NGDP,A,2030,288670679356000,9,,3,,,B1GQ,,,,,,,,,V,,,,XDC,,,OL,9/12/2025
dataflow,IMF.RES:WEO(9.0.0),R,KHM,NGDP,A,2031,312053840317000,9,,3,,,B1GQ,,,,,,,,,V,,,,XDC,,,OL,9/12/2025
dataflow,IMF.RES:WEO(9.0.0),R,KHM,NGDPD,A,2026,52378991000,9,,3,,,B1GQ,,,,,,,,,V,,,,USD,,,OL,9/12/2025
dataflow,IMF.RES:WEO(9.0.0),R,KHM,NGDPD,A,2027,56114887000,9,,3,,,B1GQ,,,,,,,,,V,,,,USD,,,OL,9/12/2025
dataflow,IMF.RES:WEO(9.0.0),R,KHM,NGDPD,A,2028,60390500000,9,,3,,,B1GQ,,,,,,,,,V,,,,USD,,,OL,9/12/2025
dataflow,IMF.RES:WEO(9.0.0),R,KHM,NGDPD,A,2029,65157412000,9,,3,,,B1GQ,,,,,,,,,V,,,,USD,,,OL,9/12/2025
dataflow,IMF.RES:WEO(9.0.0),R,KHM,NGDPD,A,2030,70368866000,9,,3,,,B1GQ,,,,,,,,,V,,,,USD,,,OL,9/12/2025
dataflow,IMF.RES:WEO(9.0.0),R,KHM,NGDPD,A,2031,76068948000,9,,3,,,B1GQ,,,,,,,,,V,,,,USD,,,OL,9/12/2025
dataflow,IMF.RES:WEO(9.0.0),R,KHM,NGDPDPC,A,2026,2901.68711,0,,3,,,B1GQ,,,,,,,,,V,,,,USD,,,OL,9/12/2025
dataflow,IMF.RES:WEO(9.0.0),R,KHM,NGDPDPC,A,2027,3074.763798,0,,3,,,B1GQ,,,,,,,,,V,,,,USD,,,OL,9/12/2025
dataflow,IMF.RES:WEO(9.0.0),R,KHM,NGDPDPC,A,2028,3273.770798,0,,3,,,B1GQ,,,,,,,,,V,,,,USD,,,OL,9/12/2025
dataflow,IMF.RES:WEO(9.0.0),R,KHM,NGDPDPC,A,2029,3495.683047,0,,3,,,B1GQ,,,,,,,,,V,,,,USD,,,OL,9/12/2025
dataflow,IMF.RES:WEO(9.0.0),R,KHM,NGDPDPC,A,2030,3737.579834,0,,3,,,B1GQ,,,,,,,,,V,,,,USD,,,OL,9/12/2025
dataflow,IMF.RES:WEO(9.0.0),R,KHM,NGDPDPC,A,2031,4001.090971,0,,3,,,B1GQ,,,,,,,,,V,,,,USD,,,OL,9/12/2025
dataflow,IMF.RES:WEO(9.0.0),R,KHM,NGDPPC,A,2026,11903445.946387,0,,3,,,B1GQ,,,,,,,,,V,,,,XDC,,,OL,9/12/2025
dataflow,IMF.RES:WEO(9.0.0),R,KHM,NGDPPC,A,2027,12613449.789267,0,,3,,,B1GQ,,,,,,,,,V,,,,XDC,,,OL,9/12/2025
dataflow,IMF.RES:WEO(9.0.0),R,KHM,NGDPPC,A,2028,13429826.257596,0,,3,,,B1GQ,,,,,,,,,V,,,,XDC,,,OL,9/12/2025
dataflow,IMF.RES:WEO(9.0.0),R,KHM,NGDPPC,A,2029,14340165.777927,0,,3,,,B1GQ,,,,,,,,,V,,,,XDC,,,OL,9/12/2025
dataflow,IMF.RES:WEO(9.0.0),R,KHM,NGDPPC,A,2030,15332486.872619,0,,3,,,B1GQ,,,,,,,,,V,,,,XDC,,,OL,9/12/2025
dataflow,IMF.RES:WEO(9.0.0),R,KHM,NGDPPC,A,2031,16413475.437766,0,,3,,,B1GQ,,,,,,,,,V,,,,XDC,,,OL,9/12/2025
dataflow,IMF.RES:WEO(9.0.0),R,KHM,NGDPRPC,A,2026,9198901.79216,0,,3,,,B1GQ,,,,,,,,,Q,,,,XDC,,,OL,9/12/2025
dataflow,IMF.RES:WEO(9.0.0),R,KHM,NGDPRPC,A,2027,9528181.727564,0,,3,,,B1GQ,,,,,,,,,Q,,,,XDC,,,OL,9/12/2025
dataflow,IMF.RES:WEO(9.0.0),R,KHM,NGDPRPC,A,2028,9897144.791283,0,,3,,,B1GQ,,,,,,,,,Q,,,,XDC,,,OL,9/12/2025
dataflow,IMF.RES:WEO(9.0.0),R,KHM,NGDPRPC,A,2029,10309933.1822,0,,3,,,B1GQ,,,,,,,,,Q,,,,XDC,,,OL,9/12/2025
dataflow,IMF.RES:WEO(9.0.0),R,KHM,NGDPRPC,A,2030,10754168.974943,0,,3,,,B1GQ,,,,,,,,,Q,,,,XDC,,,OL,9/12/2025
dataflow,IMF.RES:WEO(9.0.0),R,KHM,NGDPRPC,A,2031,11231268.03597,0,,3,,,B1GQ,,,,,,,,,Q,,,,XDC,,,OL,9/12/2025
dataflow,IMF.RES:WEO(9.0.0),R,KHM,NGDPRPPPPC,A,2026,7383.111828,0,,3,,,B1GQ,,,,,,,,,Q,,,,,,,OL,9/12/2025
dataflow,IMF.RES:WEO(9.0.0),R,KHM,NGDPRPPPPC,A,2027,7647.394526,0,,3,,,B1GQ,,,,,,,,,Q,,,,,,,OL,9/12/2025
dataflow,IMF.RES:WEO(9.0.0),R,KHM,NGDPRPPPPC,A,2028,7943.527219,0,,3,,,B1GQ,,,,,,,,,Q,,,,,,,OL,9/12/2025
dataflow,IMF.RES:WEO(9.0.0),R,KHM,NGDPRPPPPC,A,2029,8274.834469,0,,3,,,B1GQ,,,,,,,,,Q,,,,,,,OL,9/12/2025
dataflow,IMF.RES:WEO(9.0.0),R,KHM,NGDPRPPPPC,A,2030,8631.381653,0,,3,,,B1GQ,,,,,,,,,Q,,,,,,,OL,9/12/2025
dataflow,IMF.RES:WEO(9.0.0),R,KHM,NGDPRPPPPC,A,2031,9014.305159,0,,3,,,B1GQ,,,,,,,,,Q,,,,,,,OL,9/12/2025
dataflow,IMF.RES:WEO(9.0.0),R,KHM,NGDP_D,A,2026,129.400729,0,,3,,,B1GQ,,,,,,,,PD,,,,,IX,,,OL,9/12/2025
dataflow,IMF.RES:WEO(9.0.0),R,KHM,NGDP_D,A,2027,132.380449,0,,3,,,B1GQ,,,,,,,,PD,,,,,IX,,,OL,9/12/2025
dataflow,IMF.RES:WEO(9.0.0),R,KHM,NGDP_D,A,2028,135.693945,0,,3,,,B1GQ,,,,,,,,PD,,,,,IX,,,OL,9/12/2025
dataflow,IMF.RES:WEO(9.0.0),R,KHM,NGDP_D,A,2029,139.090773,0,,3,,,B1GQ,,,,,,,,PD,,,,,IX,,,OL,9/12/2025
dataflow,IMF.RES:WEO(9.0.0),R,KHM,NGDP_D,A,2030,142.572494,0,,3,,,B1GQ,,,,,,,,PD,,,,,IX,,,OL,9/12/2025
dataflow,IMF.RES:WEO(9.0.0),R,KHM,NGDP_D,A,2031,146.140893,0,,3,,,B1GQ,,,,,,,,PD,,,,,IX,,,OL,9/12/2025
dataflow,IMF.RES:WEO(9.0.0),R,KHM,NGDP_FY,A,2026,214871715585000,9,,3,,,B1GQ,,,,,,,,,V,,,,XDC,,,OL,9/12/2025
dataflow,IMF.RES:WEO(9.0.0),R,KHM,NGDP_FY,A,2027,230197293911000,9,,3,,,B1GQ,,,,,,,,,V,,,,XDC,,,OL,9/12/2025
dataflow,IMF.RES:WEO(9.0.0),R,KHM,NGDP_FY,A,2028,247736929544000,9,,3,,,B1GQ,,,,,,,,,V,,,,XDC,,,OL,9/12/2025
dataflow,IMF.RES:WEO(9.0.0),R,KHM,NGDP_FY,A,2029,267291992790000,9,,3,,,B1GQ,,,,,,,,,V,,,,XDC,,,OL,9/12/2025
dataflow,IMF.RES:WEO(9.0.0),R,KHM,NGDP_FY,A,2030,288670679356000,9,,3,,,B1GQ,,,,,,,,,V,,,,XDC,,,OL,9/12/2025
dataflow,IMF.RES:WEO(9.0.0),R,KHM,NGDP_FY,A,2031,312053840317000,9,,3,,,B1GQ,,,,,,,,,V,,,,XDC,,,OL,9/12/2025
dataflow,IMF.RES:WEO(9.0.0),R,KHM,NGDP_R,A,2026,166051395409000,9,,3,,,B1GQ,,,,,,,,,Q,,,,XDC,,,OL,9/12/2025
dataflow,IMF.RES:WEO(9.0.0),R,KHM,NGDP_R,A,2027,173890702878000,9,,3,,,B1GQ,,,,,,,,,Q,,,,XDC,,,OL,9/12/2025
dataflow,IMF.RES:WEO(9.0.0),R,KHM,NGDP_R,A,2028,182570363519000,9,,3,,,B1GQ,,,,,,,,,Q,,,,XDC,,,OL,9/12/2025
dataflow,IMF.RES:WEO(9.0.0),R,KHM,NGDP_R,A,2029,192170901542000,9,,3,,,B1GQ,,,,,,,,,Q,,,,XDC,,,OL,9/12/2025
dataflow,IMF.RES:WEO(9.0.0),R,KHM,NGDP_R,A,2030,202472911909000,9,,3,,,B1GQ,,,,,,,,,Q,,,,XDC,,,OL,9/12/2025
dataflow,IMF.RES:WEO(9.0.0),R,KHM,NGDP_R,A,2031,213529446310000,9,,3,,,B1GQ,,,,,,,,,Q,,,,XDC,,,OL,9/12/2025
dataflow,IMF.RES:WEO(9.0.0),R,KHM,NGDP_RPCH,A,2026,4.022111,0,,3,,,B1GQ,,,,,,,,,Q,,,,PT,,,OL,9/12/2025
dataflow,IMF.RES:WEO(9.0.0),R,KHM,NGDP_RPCH,A,2027,4.721013,0,,3,,,B1GQ,,,,,,,,,Q,,,,PT,,,OL,9/12/2025
dataflow,IMF.RES:WEO(9.0.0),R,KHM,NGDP_RPCH,A,2028,4.991446,0,,3,,,B1GQ,,,,,,,,,Q,,,,PT,,,OL,9/12/2025
dataflow,IMF.RES:WEO(9.0.0),R,KHM,NGDP_RPCH,A,2029,5.258541,0,,3,,,B1GQ,,,,,,,,,Q,,,,PT,,,OL,9/12/2025
dataflow,IMF.RES:WEO(9.0.0),R,KHM,NGDP_RPCH,A,2030,5.360859,0,,3,,,B1GQ,,,,,,,,,Q,,,,PT,,,OL,9/12/2025
dataflow,IMF.RES:WEO(9.0.0),R,KHM,NGDP_RPCH,A,2031,5.460747,0,,3,,,B1GQ,,,,,,,,,Q,,,,PT,,,OL,9/12/2025
dataflow,IMF.RES:WEO(9.0.0),R,KHM,NGSD_NGDP,A,2026,27.503773,0,,3,,,B8GNAT,,,,,,,,,,,,,PT,,,OL,9/12/2025
dataflow,IMF.RES:WEO(9.0.0),R,KHM,NGSD_NGDP,A,2027,29.440105,0,,3,,,B8GNAT,,,,,,,,,,,,,PT,,,OL,9/12/2025
dataflow,IMF.RES:WEO(9.0.0),R,KHM,NGSD_NGDP,A,2028,29.764683,0,,3,,,B8GNAT,,,,,,,,,,,,,PT,,,OL,9/12/2025
dataflow,IMF.RES:WEO(9.0.0),R,KHM,NGSD_NGDP,A,2029,29.993479,0,,3,,,B8GNAT,,,,,,,,,,,,,PT,,,OL,9/12/2025
dataflow,IMF.RES:WEO(9.0.0),R,KHM,NGSD_NGDP,A,2030,29.988426,0,,3,,,B8GNAT,,,,,,,,,,,,,PT,,,OL,9/12/2025
dataflow,IMF.RES:WEO(9.0.0),R,KHM,NGSD_NGDP,A,2031,30.057166,0,,3,,,B8GNAT,,,,,,,,,,,,,PT,,,OL,9/12/2025
dataflow,IMF.RES:WEO(9.0.0),R,KHM,NID_NGDP,A,2026,33.787819,0,,3,,,P5,,,,,,,,,,,,,PT,,,OL,9/12/2025
dataflow,IMF.RES:WEO(9.0.0),R,KHM,NID_NGDP,A,2027,36.048718,0,,3,,,P5,,,,,,,,,,,,,PT,,,OL,9/12/2025
dataflow,IMF.RES:WEO(9.0.0),R,KHM,NID_NGDP,A,2028,37.020621,0,,3,,,P5,,,,,,,,,,,,,PT,,,OL,9/12/2025
dataflow,IMF.RES:WEO(9.0.0),R,KHM,NID_NGDP,A,2029,37.021742,0,,3,,,P5,,,,,,,,,,,,,PT,,,OL,9/12/2025
dataflow,IMF.RES:WEO(9.0.0),R,KHM,NID_NGDP,A,2030,36.789263,0,,3,,,P5,,,,,,,,,,,,,PT,,,OL,9/12/2025
dataflow,IMF.RES:WEO(9.0.0),R,KHM,NID_NGDP,A,2031,36.850004,0,,3,,,P5,,,,,,,,,,,,,PT,,,OL,9/12/2025
dataflow,IMF.RES:WEO(9.0.0),R,KHM,PCPI,A,2026,215.222295,0,,3,,,,,,,,,,,CPI,,,,,IX,,,OL,9/12/2025
dataflow,IMF.RES:WEO(9.0.0),R,KHM,PCPI,A,2027,219.395885,0,,3,,,,,,,,,,,CPI,,,,,IX,,,OL,9/12/2025
dataflow,IMF.RES:WEO(9.0.0),R,KHM,PCPI,A,2028,224.880782,0,,3,,,,,,,,,,,CPI,,,,,IX,,,OL,9/12/2025
dataflow,IMF.RES:WEO(9.0.0),R,KHM,PCPI,A,2029,231.402324,0,,3,,,,,,,,,,,CPI,,,,,IX,,,OL,9/12/2025
dataflow,IMF.RES:WEO(9.0.0),R,KHM,PCPI,A,2030,238.344394,0,,3,,,,,,,,,,,CPI,,,,,IX,,,OL,9/12/2025
dataflow,IMF.RES:WEO(9.0.0),R,KHM,PCPI,A,2031,245.494726,0,,3,,,,,,,,,,,CPI,,,,,IX,,,OL,9/12/2025
dataflow,IMF.RES:WEO(9.0.0),R,KHM,PCPIE,A,2026,218.042985,0,,3,,,,,,,,,,,CPI,,,,,IX,,,OL,9/12/2025
dataflow,IMF.RES:WEO(9.0.0),R,KHM,PCPIE,A,2027,221.06868,0,,3,,,,,,,,,,,CPI,,,,,IX,,,OL,9/12/2025
dataflow,IMF.RES:WEO(9.0.0),R,KHM,PCPIE,A,2028,226.595397,0,,3,,,,,,,,,,,CPI,,,,,IX,,,OL,9/12/2025
dataflow,IMF.RES:WEO(9.0.0),R,KHM,PCPIE,A,2029,233.166664,0,,3,,,,,,,,,,,CPI,,,,,IX,,,OL,9/12/2025
dataflow,IMF.RES:WEO(9.0.0),R,KHM,PCPIE,A,2030,240.161664,0,,3,,,,,,,,,,,CPI,,,,,IX,,,OL,9/12/2025
dataflow,IMF.RES:WEO(9.0.0),R,KHM,PCPIE,A,2031,247.366514,0,,3,,,,,,,,,,,CPI,,,,,IX,,,OL,9/12/2025
dataflow,IMF.RES:WEO(9.0.0),R,KHM,PCPIEPCH,A,2026,3.080451,0,,3,,,,,,,,,,,CPI,,,,,PT,,,OL,9/12/2025
dataflow,IMF.RES:WEO(9.0.0),R,KHM,PCPIEPCH,A,2027,1.38766,0,,3,,,,,,,,,,,CPI,,,,,PT,,,OL,9/12/2025
dataflow,IMF.RES:WEO(9.0.0),R,KHM,PCPIEPCH,A,2028,2.5,0,,3,,,,,,,,,,,CPI,,,,,PT,,,OL,9/12/2025
dataflow,IMF.RES:WEO(9.0.0),R,KHM,PCPIEPCH,A,2029,2.9,0,,3,,,,,,,,,,,CPI,,,,,PT,,,OL,9/12/2025
dataflow,IMF.RES:WEO(9.0.0),R,KHM,PCPIEPCH,A,2030,3,0,,3,,,,,,,,,,,CPI,,,,,PT,,,OL,9/12/2025
dataflow,IMF.RES:WEO(9.0.0),R,KHM,PCPIEPCH,A,2031,3,0,,3,,,,,,,,,,,CPI,,,,,PT,,,OL,9/12/2025
dataflow,IMF.RES:WEO(9.0.0),R,KHM,PCPIPCH,A,2026,2.982102,0,,3,,,,,,,,,,,CPI,,,,,PT,,,OL,9/12/2025
dataflow,IMF.RES:WEO(9.0.0),R,KHM,PCPIPCH,A,2027,1.939199,0,,3,,,,,,,,,,,CPI,,,,,PT,,,OL,9/12/2025
dataflow,IMF.RES:WEO(9.0.0),R,KHM,PCPIPCH,A,2028,2.5,0,,3,,,,,,,,,,,CPI,,,,,PT,,,OL,9/12/2025
dataflow,IMF.RES:WEO(9.0.0),R,KHM,PCPIPCH,A,2029,2.9,0,,3,,,,,,,,,,,CPI,,,,,PT,,,OL,9/12/2025
dataflow,IMF.RES:WEO(9.0.0),R,KHM,PCPIPCH,A,2030,3,0,,3,,,,,,,,,,,CPI,,,,,PT,,,OL,9/12/2025
dataflow,IMF.RES:WEO(9.0.0),R,KHM,PCPIPCH,A,2031,3,0,,3,,,,,,,,,,,CPI,,,,,PT,,,OL,9/12/2025
dataflow,IMF.RES:WEO(9.0.0),R,KHM,PPPEX,A,2026,1338.903386,0,,3,,,,,,,,,,,,,RT,XDC_PU,,,,,OL,9/12/2025
dataflow,IMF.RES:WEO(9.0.0),R,KHM,PPPEX,A,2027,1340.302685,0,,3,,,,,,,,,,,,,RT,XDC_PU,,,,,OL,9/12/2025
dataflow,IMF.RES:WEO(9.0.0),R,KHM,PPPEX,A,2028,1351.664504,0,,3,,,,,,,,,,,,,RT,XDC_PU,,,,,OL,9/12/2025
dataflow,IMF.RES:WEO(9.0.0),R,KHM,PPPEX,A,2029,1361.295423,0,,3,,,,,,,,,,,,,RT,XDC_PU,,,,,OL,9/12/2025
dataflow,IMF.RES:WEO(9.0.0),R,KHM,PPPEX,A,2030,1370.193695,0,,3,,,,,,,,,,,,,RT,XDC_PU,,,,,OL,9/12/2025
dataflow,IMF.RES:WEO(9.0.0),R,KHM,PPPEX,A,2031,1379.582197,0,,3,,,,,,,,,,,,,RT,XDC_PU,,,,,OL,9/12/2025
dataflow,IMF.RES:WEO(9.0.0),R,KHM,PPPGDP,A,2026,160483361000,9,,3,,,B1GQ,,,,,,,,,V,,,,,,,OL,9/12/2025
dataflow,IMF.RES:WEO(9.0.0),R,KHM,PPPGDP,A,2027,171750230000,9,,3,,,B1GQ,,,,,,,,,V,,,,,,,OL,9/12/2025
dataflow,IMF.RES:WEO(9.0.0),R,KHM,PPPGDP,A,2028,183282855000,9,,3,,,B1GQ,,,,,,,,,V,,,,,,,OL,9/12/2025
dataflow,IMF.RES:WEO(9.0.0),R,KHM,PPPGDP,A,2029,196351202000,9,,3,,,B1GQ,,,,,,,,,V,,,,,,,OL,9/12/2025
dataflow,IMF.RES:WEO(9.0.0),R,KHM,PPPGDP,A,2030,210678739000,9,,3,,,B1GQ,,,,,,,,,V,,,,,,,OL,9/12/2025
dataflow,IMF.RES:WEO(9.0.0),R,KHM,PPPGDP,A,2031,226194453000,9,,3,,,B1GQ,,,,,,,,,V,,,,,,,OL,9/12/2025
dataflow,IMF.RES:WEO(9.0.0),R,KHM,PPPPC,A,2026,8890.44428,0,,3,,,B1GQ,,,,,,,,,,,,,,,,OL,9/12/2025
dataflow,IMF.RES:WEO(9.0.0),R,KHM,PPPPC,A,2027,9410.896456,0,,3,,,B1GQ,,,,,,,,,,,,,,,,OL,9/12/2025
dataflow,IMF.RES:WEO(9.0.0),R,KHM,PPPPC,A,2028,9935.768982,0,,3,,,B1GQ,,,,,,,,,,,,,,,,OL,9/12/2025
dataflow,IMF.RES:WEO(9.0.0),R,KHM,PPPPC,A,2029,10534.205531,0,,3,,,B1GQ,,,,,,,,,,,,,,,,OL,9/12/2025
dataflow,IMF.RES:WEO(9.0.0),R,KHM,PPPPC,A,2030,11190.014176,0,,3,,,B1GQ,,,,,,,,,,,,,,,,OL,9/12/2025
dataflow,IMF.RES:WEO(9.0.0),R,KHM,PPPPC,A,2031,11897.424794,0,,3,,,B1GQ,,,,,,,,,,,,,,,,OL,9/12/2025
dataflow,IMF.RES:WEO(9.0.0),R,KHM,PPPSH,A,2026,0.072043,0,,3,,,B1GQ,,,,,,,,,,,,,PT,,,OL,9/12/2025
dataflow,IMF.RES:WEO(9.0.0),R,KHM,PPPSH,A,2027,0.073111,0,,3,,,B1GQ,,,,,,,,,,,,,PT,,,OL,9/12/2025
dataflow,IMF.RES:WEO(9.0.0),R,KHM,PPPSH,A,2028,0.074374,0,,3,,,B1GQ,,,,,,,,,,,,,PT,,,OL,9/12/2025
dataflow,IMF.RES:WEO(9.0.0),R,KHM,PPPSH,A,2029,0.075909,0,,3,,,B1GQ,,,,,,,,,,,,,PT,,,OL,9/12/2025
dataflow,IMF.RES:WEO(9.0.0),R,KHM,PPPSH,A,2030,0.077616,0,,3,,,B1GQ,,,,,,,,,,,,,PT,,,OL,9/12/2025
dataflow,IMF.RES:WEO(9.0.0),R,KHM,PPPSH,A,2031,0.079438,0,,3,,,B1GQ,,,,,,,,,,,,,PT,,,OL,9/12/2025
dataflow,IMF.RES:WEO(9.0.0),R,KHM,TMG_RPCH,A,2026,5.422378,0,,3,,,,,,MG,,,,,,VL,,,,PT,,,OL,9/12/2025
dataflow,IMF.RES:WEO(9.0.0),R,KHM,TMG_RPCH,A,2027,8.367127,0,,3,,,,,,MG,,,,,,VL,,,,PT,,,OL,9/12/2025
dataflow,IMF.RES:WEO(9.0.0),R,KHM,TMG_RPCH,A,2028,7.774641,0,,3,,,,,,MG,,,,,,VL,,,,PT,,,OL,9/12/2025
dataflow,IMF.RES:WEO(9.0.0),R,KHM,TMG_RPCH,A,2029,6.826098,0,,3,,,,,,MG,,,,,,VL,,,,PT,,,OL,9/12/2025
dataflow,IMF.RES:WEO(9.0.0),R,KHM,TMG_RPCH,A,2030,6.430952,0,,3,,,,,,MG,,,,,,VL,,,,PT,,,OL,9/12/2025
dataflow,IMF.RES:WEO(9.0.0),R,KHM,TMG_RPCH,A,2031,5.974054,0,,3,,,,,,MG,,,,,,VL,,,,PT,,,OL,9/12/2025
dataflow,IMF.RES:WEO(9.0.0),R,KHM,TM_RPCH,A,2026,7.97906,0,,3,,,,,,MGS,,,,,,VL,,,,PT,,,OL,9/12/2025
dataflow,IMF.RES:WEO(9.0.0),R,KHM,TM_RPCH,A,2027,8.229232,0,,3,,,,,,MGS,,,,,,VL,,,,PT,,,OL,9/12/2025
dataflow,IMF.RES:WEO(9.0.0),R,KHM,TM_RPCH,A,2028,7.605032,0,,3,,,,,,MGS,,,,,,VL,,,,PT,,,OL,9/12/2025
dataflow,IMF.RES:WEO(9.0.0),R,KHM,TM_RPCH,A,2029,6.690237,0,,3,,,,,,MGS,,,,,,VL,,,,PT,,,OL,9/12/2025
dataflow,IMF.RES:WEO(9.0.0),R,KHM,TM_RPCH,A,2030,6.307157,0,,3,,,,,,MGS,,,,,,VL,,,,PT,,,OL,9/12/2025
dataflow,IMF.RES:WEO(9.0.0),R,KHM,TM_RPCH,A,2031,5.873741,0,,3,,,,,,MGS,,,,,,VL,,,,PT,,,OL,9/12/2025
dataflow,IMF.RES:WEO(9.0.0),R,KHM,TXG_RPCH,A,2026,11.218527,0,,3,,,,,,XG,,,,,,VL,,,,PT,,,OL,9/12/2025
dataflow,IMF.RES:WEO(9.0.0),R,KHM,TXG_RPCH,A,2027,6.596215,0,,3,,,,,,XG,,,,,,VL,,,,PT,,,OL,9/12/2025
dataflow,IMF.RES:WEO(9.0.0),R,KHM,TXG_RPCH,A,2028,6.620881,0,,3,,,,,,XG,,,,,,VL,,,,PT,,,OL,9/12/2025
dataflow,IMF.RES:WEO(9.0.0),R,KHM,TXG_RPCH,A,2029,7.011041,0,,3,,,,,,XG,,,,,,VL,,,,PT,,,OL,9/12/2025
dataflow,IMF.RES:WEO(9.0.0),R,KHM,TXG_RPCH,A,2030,6.72113,0,,3,,,,,,XG,,,,,,VL,,,,PT,,,OL,9/12/2025
dataflow,IMF.RES:WEO(9.0.0),R,KHM,TXG_RPCH,A,2031,6.088295,0,,3,,,,,,XG,,,,,,VL,,,,PT,,,OL,9/12/2025
dataflow,IMF.RES:WEO(9.0.0),R,KHM,TX_RPCH,A,2026,12.569946,0,,3,,,,,,XGS,,,,,,VL,,,,PT,,,OL,9/12/2025
dataflow,IMF.RES:WEO(9.0.0),R,KHM,TX_RPCH,A,2027,6.994187,0,,3,,,,,,XGS,,,,,,VL,,,,PT,,,OL,9/12/2025
dataflow,IMF.RES:WEO(9.0.0),R,KHM,TX_RPCH,A,2028,6.886571,0,,3,,,,,,XGS,,,,,,VL,,,,PT,,,OL,9/12/2025
dataflow,IMF.RES:WEO(9.0.0),R,KHM,TX_RPCH,A,2029,7.182098,0,,3,,,,,,XGS,,,,,,VL,,,,PT,,,OL,9/12/2025
dataflow,IMF.RES:WEO(9.0.0),R,KHM,TX_RPCH,A,2030,6.879984,0,,3,,,,,,XGS,,,,,,VL,,,,PT,,,OL,9/12/2025
dataflow,IMF.RES:WEO(9.0.0),R,KHM,TX_RPCH,A,2031,5.610995,0,,3,,,,,,XGS,,,,,,VL,,,,PT,,,OL,9/12/2025