dataflow,IMF.RES:WEO(9.0.0),R,KIR,BCA,A,2026,-70762000,9,,3,,CAB,,,,,,,,,,,,,,USD,,,OL,8/28/2025
dataflow,IMF.RES:WEO(9.0.0),R,KIR,BCA,A,2027,-69896000,9,,3,,CAB,,,,,,,,,,,,,,USD,,,OL,8/28/2025
dataflow,IMF.RES:WEO(9.0.0),R,KIR,BCA,A,2028,-67666000,9,,3,,CAB,,,,,,,,,,,,,,USD,,,OL,8/28/2025
dataflow,IMF.RES:WEO(9.0.0),R,KIR,BCA,A,2029,-67913000,9,,3,,CAB,,,,,,,,,,,,,,USD,,,OL,8/28/2025
dataflow,IMF.RES:WEO(9.0.0),R,KIR,BCA,A,2030,-68963000,9,,3,,CAB,,,,,,,,,,,,,,USD,,,OL,8/28/2025
dataflow,IMF.RES:WEO(9.0.0),R,KIR,BCA,A,2031,-70905000,9,,3,,CAB,,,,,,,,,,,,,,USD,,,OL,8/28/2025
dataflow,IMF.RES:WEO(9.0.0),R,KIR,BCA_NGDPD,A,2026,-17.658875,0,,3,,CAB,,,,,,,,,,,,,,PT,,,OL,8/28/2025
dataflow,IMF.RES:WEO(9.0.0),R,KIR,BCA_NGDPD,A,2027,-16.762661,0,,3,,CAB,,,,,,,,,,,,,,PT,,,OL,8/28/2025
dataflow,IMF.RES:WEO(9.0.0),R,KIR,BCA_NGDPD,A,2028,-15.686722,0,,3,,CAB,,,,,,,,,,,,,,PT,,,OL,8/28/2025
dataflow,IMF.RES:WEO(9.0.0),R,KIR,BCA_NGDPD,A,2029,-15.182694,0,,3,,CAB,,,,,,,,,,,,,,PT,,,OL,8/28/2025
dataflow,IMF.RES:WEO(9.0.0),R,KIR,BCA_NGDPD,A,2030,-14.857597,0,,3,,CAB,,,,,,,,,,,,,,PT,,,OL,8/28/2025
dataflow,IMF.RES:WEO(9.0.0),R,KIR,BCA_NGDPD,A,2031,-14.761065,0,,3,,CAB,,,,,,,,,,,,,,PT,,,OL,8/28/2025
dataflow,IMF.RES:WEO(9.0.0),R,KIR,GGR,A,2026,566460000,9,,3,,,,G1,,,,,S13,,,,,,,XDC,,,OL,8/28/2025
dataflow,IMF.RES:WEO(9.0.0),R,KIR,GGR,A,2027,468316000,9,,3,,,,G1,,,,,S13,,,,,,,XDC,,,OL,8/28/2025
dataflow,IMF.RES:WEO(9.0.0),R,KIR,GGR,A,2028,497027000,9,,3,,,,G1,,,,,S13,,,,,,,XDC,,,OL,8/28/2025
dataflow,IMF.RES:WEO(9.0.0),R,KIR,GGR,A,2029,504280000,9,,3,,,,G1,,,,,S13,,,,,,,XDC,,,OL,8/28/2025
dataflow,IMF.RES:WEO(9.0.0),R,KIR,GGR,A,2030,519094000,9,,3,,,,G1,,,,,S13,,,,,,,XDC,,,OL,8/28/2025
dataflow,IMF.RES:WEO(9.0.0),R,KIR,GGR,A,2031,530960000,9,,3,,,,G1,,,,,S13,,,,,,,XDC,,,OL,8/28/2025
dataflow,IMF.RES:WEO(9.0.0),R,KIR,GGR_NGDP,A,2026,99.531588,0,,3,,,,G1,,,,,S13,,,,,,,PT,,,OL,8/28/2025
dataflow,IMF.RES:WEO(9.0.0),R,KIR,GGR_NGDP,A,2027,78.960643,0,,3,,,,G1,,,,,S13,,,,,,,PT,,,OL,8/28/2025
dataflow,IMF.RES:WEO(9.0.0),R,KIR,GGR_NGDP,A,2028,80.654583,0,,3,,,,G1,,,,,S13,,,,,,,PT,,,OL,8/28/2025
dataflow,IMF.RES:WEO(9.0.0),R,KIR,GGR_NGDP,A,2029,78.548485,0,,3,,,,G1,,,,,S13,,,,,,,PT,,,OL,8/28/2025
dataflow,IMF.RES:WEO(9.0.0),R,KIR,GGR_NGDP,A,2030,77.728108,0,,3,,,,G1,,,,,S13,,,,,,,PT,,,OL,8/28/2025
dataflow,IMF.RES:WEO(9.0.0),R,KIR,GGR_NGDP,A,2031,76.573032,0,,3,,,,G1,,,,,S13,,,,,,,PT,,,OL,8/28/2025
dataflow,IMF.RES:WEO(9.0.0),R,KIR,GGX,A,2026,661770000,9,,3,,,,G2M,,,,,S13,,,,,,,XDC,,,OL,8/28/2025
dataflow,IMF.RES:WEO(9.0.0),R,KIR,GGX,A,2027,558767000,9,,3,,,,G2M,,,,,S13,,,,,,,XDC,,,OL,8/28/2025
dataflow,IMF.RES:WEO(9.0.0),R,KIR,GGX,A,2028,574499000,9,,3,,,,G2M,,,,,S13,,,,,,,XDC,,,OL,8/28/2025
dataflow,IMF.RES:WEO(9.0.0),R,KIR,GGX,A,2029,598390000,9,,3,,,,G2M,,,,,S13,,,,,,,XDC,,,OL,8/28/2025
dataflow,IMF.RES:WEO(9.0.0),R,KIR,GGX,A,2030,616143000,9,,3,,,,G2M,,,,,S13,,,,,,,XDC,,,OL,8/28/2025
dataflow,IMF.RES:WEO(9.0.0),R,KIR,GGX,A,2031,633030000,9,,3,,,,G2M,,,,,S13,,,,,,,XDC,,,OL,8/28/2025
dataflow,IMF.RES:WEO(9.0.0),R,KIR,GGXCNL,A,2026,-95309000,9,,3,,,,GNLB,,,,,S13,,,,,,,XDC,,,OL,8/28/2025
dataflow,IMF.RES:WEO(9.0.0),R,KIR,GGXCNL,A,2027,-90450000,9,,3,,,,GNLB,,,,,S13,,,,,,,XDC,,,OL,8/28/2025
dataflow,IMF.RES:WEO(9.0.0),R,KIR,GGXCNL,A,2028,-77472000,9,,3,,,,GNLB,,,,,S13,,,,,,,XDC,,,OL,8/28/2025
dataflow,IMF.RES:WEO(9.0.0),R,KIR,GGXCNL,A,2029,-94110000,9,,3,,,,GNLB,,,,,S13,,,,,,,XDC,,,OL,8/28/2025
dataflow,IMF.RES:WEO(9.0.0),R,KIR,GGXCNL,A,2030,-97048000,9,,3,,,,GNLB,,,,,S13,,,,,,,XDC,,,OL,8/28/2025
dataflow,IMF.RES:WEO(9.0.0),R,KIR,GGXCNL,A,2031,-102070000,9,,3,,,,GNLB,,,,,S13,,,,,,,XDC,,,OL,8/28/2025
dataflow,IMF.RES:WEO(9.0.0),R,KIR,GGXCNL_NGDP,A,2026,-16.746606,0,,3,,,,GNLB,,,,,S13,,,,,,,PT,,,OL,8/28/2025
dataflow,IMF.RES:WEO(9.0.0),R,KIR,GGXCNL_NGDP,A,2027,-15.250421,0,,3,,,,GNLB,,,,,S13,,,,,,,PT,,,OL,8/28/2025
dataflow,IMF.RES:WEO(9.0.0),R,KIR,GGXCNL_NGDP,A,2028,-12.571689,0,,3,,,,GNLB,,,,,S13,,,,,,,PT,,,OL,8/28/2025
dataflow,IMF.RES:WEO(9.0.0),R,KIR,GGXCNL_NGDP,A,2029,-14.658889,0,,3,,,,GNLB,,,,,S13,,,,,,,PT,,,OL,8/28/2025
dataflow,IMF.RES:WEO(9.0.0),R,KIR,GGXCNL_NGDP,A,2030,-14.531814,0,,3,,,,GNLB,,,,,S13,,,,,,,PT,,,OL,8/28/2025
dataflow,IMF.RES:WEO(9.0.0),R,KIR,GGXCNL_NGDP,A,2031,-14.720167,0,,3,,,,GNLB,,,,,S13,,,,,,,PT,,,OL,8/28/2025
dataflow,IMF.RES:WEO(9.0.0),R,KIR,GGXONLB,A,2026,-94731000,9,,3,,,,GPB,,,,,S13,,,,,,,XDC,,,OL,8/28/2025
dataflow,IMF.RES:WEO(9.0.0),R,KIR,GGXONLB,A,2027,-89905000,9,,3,,,,GPB,,,,,S13,,,,,,,XDC,,,OL,8/28/2025
dataflow,IMF.RES:WEO(9.0.0),R,KIR,GGXONLB,A,2028,-76429000,9,,3,,,,GPB,,,,,S13,,,,,,,XDC,,,OL,8/28/2025
dataflow,IMF.RES:WEO(9.0.0),R,KIR,GGXONLB,A,2029,-92700000,9,,3,,,,GPB,,,,,S13,,,,,,,XDC,,,OL,8/28/2025
dataflow,IMF.RES:WEO(9.0.0),R,KIR,GGXONLB,A,2030,-95104000,9,,3,,,,GPB,,,,,S13,,,,,,,XDC,,,OL,8/28/2025
dataflow,IMF.RES:WEO(9.0.0),R,KIR,GGXONLB,A,2031,-99744000,9,,3,,,,GPB,,,,,S13,,,,,,,XDC,,,OL,8/28/2025
dataflow,IMF.RES:WEO(9.0.0),R,KIR,GGXONLB_NGDP,A,2026,-16.645,0,,3,,,,GPB,,,,,S13,,,,,,,PT,,,OL,8/28/2025
dataflow,IMF.RES:WEO(9.0.0),R,KIR,GGXONLB_NGDP,A,2027,-15.15855,0,,3,,,,GPB,,,,,S13,,,,,,,PT,,,OL,8/28/2025
dataflow,IMF.RES:WEO(9.0.0),R,KIR,GGXONLB_NGDP,A,2028,-12.402494,0,,3,,,,GPB,,,,,S13,,,,,,,PT,,,OL,8/28/2025
dataflow,IMF.RES:WEO(9.0.0),R,KIR,GGXONLB_NGDP,A,2029,-14.439246,0,,3,,,,GPB,,,,,S13,,,,,,,PT,,,OL,8/28/2025
dataflow,IMF.RES:WEO(9.0.0),R,KIR,GGXONLB_NGDP,A,2030,-14.240612,0,,3,,,,GPB,,,,,S13,,,,,,,PT,,,OL,8/28/2025
dataflow,IMF.RES:WEO(9.0.0),R,KIR,GGXONLB_NGDP,A,2031,-14.384701,0,,3,,,,GPB,,,,,S13,,,,,,,PT,,,OL,8/28/2025
dataflow,IMF.RES:WEO(9.0.0),R,KIR,GGXWDG,A,2026,44081000,9,,3,,,,G63G,,,,,S13,,,,,,,XDC,,,OL,8/28/2025
dataflow,IMF.RES:WEO(9.0.0),R,KIR,GGXWDG,A,2027,93738000,9,,3,,,,G63G,,,,,S13,,,,,,,XDC,,,OL,8/28/2025
dataflow,IMF.RES:WEO(9.0.0),R,KIR,GGXWDG,A,2028,130416000,9,,3,,,,G63G,,,,,S13,,,,,,,XDC,,,OL,8/28/2025
dataflow,IMF.RES:WEO(9.0.0),R,KIR,GGXWDG,A,2029,183733000,9,,3,,,,G63G,,,,,S13,,,,,,,XDC,,,OL,8/28/2025
dataflow,IMF.RES:WEO(9.0.0),R,KIR,GGXWDG,A,2030,221452000,9,,3,,,,G63G,,,,,S13,,,,,,,XDC,,,OL,8/28/2025
dataflow,IMF.RES:WEO(9.0.0),R,KIR,GGXWDG,A,2031,261759000,9,,3,,,,G63G,,,,,S13,,,,,,,XDC,,,OL,8/28/2025
dataflow,IMF.RES:WEO(9.0.0),R,KIR,GGXWDG_NGDP,A,2026,7.745305,0,,3,,,,G63G,,,,,S13,,,,,,,PT,,,OL,8/28/2025
dataflow,IMF.RES:WEO(9.0.0),R,KIR,GGXWDG_NGDP,A,2027,15.804665,0,,3,,,,G63G,,,,,S13,,,,,,,PT,,,OL,8/28/2025
dataflow,IMF.RES:WEO(9.0.0),R,KIR,GGXWDG_NGDP,A,2028,21.163172,0,,3,,,,G63G,,,,,S13,,,,,,,PT,,,OL,8/28/2025
dataflow,IMF.RES:WEO(9.0.0),R,KIR,GGXWDG_NGDP,A,2029,28.618883,0,,3,,,,G63G,,,,,S13,,,,,,,PT,,,OL,8/28/2025
dataflow,IMF.RES:WEO(9.0.0),R,KIR,GGXWDG_NGDP,A,2030,33.15975,0,,3,,,,G63G,,,,,S13,,,,,,,PT,,,OL,8/28/2025
dataflow,IMF.RES:WEO(9.0.0),R,KIR,GGXWDG_NGDP,A,2031,37.749848,0,,3,,,,G63G,,,,,S13,,,,,,,PT,,,OL,8/28/2025
dataflow,IMF.RES:WEO(9.0.0),R,KIR,GGX_NGDP,A,2026,116.278193,0,,3,,,,G2M,,,,,S13,,,,,,,PT,,,OL,8/28/2025
dataflow,IMF.RES:WEO(9.0.0),R,KIR,GGX_NGDP,A,2027,94.211065,0,,3,,,,G2M,,,,,S13,,,,,,,PT,,,OL,8/28/2025
dataflow,IMF.RES:WEO(9.0.0),R,KIR,GGX_NGDP,A,2028,93.226272,0,,3,,,,G2M,,,,,S13,,,,,,,PT,,,OL,8/28/2025
dataflow,IMF.RES:WEO(9.0.0),R,KIR,GGX_NGDP,A,2029,93.207373,0,,3,,,,G2M,,,,,S13,,,,,,,PT,,,OL,8/28/2025
dataflow,IMF.RES:WEO(9.0.0),R,KIR,GGX_NGDP,A,2030,92.259922,0,,3,,,,G2M,,,,,S13,,,,,,,PT,,,OL,8/28/2025
dataflow,IMF.RES:WEO(9.0.0),R,KIR,GGX_NGDP,A,2031,91.293199,0,,3,,,,G2M,,,,,S13,,,,,,,PT,,,OL,8/28/2025
dataflow,IMF.RES:WEO(9.0.0),R,KIR,LP,A,2026,131336,6,,3,,,,,,,,POP,,,,,,,,,,,OL,8/28/2025
dataflow,IMF.RES:WEO(9.0.0),R,KIR,LP,A,2027,133400,6,,3,,,,,,,,POP,,,,,,,,,,,OL,8/28/2025
dataflow,IMF.RES:WEO(9.0.0),R,KIR,LP,A,2028,135487,6,,3,,,,,,,,POP,,,,,,,,,,,OL,8/28/2025
dataflow,IMF.RES:WEO(9.0.0),R,KIR,LP,A,2029,137598,6,,3,,,,,,,,POP,,,,,,,,,,,OL,8/28/2025
dataflow,IMF.RES:WEO(9.0.0),R,KIR,LP,A,2030,139730,6,,3,,,,,,,,POP,,,,,,,,,,,OL,8/28/2025
dataflow,IMF.RES:WEO(9.0.0),R,KIR,LP,A,2031,141884,6,,3,,,,,,,,POP,,,,,,,,,,,OL,8/28/2025
dataflow,IMF.RES:WEO(9.0.0),R,KIR,NGDP,A,2026,569126000,9,,3,,,B1GQ,,,,,,,,,V,,,,XDC,,,OL,8/28/2025
dataflow,IMF.RES:WEO(9.0.0),R,KIR,NGDP,A,2027,593101000,9,,3,,,B1GQ,,,,,,,,,V,,,,XDC,,,OL,8/28/2025
dataflow,IMF.RES:WEO(9.0.0),R,KIR,NGDP,A,2028,616241000,9,,3,,,B1GQ,,,,,,,,,V,,,,XDC,,,OL,8/28/2025
dataflow,IMF.RES:WEO(9.0.0),R,KIR,NGDP,A,2029,641998000,9,,3,,,B1GQ,,,,,,,,,V,,,,XDC,,,OL,8/28/2025
dataflow,IMF.RES:WEO(9.0.0),R,KIR,NGDP,A,2030,667834000,9,,3,,,B1GQ,,,,,,,,,V,,,,XDC,,,OL,8/28/2025
dataflow,IMF.RES:WEO(9.0.0),R,KIR,NGDP,A,2031,693403000,9,,3,,,B1GQ,,,,,,,,,V,,,,XDC,,,OL,8/28/2025
dataflow,IMF.RES:WEO(9.0.0),R,KIR,NGDPD,A,2026,400715000,9,,3,,,B1GQ,,,,,,,,,V,,,,USD,,,OL,8/28/2025
dataflow,IMF.RES:WEO(9.0.0),R,KIR,NGDPD,A,2027,416976000,9,,3,,,B1GQ,,,,,,,,,V,,,,USD,,,OL,8/28/2025
dataflow,IMF.RES:WEO(9.0.0),R,KIR,NGDPD,A,2028,431359000,9,,3,,,B1GQ,,,,,,,,,V,,,,USD,,,OL,8/28/2025
dataflow,IMF.RES:WEO(9.0.0),R,KIR,NGDPD,A,2029,447304000,9,,3,,,B1GQ,,,,,,,,,V,,,,USD,,,OL,8/28/2025
dataflow,IMF.RES:WEO(9.0.0),R,KIR,NGDPD,A,2030,464162000,9,,3,,,B1GQ,,,,,,,,,V,,,,USD,,,OL,8/28/2025
dataflow,IMF.RES:WEO(9.0.0),R,KIR,NGDPD,A,2031,480354000,9,,3,,,B1GQ,,,,,,,,,V,,,,USD,,,OL,8/28/2025
dataflow,IMF.RES:WEO(9.0.0),R,KIR,NGDPDPC,A,2026,3051.062679,0,,3,,,B1GQ,,,,,,,,,V,,,,USD,,,OL,8/28/2025
dataflow,IMF.RES:WEO(9.0.0),R,KIR,NGDPDPC,A,2027,3125.763437,0,,3,,,B1GQ,,,,,,,,,V,,,,USD,,,OL,8/28/2025
dataflow,IMF.RES:WEO(9.0.0),R,KIR,NGDPDPC,A,2028,3183.767707,0,,3,,,B1GQ,,,,,,,,,V,,,,USD,,,OL,8/28/2025
dataflow,IMF.RES:WEO(9.0.0),R,KIR,NGDPDPC,A,2029,3250.816715,0,,3,,,B1GQ,,,,,,,,,V,,,,USD,,,OL,8/28/2025
dataflow,IMF.RES:WEO(9.0.0),R,KIR,NGDPDPC,A,2030,3321.837645,0,,3,,,B1GQ,,,,,,,,,V,,,,USD,,,OL,8/28/2025
dataflow,IMF.RES:WEO(9.0.0),R,KIR,NGDPDPC,A,2031,3385.53522,0,,3,,,B1GQ,,,,,,,,,V,,,,USD,,,OL,8/28/2025
dataflow,IMF.RES:WEO(9.0.0),R,KIR,NGDPPC,A,2026,4333.352341,0,,3,,,B1GQ,,,,,,,,,V,,,,XDC,,,OL,8/28/2025
dataflow,IMF.RES:WEO(9.0.0),R,KIR,NGDPPC,A,2027,4446.044607,0,,3,,,B1GQ,,,,,,,,,V,,,,XDC,,,OL,8/28/2025
dataflow,IMF.RES:WEO(9.0.0),R,KIR,NGDPPC,A,2028,4548.342213,0,,3,,,B1GQ,,,,,,,,,V,,,,XDC,,,OL,8/28/2025
dataflow,IMF.RES:WEO(9.0.0),R,KIR,NGDPPC,A,2029,4665.766243,0,,3,,,B1GQ,,,,,,,,,V,,,,XDC,,,OL,8/28/2025
dataflow,IMF.RES:WEO(9.0.0),R,KIR,NGDPPC,A,2030,4779.445502,0,,3,,,B1GQ,,,,,,,,,V,,,,XDC,,,OL,8/28/2025
dataflow,IMF.RES:WEO(9.0.0),R,KIR,NGDPPC,A,2031,4887.098594,0,,3,,,B1GQ,,,,,,,,,V,,,,XDC,,,OL,8/28/2025
dataflow,IMF.RES:WEO(9.0.0),R,KIR,NGDPRPC,A,2026,3104.698703,0,,3,,,B1GQ,,,,,,,,,Q,,,,XDC,,,OL,8/28/2025
dataflow,IMF.RES:WEO(9.0.0),R,KIR,NGDPRPC,A,2027,3130.236165,0,,3,,,B1GQ,,,,,,,,,Q,,,,XDC,,,OL,8/28/2025
dataflow,IMF.RES:WEO(9.0.0),R,KIR,NGDPRPC,A,2028,3148.500438,0,,3,,,B1GQ,,,,,,,,,Q,,,,XDC,,,OL,8/28/2025
dataflow,IMF.RES:WEO(9.0.0),R,KIR,NGDPRPC,A,2029,3166.886308,0,,3,,,B1GQ,,,,,,,,,Q,,,,XDC,,,OL,8/28/2025
dataflow,IMF.RES:WEO(9.0.0),R,KIR,NGDPRPC,A,2030,3184.080459,0,,3,,,B1GQ,,,,,,,,,Q,,,,XDC,,,OL,8/28/2025
dataflow,IMF.RES:WEO(9.0.0),R,KIR,NGDPRPC,A,2031,3201.876159,0,,3,,,B1GQ,,,,,,,,,Q,,,,XDC,,,OL,8/28/2025
dataflow,IMF.RES:WEO(9.0.0),R,KIR,NGDPRPPPPC,A,2026,3256.418904,0,,3,,,B1GQ,,,,,,,,,Q,,,,,,,OL,8/28/2025
dataflow,IMF.RES:WEO(9.0.0),R,KIR,NGDPRPPPPC,A,2027,3283.204328,0,,3,,,B1GQ,,,,,,,,,Q,,,,,,,OL,8/28/2025
dataflow,IMF.RES:WEO(9.0.0),R,KIR,NGDPRPPPPC,A,2028,3302.361139,0,,3,,,B1GQ,,,,,,,,,Q,,,,,,,OL,8/28/2025
dataflow,IMF.RES:WEO(9.0.0),R,KIR,NGDPRPPPPC,A,2029,3321.645488,0,,3,,,B1GQ,,,,,,,,,Q,,,,,,,OL,8/28/2025
dataflow,IMF.RES:WEO(9.0.0),R,KIR,NGDPRPPPPC,A,2030,3339.679882,0,,3,,,B1GQ,,,,,,,,,Q,,,,,,,OL,8/28/2025
dataflow,IMF.RES:WEO(9.0.0),R,KIR,NGDPRPPPPC,A,2031,3358.345221,0,,3,,,B1GQ,,,,,,,,,Q,,,,,,,OL,8/28/2025
dataflow,IMF.RES:WEO(9.0.0),R,KIR,NGDP_D,A,2026,139.574006,0,,3,,,B1GQ,,,,,,,,PD,,,,,IX,,,OL,8/28/2025
dataflow,IMF.RES:WEO(9.0.0),R,KIR,NGDP_D,A,2027,142.035437,0,,3,,,B1GQ,,,,,,,,PD,,,,,IX,,,OL,8/28/2025
dataflow,IMF.RES:WEO(9.0.0),R,KIR,NGDP_D,A,2028,144.460587,0,,3,,,B1GQ,,,,,,,,PD,,,,,IX,,,OL,8/28/2025
dataflow,IMF.RES:WEO(9.0.0),R,KIR,NGDP_D,A,2029,147.329768,0,,3,,,B1GQ,,,,,,,,PD,,,,,IX,,,OL,8/28/2025
dataflow,IMF.RES:WEO(9.0.0),R,KIR,NGDP_D,A,2030,150.10442,0,,3,,,B1GQ,,,,,,,,PD,,,,,IX,,,OL,8/28/2025
dataflow,IMF.RES:WEO(9.0.0),R,KIR,NGDP_D,A,2031,152.632343,0,,3,,,B1GQ,,,,,,,,PD,,,,,IX,,,OL,8/28/2025
dataflow,IMF.RES:WEO(9.0.0),R,KIR,NGDP_FY,A,2026,569126000,9,,3,,,B1GQ,,,,,,,,,V,,,,XDC,,,OL,8/28/2025
dataflow,IMF.RES:WEO(9.0.0),R,KIR,NGDP_FY,A,2027,593101000,9,,3,,,B1GQ,,,,,,,,,V,,,,XDC,,,OL,8/28/2025
dataflow,IMF.RES:WEO(9.0.0),R,KIR,NGDP_FY,A,2028,616241000,9,,3,,,B1GQ,,,,,,,,,V,,,,XDC,,,OL,8/28/2025
dataflow,IMF.RES:WEO(9.0.0),R,KIR,NGDP_FY,A,2029,641998000,9,,3,,,B1GQ,,,,,,,,,V,,,,XDC,,,OL,8/28/2025
dataflow,IMF.RES:WEO(9.0.0),R,KIR,NGDP_FY,A,2030,667834000,9,,3,,,B1GQ,,,,,,,,,V,,,,XDC,,,OL,8/28/2025
dataflow,IMF.RES:WEO(9.0.0),R,KIR,NGDP_FY,A,2031,693403000,9,,3,,,B1GQ,,,,,,,,,V,,,,XDC,,,OL,8/28/2025
dataflow,IMF.RES:WEO(9.0.0),R,KIR,NGDP_R,A,2026,407759000,9,,3,,,B1GQ,,,,,,,,,Q,,,,XDC,,,OL,8/28/2025
dataflow,IMF.RES:WEO(9.0.0),R,KIR,NGDP_R,A,2027,417572000,9,,3,,,B1GQ,,,,,,,,,Q,,,,XDC,,,OL,8/28/2025
dataflow,IMF.RES:WEO(9.0.0),R,KIR,NGDP_R,A,2028,426581000,9,,3,,,B1GQ,,,,,,,,,Q,,,,XDC,,,OL,8/28/2025
dataflow,IMF.RES:WEO(9.0.0),R,KIR,NGDP_R,A,2029,435756000,9,,3,,,B1GQ,,,,,,,,,Q,,,,XDC,,,OL,8/28/2025
dataflow,IMF.RES:WEO(9.0.0),R,KIR,NGDP_R,A,2030,444913000,9,,3,,,B1GQ,,,,,,,,,Q,,,,XDC,,,OL,8/28/2025
dataflow,IMF.RES:WEO(9.0.0),R,KIR,NGDP_R,A,2031,454296000,9,,3,,,B1GQ,,,,,,,,,Q,,,,XDC,,,OL,8/28/2025
dataflow,IMF.RES:WEO(9.0.0),R,KIR,NGDP_RPCH,A,2026,3.101642,0,,3,,,B1GQ,,,,,,,,,Q,,,,PT,,,OL,8/28/2025
dataflow,IMF.RES:WEO(9.0.0),R,KIR,NGDP_RPCH,A,2027,2.406583,0,,3,,,B1GQ,,,,,,,,,Q,,,,PT,,,OL,8/28/2025
dataflow,IMF.RES:WEO(9.0.0),R,KIR,NGDP_RPCH,A,2028,2.157353,0,,3,,,B1GQ,,,,,,,,,Q,,,,PT,,,OL,8/28/2025
dataflow,IMF.RES:WEO(9.0.0),R,KIR,NGDP_RPCH,A,2029,2.150787,0,,3,,,B1GQ,,,,,,,,,Q,,,,PT,,,OL,8/28/2025
dataflow,IMF.RES:WEO(9.0.0),R,KIR,NGDP_RPCH,A,2030,2.101373,0,,3,,,B1GQ,,,,,,,,,Q,,,,PT,,,OL,8/28/2025
dataflow,IMF.RES:WEO(9.0.0),R,KIR,NGDP_RPCH,A,2031,2.109051,0,,3,,,B1GQ,,,,,,,,,Q,,,,PT,,,OL,8/28/2025
dataflow,IMF.RES:WEO(9.0.0),R,KIR,PCPI,A,2026,116.26159,0,,3,,,,,,,,,,,CPI,,,,,IX,,,OL,8/28/2025
dataflow,IMF.RES:WEO(9.0.0),R,KIR,PCPI,A,2027,119.865699,0,,3,,,,,,,,,,,CPI,,,,,IX,,,OL,8/28/2025
dataflow,IMF.RES:WEO(9.0.0),R,KIR,PCPI,A,2028,122.862341,0,,3,,,,,,,,,,,CPI,,,,,IX,,,OL,8/28/2025
dataflow,IMF.RES:WEO(9.0.0),R,KIR,PCPI,A,2029,125.319588,0,,3,,,,,,,,,,,CPI,,,,,IX,,,OL,8/28/2025
dataflow,IMF.RES:WEO(9.0.0),R,KIR,PCPI,A,2030,127.82598,0,,3,,,,,,,,,,,CPI,,,,,IX,,,OL,8/28/2025
dataflow,IMF.RES:WEO(9.0.0),R,KIR,PCPI,A,2031,130.126848,0,,3,,,,,,,,,,,CPI,,,,,IX,,,OL,8/28/2025
dataflow,IMF.RES:WEO(9.0.0),R,KIR,PCPIE,A,2026,115.253792,0,,3,,,,,,,,,,,CPI,,,,,IX,,,OL,8/28/2025
dataflow,IMF.RES:WEO(9.0.0),R,KIR,PCPIE,A,2027,118.135137,0,,3,,,,,,,,,,,CPI,,,,,IX,,,OL,8/28/2025
dataflow,IMF.RES:WEO(9.0.0),R,KIR,PCPIE,A,2028,121.088515,0,,3,,,,,,,,,,,CPI,,,,,IX,,,OL,8/28/2025
dataflow,IMF.RES:WEO(9.0.0),R,KIR,PCPIE,A,2029,123.510286,0,,3,,,,,,,,,,,CPI,,,,,IX,,,OL,8/28/2025
dataflow,IMF.RES:WEO(9.0.0),R,KIR,PCPIE,A,2030,125.980491,0,,3,,,,,,,,,,,CPI,,,,,IX,,,OL,8/28/2025
dataflow,IMF.RES:WEO(9.0.0),R,KIR,PCPIE,A,2031,128.24814,0,,3,,,,,,,,,,,CPI,,,,,IX,,,OL,8/28/2025
dataflow,IMF.RES:WEO(9.0.0),R,KIR,PCPIEPCH,A,2026,3.3,0,,3,,,,,,,,,,,CPI,,,,,PT,,,OL,8/28/2025
dataflow,IMF.RES:WEO(9.0.0),R,KIR,PCPIEPCH,A,2027,2.5,0,,3,,,,,,,,,,,CPI,,,,,PT,,,OL,8/28/2025
dataflow,IMF.RES:WEO(9.0.0),R,KIR,PCPIEPCH,A,2028,2.5,0,,3,,,,,,,,,,,CPI,,,,,PT,,,OL,8/28/2025
dataflow,IMF.RES:WEO(9.0.0),R,KIR,PCPIEPCH,A,2029,2,0,,3,,,,,,,,,,,CPI,,,,,PT,,,OL,8/28/2025
dataflow,IMF.RES:WEO(9.0.0),R,KIR,PCPIEPCH,A,2030,2,0,,3,,,,,,,,,,,CPI,,,,,PT,,,OL,8/28/2025
dataflow,IMF.RES:WEO(9.0.0),R,KIR,PCPIEPCH,A,2031,1.8,0,,3,,,,,,,,,,,CPI,,,,,PT,,,OL,8/28/2025
dataflow,IMF.RES:WEO(9.0.0),R,KIR,PCPIPCH,A,2026,4.5,0,,3,,,,,,,,,,,CPI,,,,,PT,,,OL,8/28/2025
dataflow,IMF.RES:WEO(9.0.0),R,KIR,PCPIPCH,A,2027,3.1,0,,3,,,,,,,,,,,CPI,,,,,PT,,,OL,8/28/2025
dataflow,IMF.RES:WEO(9.0.0),R,KIR,PCPIPCH,A,2028,2.5,0,,3,,,,,,,,,,,CPI,,,,,PT,,,OL,8/28/2025
dataflow,IMF.RES:WEO(9.0.0),R,KIR,PCPIPCH,A,2029,2,0,,3,,,,,,,,,,,CPI,,,,,PT,,,OL,8/28/2025
dataflow,IMF.RES:WEO(9.0.0),R,KIR,PCPIPCH,A,2030,2,0,,3,,,,,,,,,,,CPI,,,,,PT,,,OL,8/28/2025
dataflow,IMF.RES:WEO(9.0.0),R,KIR,PCPIPCH,A,2031,1.8,0,,3,,,,,,,,,,,CPI,,,,,PT,,,OL,8/28/2025
dataflow,IMF.RES:WEO(9.0.0),R,KIR,PPPEX,A,2026,1.105095,0,,3,,,,,,,,,,,,,RT,XDC_PU,,,,,OL,8/28/2025
dataflow,IMF.RES:WEO(9.0.0),R,KIR,PPPEX,A,2027,1.10042,0,,3,,,,,,,,,,,,,RT,XDC_PU,,,,,OL,8/28/2025
dataflow,IMF.RES:WEO(9.0.0),R,KIR,PPPEX,A,2028,1.101135,0,,3,,,,,,,,,,,,,RT,XDC_PU,,,,,OL,8/28/2025
dataflow,IMF.RES:WEO(9.0.0),R,KIR,PPPEX,A,2029,1.103385,0,,3,,,,,,,,,,,,,RT,XDC_PU,,,,,OL,8/28/2025
dataflow,IMF.RES:WEO(9.0.0),R,KIR,PPPEX,A,2030,1.103881,0,,3,,,,,,,,,,,,,RT,XDC_PU,,,,,OL,8/28/2025
dataflow,IMF.RES:WEO(9.0.0),R,KIR,PPPEX,A,2031,1.102567,0,,3,,,,,,,,,,,,,RT,XDC_PU,,,,,OL,8/28/2025
dataflow,IMF.RES:WEO(9.0.0),R,KIR,PPPGDP,A,2026,515002000,9,,3,,,B1GQ,,,,,,,,,V,,,,,,,OL,8/28/2025
dataflow,IMF.RES:WEO(9.0.0),R,KIR,PPPGDP,A,2027,538977000,9,,3,,,B1GQ,,,,,,,,,V,,,,,,,OL,8/28/2025
dataflow,IMF.RES:WEO(9.0.0),R,KIR,PPPGDP,A,2028,559642000,9,,3,,,B1GQ,,,,,,,,,V,,,,,,,OL,8/28/2025
dataflow,IMF.RES:WEO(9.0.0),R,KIR,PPPGDP,A,2029,581844000,9,,3,,,B1GQ,,,,,,,,,V,,,,,,,OL,8/28/2025
dataflow,IMF.RES:WEO(9.0.0),R,KIR,PPPGDP,A,2030,604987000,9,,3,,,B1GQ,,,,,,,,,V,,,,,,,OL,8/28/2025
dataflow,IMF.RES:WEO(9.0.0),R,KIR,PPPGDP,A,2031,628899000,9,,3,,,B1GQ,,,,,,,,,V,,,,,,,OL,8/28/2025
dataflow,IMF.RES:WEO(9.0.0),R,KIR,PPPPC,A,2026,3921.247774,0,,3,,,B1GQ,,,,,,,,,,,,,,,,OL,8/28/2025
dataflow,IMF.RES:WEO(9.0.0),R,KIR,PPPPC,A,2027,4040.316721,0,,3,,,B1GQ,,,,,,,,,,,,,,,,OL,8/28/2025
dataflow,IMF.RES:WEO(9.0.0),R,KIR,PPPPC,A,2028,4130.595448,0,,3,,,B1GQ,,,,,,,,,,,,,,,,OL,8/28/2025
dataflow,IMF.RES:WEO(9.0.0),R,KIR,PPPPC,A,2029,4228.591691,0,,3,,,B1GQ,,,,,,,,,,,,,,,,OL,8/28/2025
dataflow,IMF.RES:WEO(9.0.0),R,KIR,PPPPC,A,2030,4329.673594,0,,3,,,B1GQ,,,,,,,,,,,,,,,,OL,8/28/2025
dataflow,IMF.RES:WEO(9.0.0),R,KIR,PPPPC,A,2031,4432.472498,0,,3,,,B1GQ,,,,,,,,,,,,,,,,OL,8/28/2025
dataflow,IMF.RES:WEO(9.0.0),R,KIR,PPPSH,A,2026,0.000231,0,,3,,,B1GQ,,,,,,,,,,,,,PT,,,OL,8/28/2025
dataflow,IMF.RES:WEO(9.0.0),R,KIR,PPPSH,A,2027,0.000229,0,,3,,,B1GQ,,,,,,,,,,,,,PT,,,OL,8/28/2025
dataflow,IMF.RES:WEO(9.0.0),R,KIR,PPPSH,A,2028,0.000227,0,,3,,,B1GQ,,,,,,,,,,,,,PT,,,OL,8/28/2025
dataflow,IMF.RES:WEO(9.0.0),R,KIR,PPPSH,A,2029,0.000225,0,,3,,,B1GQ,,,,,,,,,,,,,PT,,,OL,8/28/2025
dataflow,IMF.RES:WEO(9.0.0),R,KIR,PPPSH,A,2030,0.000223,0,,3,,,B1GQ,,,,,,,,,,,,,PT,,,OL,8/28/2025
dataflow,IMF.RES:WEO(9.0.0),R,KIR,PPPSH,A,2031,0.000221,0,,3,,,B1GQ,,,,,,,,,,,,,PT,,,OL,8/28/2025
dataflow,IMF.RES:WEO(9.0.0),R,KIR,TMG_RPCH,A,2026,1.851701,0,,3,,,,,,MG,,,,,,VL,,,,PT,,,OL,8/28/2025
dataflow,IMF.RES:WEO(9.0.0),R,KIR,TMG_RPCH,A,2027,0.530206,0,,3,,,,,,MG,,,,,,VL,,,,PT,,,OL,8/28/2025
dataflow,IMF.RES:WEO(9.0.0),R,KIR,TMG_RPCH,A,2028,0.957902,0,,3,,,,,,MG,,,,,,VL,,,,PT,,,OL,8/28/2025
dataflow,IMF.RES:WEO(9.0.0),R,KIR,TMG_RPCH,A,2029,0.850539,0,,3,,,,,,MG,,,,,,VL,,,,PT,,,OL,8/28/2025
dataflow,IMF.RES:WEO(9.0.0),R,KIR,TMG_RPCH,A,2030,1.728514,0,,3,,,,,,MG,,,,,,VL,,,,PT,,,OL,8/28/2025
dataflow,IMF.RES:WEO(9.0.0),R,KIR,TMG_RPCH,A,2031,2.20765,0,,3,,,,,,MG,,,,,,VL,,,,PT,,,OL,8/28/2025
dataflow,IMF.RES:WEO(9.0.0),R,KIR,TM_RPCH,A,2026,3.929025,0,,3,,,,,,MGS,,,,,,VL,,,,PT,,,OL,8/28/2025
dataflow,IMF.RES:WEO(9.0.0),R,KIR,TM_RPCH,A,2027,1.366997,0,,3,,,,,,MGS,,,,,,VL,,,,PT,,,OL,8/28/2025
dataflow,IMF.RES:WEO(9.0.0),R,KIR,TM_RPCH,A,2028,1.439981,0,,3,,,,,,MGS,,,,,,VL,,,,PT,,,OL,8/28/2025
dataflow,IMF.RES:WEO(9.0.0),R,KIR,TM_RPCH,A,2029,1.261477,0,,3,,,,,,MGS,,,,,,VL,,,,PT,,,OL,8/28/2025
dataflow,IMF.RES:WEO(9.0.0),R,KIR,TM_RPCH,A,2030,1.945069,0,,3,,,,,,MGS,,,,,,VL,,,,PT,,,OL,8/28/2025
dataflow,IMF.RES:WEO(9.0.0),R,KIR,TM_RPCH,A,2031,1.892439,0,,3,,,,,,MGS,,,,,,VL,,,,PT,,,OL,8/28/2025
dataflow,IMF.RES:WEO(9.0.0),R,KIR,TXG_RPCH,A,2026,-9.777018,0,,3,,,,,,XG,,,,,,VL,,,,PT,,,OL,8/28/2025
dataflow,IMF.RES:WEO(9.0.0),R,KIR,TXG_RPCH,A,2027,11.884279,0,,3,,,,,,XG,,,,,,VL,,,,PT,,,OL,8/28/2025
dataflow,IMF.RES:WEO(9.0.0),R,KIR,TXG_RPCH,A,2028,11.630519,0,,3,,,,,,XG,,,,,,VL,,,,PT,,,OL,8/28/2025
dataflow,IMF.RES:WEO(9.0.0),R,KIR,TXG_RPCH,A,2029,11.257032,0,,3,,,,,,XG,,,,,,VL,,,,PT,,,OL,8/28/2025
dataflow,IMF.RES:WEO(9.0.0),R,KIR,TXG_RPCH,A,2030,2.868958,0,,3,,,,,,XG,,,,,,VL,,,,PT,,,OL,8/28/2025
dataflow,IMF.RES:WEO(9.0.0),R,KIR,TXG_RPCH,A,2031,2.79239,0,,3,,,,,,XG,,,,,,VL,,,,PT,,,OL,8/28/2025
dataflow,IMF.RES:WEO(9.0.0),R,KIR,TX_RPCH,A,2026,-8.340333,0,,3,,,,,,XGS,,,,,,VL,,,,PT,,,OL,8/28/2025
dataflow,IMF.RES:WEO(9.0.0),R,KIR,TX_RPCH,A,2027,8.801382,0,,3,,,,,,XGS,,,,,,VL,,,,PT,,,OL,8/28/2025
dataflow,IMF.RES:WEO(9.0.0),R,KIR,TX_RPCH,A,2028,8.692881,0,,3,,,,,,XGS,,,,,,VL,,,,PT,,,OL,8/28/2025
dataflow,IMF.RES:WEO(9.0.0),R,KIR,TX_RPCH,A,2029,8.422284,0,,3,,,,,,XGS,,,,,,VL,,,,PT,,,OL,8/28/2025
dataflow,IMF.RES:WEO(9.0.0),R,KIR,TX_RPCH,A,2030,5.013458,0,,3,,,,,,XGS,,,,,,VL,,,,PT,,,OL,8/28/2025
dataflow,IMF.RES:WEO(9.0.0),R,KIR,TX_RPCH,A,2031,2.79239,0,,3,,,,,,XGS,,,,,,VL,,,,PT,,,OL,8/28/2025