dataflow,IMF.RES:WEO(9.0.0),R,LSO,BCA,A,2026,-100323000,9,,3,,CAB,,,,,,,,,,,,,,USD,,,OL,9/25/2025
dataflow,IMF.RES:WEO(9.0.0),R,LSO,BCA,A,2027,-71476000,9,,3,,CAB,,,,,,,,,,,,,,USD,,,OL,9/25/2025
dataflow,IMF.RES:WEO(9.0.0),R,LSO,BCA,A,2028,-46208000,9,,3,,CAB,,,,,,,,,,,,,,USD,,,OL,9/25/2025
dataflow,IMF.RES:WEO(9.0.0),R,LSO,BCA,A,2029,-8052000,9,,3,,CAB,,,,,,,,,,,,,,USD,,,OL,9/25/2025
dataflow,IMF.RES:WEO(9.0.0),R,LSO,BCA,A,2030,13066000,9,,3,,CAB,,,,,,,,,,,,,,USD,,,OL,9/25/2025
dataflow,IMF.RES:WEO(9.0.0),R,LSO,BCA,A,2031,-1991000,9,,3,,CAB,,,,,,,,,,,,,,USD,,,OL,9/25/2025
dataflow,IMF.RES:WEO(9.0.0),R,LSO,BCA_NGDPD,A,2026,-3.375152,0,,3,,CAB,,,,,,,,,,,,,,PT,,,OL,9/25/2025
dataflow,IMF.RES:WEO(9.0.0),R,LSO,BCA_NGDPD,A,2027,-2.308551,0,,3,,CAB,,,,,,,,,,,,,,PT,,,OL,9/25/2025
dataflow,IMF.RES:WEO(9.0.0),R,LSO,BCA_NGDPD,A,2028,-1.426079,0,,3,,CAB,,,,,,,,,,,,,,PT,,,OL,9/25/2025
dataflow,IMF.RES:WEO(9.0.0),R,LSO,BCA_NGDPD,A,2029,-0.23724,0,,3,,CAB,,,,,,,,,,,,,,PT,,,OL,9/25/2025
dataflow,IMF.RES:WEO(9.0.0),R,LSO,BCA_NGDPD,A,2030,0.367299,0,,3,,CAB,,,,,,,,,,,,,,PT,,,OL,9/25/2025
dataflow,IMF.RES:WEO(9.0.0),R,LSO,BCA_NGDPD,A,2031,-0.0532,0,,3,,CAB,,,,,,,,,,,,,,PT,,,OL,9/25/2025
dataflow,IMF.RES:WEO(9.0.0),R,LSO,GGR,A,2026,28717750000,9,,3,,,,G1,,,,,S13,,,,,,,XDC,,,OL,9/25/2025
dataflow,IMF.RES:WEO(9.0.0),R,LSO,GGR,A,2027,30491381000,9,,3,,,,G1,,,,,S13,,,,,,,XDC,,,OL,9/25/2025
dataflow,IMF.RES:WEO(9.0.0),R,LSO,GGR,A,2028,32100116000,9,,3,,,,G1,,,,,S13,,,,,,,XDC,,,OL,9/25/2025
dataflow,IMF.RES:WEO(9.0.0),R,LSO,GGR,A,2029,33773288000,9,,3,,,,G1,,,,,S13,,,,,,,XDC,,,OL,9/25/2025
dataflow,IMF.RES:WEO(9.0.0),R,LSO,GGR,A,2030,35632143000,9,,3,,,,G1,,,,,S13,,,,,,,XDC,,,OL,9/25/2025
dataflow,IMF.RES:WEO(9.0.0),R,LSO,GGR,A,2031,37534887000,9,,3,,,,G1,,,,,S13,,,,,,,XDC,,,OL,9/25/2025
dataflow,IMF.RES:WEO(9.0.0),R,LSO,GGR_NGDP,A,2026,56.815034,0,,3,,,,G1,,,,,S13,,,,,,,PT,,,OL,9/25/2025
dataflow,IMF.RES:WEO(9.0.0),R,LSO,GGR_NGDP,A,2027,57.454982,0,,3,,,,G1,,,,,S13,,,,,,,PT,,,OL,9/25/2025
dataflow,IMF.RES:WEO(9.0.0),R,LSO,GGR_NGDP,A,2028,57.358269,0,,3,,,,G1,,,,,S13,,,,,,,PT,,,OL,9/25/2025
dataflow,IMF.RES:WEO(9.0.0),R,LSO,GGR_NGDP,A,2029,57.175407,0,,3,,,,G1,,,,,S13,,,,,,,PT,,,OL,9/25/2025
dataflow,IMF.RES:WEO(9.0.0),R,LSO,GGR_NGDP,A,2030,57.169373,0,,3,,,,G1,,,,,S13,,,,,,,PT,,,OL,9/25/2025
dataflow,IMF.RES:WEO(9.0.0),R,LSO,GGR_NGDP,A,2031,57.068806,0,,3,,,,G1,,,,,S13,,,,,,,PT,,,OL,9/25/2025
dataflow,IMF.RES:WEO(9.0.0),R,LSO,GGX,A,2026,26599244000,9,,3,,,,G2M,,,,,S13,,,,,,,XDC,,,OL,9/25/2025
dataflow,IMF.RES:WEO(9.0.0),R,LSO,GGX,A,2027,28106855000,9,,3,,,,G2M,,,,,S13,,,,,,,XDC,,,OL,9/25/2025
dataflow,IMF.RES:WEO(9.0.0),R,LSO,GGX,A,2028,29651005000,9,,3,,,,G2M,,,,,S13,,,,,,,XDC,,,OL,9/25/2025
dataflow,IMF.RES:WEO(9.0.0),R,LSO,GGX,A,2029,31433086000,9,,3,,,,G2M,,,,,S13,,,,,,,XDC,,,OL,9/25/2025
dataflow,IMF.RES:WEO(9.0.0),R,LSO,GGX,A,2030,33317828000,9,,3,,,,G2M,,,,,S13,,,,,,,XDC,,,OL,9/25/2025
dataflow,IMF.RES:WEO(9.0.0),R,LSO,GGX,A,2031,35285498000,9,,3,,,,G2M,,,,,S13,,,,,,,XDC,,,OL,9/25/2025
dataflow,IMF.RES:WEO(9.0.0),R,LSO,GGXCNL,A,2026,2118506000,9,,3,,,,GNLB,,,,,S13,,,,,,,XDC,,,OL,9/25/2025
dataflow,IMF.RES:WEO(9.0.0),R,LSO,GGXCNL,A,2027,2384526000,9,,3,,,,GNLB,,,,,S13,,,,,,,XDC,,,OL,9/25/2025
dataflow,IMF.RES:WEO(9.0.0),R,LSO,GGXCNL,A,2028,2449112000,9,,3,,,,GNLB,,,,,S13,,,,,,,XDC,,,OL,9/25/2025
dataflow,IMF.RES:WEO(9.0.0),R,LSO,GGXCNL,A,2029,2340201000,9,,3,,,,GNLB,,,,,S13,,,,,,,XDC,,,OL,9/25/2025
dataflow,IMF.RES:WEO(9.0.0),R,LSO,GGXCNL,A,2030,2314315000,9,,3,,,,GNLB,,,,,S13,,,,,,,XDC,,,OL,9/25/2025
dataflow,IMF.RES:WEO(9.0.0),R,LSO,GGXCNL,A,2031,2249389000,9,,3,,,,GNLB,,,,,S13,,,,,,,XDC,,,OL,9/25/2025
dataflow,IMF.RES:WEO(9.0.0),R,LSO,GGXCNL_NGDP,A,2026,4.191241,0,,3,,,,GNLB,,,,,S13,,,,,,,PT,,,OL,9/25/2025
dataflow,IMF.RES:WEO(9.0.0),R,LSO,GGXCNL_NGDP,A,2027,4.493167,0,,3,,,,GNLB,,,,,S13,,,,,,,PT,,,OL,9/25/2025
dataflow,IMF.RES:WEO(9.0.0),R,LSO,GGXCNL_NGDP,A,2028,4.376209,0,,3,,,,GNLB,,,,,S13,,,,,,,PT,,,OL,9/25/2025
dataflow,IMF.RES:WEO(9.0.0),R,LSO,GGXCNL_NGDP,A,2029,3.961769,0,,3,,,,GNLB,,,,,S13,,,,,,,PT,,,OL,9/25/2025
dataflow,IMF.RES:WEO(9.0.0),R,LSO,GGXCNL_NGDP,A,2030,3.713163,0,,3,,,,GNLB,,,,,S13,,,,,,,PT,,,OL,9/25/2025
dataflow,IMF.RES:WEO(9.0.0),R,LSO,GGXCNL_NGDP,A,2031,3.420016,0,,3,,,,GNLB,,,,,S13,,,,,,,PT,,,OL,9/25/2025
dataflow,IMF.RES:WEO(9.0.0),R,LSO,GGXONLB,A,2026,3076733000,9,,3,,,,GPB,,,,,S13,,,,,,,XDC,,,OL,9/25/2025
dataflow,IMF.RES:WEO(9.0.0),R,LSO,GGXONLB,A,2027,3465348000,9,,3,,,,GPB,,,,,S13,,,,,,,XDC,,,OL,9/25/2025
dataflow,IMF.RES:WEO(9.0.0),R,LSO,GGXONLB,A,2028,3636960000,9,,3,,,,GPB,,,,,S13,,,,,,,XDC,,,OL,9/25/2025
dataflow,IMF.RES:WEO(9.0.0),R,LSO,GGXONLB,A,2029,3620176000,9,,3,,,,GPB,,,,,S13,,,,,,,XDC,,,OL,9/25/2025
dataflow,IMF.RES:WEO(9.0.0),R,LSO,GGXONLB,A,2030,3726366000,9,,3,,,,GPB,,,,,S13,,,,,,,XDC,,,OL,9/25/2025
dataflow,IMF.RES:WEO(9.0.0),R,LSO,GGXONLB,A,2031,3773649000,9,,3,,,,GPB,,,,,S13,,,,,,,XDC,,,OL,9/25/2025
dataflow,IMF.RES:WEO(9.0.0),R,LSO,GGXONLB_NGDP,A,2026,6.086992,0,,3,,,,GPB,,,,,S13,,,,,,,PT,,,OL,9/25/2025
dataflow,IMF.RES:WEO(9.0.0),R,LSO,GGXONLB_NGDP,A,2027,6.529764,0,,3,,,,GPB,,,,,S13,,,,,,,PT,,,OL,9/25/2025
dataflow,IMF.RES:WEO(9.0.0),R,LSO,GGXONLB_NGDP,A,2028,6.498721,0,,3,,,,GPB,,,,,S13,,,,,,,PT,,,OL,9/25/2025
dataflow,IMF.RES:WEO(9.0.0),R,LSO,GGXONLB_NGDP,A,2029,6.128661,0,,3,,,,GPB,,,,,S13,,,,,,,PT,,,OL,9/25/2025
dataflow,IMF.RES:WEO(9.0.0),R,LSO,GGXONLB_NGDP,A,2030,5.978703,0,,3,,,,GPB,,,,,S13,,,,,,,PT,,,OL,9/25/2025
dataflow,IMF.RES:WEO(9.0.0),R,LSO,GGXONLB_NGDP,A,2031,5.737533,0,,3,,,,GPB,,,,,S13,,,,,,,PT,,,OL,9/25/2025
dataflow,IMF.RES:WEO(9.0.0),R,LSO,GGXWDG,A,2026,24773484000,9,,3,,,,G63G,,,,,S13,,,,,,,XDC,,,OL,9/25/2025
dataflow,IMF.RES:WEO(9.0.0),R,LSO,GGXWDG,A,2027,25773433000,9,,3,,,,G63G,,,,,S13,,,,,,,XDC,,,OL,9/25/2025
dataflow,IMF.RES:WEO(9.0.0),R,LSO,GGXWDG,A,2028,26915760000,9,,3,,,,G63G,,,,,S13,,,,,,,XDC,,,OL,9/25/2025
dataflow,IMF.RES:WEO(9.0.0),R,LSO,GGXWDG,A,2029,28284402000,9,,3,,,,G63G,,,,,S13,,,,,,,XDC,,,OL,9/25/2025
dataflow,IMF.RES:WEO(9.0.0),R,LSO,GGXWDG,A,2030,30290418000,9,,3,,,,G63G,,,,,S13,,,,,,,XDC,,,OL,9/25/2025
dataflow,IMF.RES:WEO(9.0.0),R,LSO,GGXWDG,A,2031,32892400000,9,,3,,,,G63G,,,,,S13,,,,,,,XDC,,,OL,9/25/2025
dataflow,IMF.RES:WEO(9.0.0),R,LSO,GGXWDG_NGDP,A,2026,49.01172,0,,3,,,,G63G,,,,,S13,,,,,,,PT,,,OL,9/25/2025
dataflow,IMF.RES:WEO(9.0.0),R,LSO,GGXWDG_NGDP,A,2027,48.564942,0,,3,,,,G63G,,,,,S13,,,,,,,PT,,,OL,9/25/2025
dataflow,IMF.RES:WEO(9.0.0),R,LSO,GGXWDG_NGDP,A,2028,48.094573,0,,3,,,,G63G,,,,,S13,,,,,,,PT,,,OL,9/25/2025
dataflow,IMF.RES:WEO(9.0.0),R,LSO,GGXWDG_NGDP,A,2029,47.883173,0,,3,,,,G63G,,,,,S13,,,,,,,PT,,,OL,9/25/2025
dataflow,IMF.RES:WEO(9.0.0),R,LSO,GGXWDG_NGDP,A,2030,48.598936,0,,3,,,,G63G,,,,,S13,,,,,,,PT,,,OL,9/25/2025
dataflow,IMF.RES:WEO(9.0.0),R,LSO,GGXWDG_NGDP,A,2031,50.010274,0,,3,,,,G63G,,,,,S13,,,,,,,PT,,,OL,9/25/2025
dataflow,IMF.RES:WEO(9.0.0),R,LSO,GGXWDN,A,2026,1332768000,9,,3,,,,G63N,,,,,S13,,,,,,,XDC,,,OL,9/25/2025
dataflow,IMF.RES:WEO(9.0.0),R,LSO,GGXWDN,A,2027,-1252429000,9,,3,,,,G63N,,,,,S13,,,,,,,XDC,,,OL,9/25/2025
dataflow,IMF.RES:WEO(9.0.0),R,LSO,GGXWDN,A,2028,-3984429000,9,,3,,,,G63N,,,,,S13,,,,,,,XDC,,,OL,9/25/2025
dataflow,IMF.RES:WEO(9.0.0),R,LSO,GGXWDN,A,2029,-6659690000,9,,3,,,,G63N,,,,,S13,,,,,,,XDC,,,OL,9/25/2025
dataflow,IMF.RES:WEO(9.0.0),R,LSO,GGXWDN,A,2030,-9442353000,9,,3,,,,G63N,,,,,S13,,,,,,,XDC,,,OL,9/25/2025
dataflow,IMF.RES:WEO(9.0.0),R,LSO,GGXWDN,A,2031,-11842942000,9,,3,,,,G63N,,,,,S13,,,,,,,XDC,,,OL,9/25/2025
dataflow,IMF.RES:WEO(9.0.0),R,LSO,GGXWDN_NGDP,A,2026,2.636741,0,,3,,,,G63N,,,,,S13,,,,,,,PT,,,OL,9/25/2025
dataflow,IMF.RES:WEO(9.0.0),R,LSO,GGXWDN_NGDP,A,2027,-2.359956,0,,3,,,,G63N,,,,,S13,,,,,,,PT,,,OL,9/25/2025
dataflow,IMF.RES:WEO(9.0.0),R,LSO,GGXWDN_NGDP,A,2028,-7.1196,0,,3,,,,G63N,,,,,S13,,,,,,,PT,,,OL,9/25/2025
dataflow,IMF.RES:WEO(9.0.0),R,LSO,GGXWDN_NGDP,A,2029,-11.274309,0,,3,,,,G63N,,,,,S13,,,,,,,PT,,,OL,9/25/2025
dataflow,IMF.RES:WEO(9.0.0),R,LSO,GGXWDN_NGDP,A,2030,-15.14962,0,,3,,,,G63N,,,,,S13,,,,,,,PT,,,OL,9/25/2025
dataflow,IMF.RES:WEO(9.0.0),R,LSO,GGXWDN_NGDP,A,2031,-18.00625,0,,3,,,,G63N,,,,,S13,,,,,,,PT,,,OL,9/25/2025
dataflow,IMF.RES:WEO(9.0.0),R,LSO,GGX_NGDP,A,2026,52.623793,0,,3,,,,G2M,,,,,S13,,,,,,,PT,,,OL,9/25/2025
dataflow,IMF.RES:WEO(9.0.0),R,LSO,GGX_NGDP,A,2027,52.961815,0,,3,,,,G2M,,,,,S13,,,,,,,PT,,,OL,9/25/2025
dataflow,IMF.RES:WEO(9.0.0),R,LSO,GGX_NGDP,A,2028,52.982061,0,,3,,,,G2M,,,,,S13,,,,,,,PT,,,OL,9/25/2025
dataflow,IMF.RES:WEO(9.0.0),R,LSO,GGX_NGDP,A,2029,53.213638,0,,3,,,,G2M,,,,,S13,,,,,,,PT,,,OL,9/25/2025
dataflow,IMF.RES:WEO(9.0.0),R,LSO,GGX_NGDP,A,2030,53.456211,0,,3,,,,G2M,,,,,S13,,,,,,,PT,,,OL,9/25/2025
dataflow,IMF.RES:WEO(9.0.0),R,LSO,GGX_NGDP,A,2031,53.64879,0,,3,,,,G2M,,,,,S13,,,,,,,PT,,,OL,9/25/2025
dataflow,IMF.RES:WEO(9.0.0),R,LSO,LP,A,2026,2394400,6,,3,,,,,,,,POP,,,,,,,,,,,OL,9/25/2025
dataflow,IMF.RES:WEO(9.0.0),R,LSO,LP,A,2027,2423407,6,,3,,,,,,,,POP,,,,,,,,,,,OL,9/25/2025
dataflow,IMF.RES:WEO(9.0.0),R,LSO,LP,A,2028,2452765,6,,3,,,,,,,,POP,,,,,,,,,,,OL,9/25/2025
dataflow,IMF.RES:WEO(9.0.0),R,LSO,LP,A,2029,2482480,6,,3,,,,,,,,POP,,,,,,,,,,,OL,9/25/2025
dataflow,IMF.RES:WEO(9.0.0),R,LSO,LP,A,2030,2512554,6,,3,,,,,,,,POP,,,,,,,,,,,OL,9/25/2025
dataflow,IMF.RES:WEO(9.0.0),R,LSO,LP,A,2031,2542992,6,,3,,,,,,,,POP,,,,,,,,,,,OL,9/25/2025
dataflow,IMF.RES:WEO(9.0.0),R,LSO,NGDP,A,2026,50546040000,9,,3,,,B1GQ,,,,,,,,,V,,,,XDC,,,OL,9/25/2025
dataflow,IMF.RES:WEO(9.0.0),R,LSO,NGDP,A,2027,53070038000,9,,3,,,B1GQ,,,,,,,,,V,,,,XDC,,,OL,9/25/2025
dataflow,IMF.RES:WEO(9.0.0),R,LSO,NGDP,A,2028,55964234000,9,,3,,,B1GQ,,,,,,,,,V,,,,XDC,,,OL,9/25/2025
dataflow,IMF.RES:WEO(9.0.0),R,LSO,NGDP,A,2029,59069606000,9,,3,,,B1GQ,,,,,,,,,V,,,,XDC,,,OL,9/25/2025
dataflow,IMF.RES:WEO(9.0.0),R,LSO,NGDP,A,2030,62327328000,9,,3,,,B1GQ,,,,,,,,,V,,,,XDC,,,OL,9/25/2025
dataflow,IMF.RES:WEO(9.0.0),R,LSO,NGDP,A,2031,65771285000,9,,3,,,B1GQ,,,,,,,,,V,,,,XDC,,,OL,9/25/2025
dataflow,IMF.RES:WEO(9.0.0),R,LSO,NGDPD,A,2026,2972392000,9,,3,,,B1GQ,,,,,,,,,V,,,,USD,,,OL,9/25/2025
dataflow,IMF.RES:WEO(9.0.0),R,LSO,NGDPD,A,2027,3096159000,9,,3,,,B1GQ,,,,,,,,,V,,,,USD,,,OL,9/25/2025
dataflow,IMF.RES:WEO(9.0.0),R,LSO,NGDPD,A,2028,3240219000,9,,3,,,B1GQ,,,,,,,,,V,,,,USD,,,OL,9/25/2025
dataflow,IMF.RES:WEO(9.0.0),R,LSO,NGDPD,A,2029,3394095000,9,,3,,,B1GQ,,,,,,,,,V,,,,USD,,,OL,9/25/2025
dataflow,IMF.RES:WEO(9.0.0),R,LSO,NGDPD,A,2030,3557438000,9,,3,,,B1GQ,,,,,,,,,V,,,,USD,,,OL,9/25/2025
dataflow,IMF.RES:WEO(9.0.0),R,LSO,NGDPD,A,2031,3743292000,9,,3,,,B1GQ,,,,,,,,,V,,,,USD,,,OL,9/25/2025
dataflow,IMF.RES:WEO(9.0.0),R,LSO,NGDPDPC,A,2026,1241.393497,0,,3,,,B1GQ,,,,,,,,,V,,,,USD,,,OL,9/25/2025
dataflow,IMF.RES:WEO(9.0.0),R,LSO,NGDPDPC,A,2027,1277.606105,0,,3,,,B1GQ,,,,,,,,,V,,,,USD,,,OL,9/25/2025
dataflow,IMF.RES:WEO(9.0.0),R,LSO,NGDPDPC,A,2028,1321.047273,0,,3,,,B1GQ,,,,,,,,,V,,,,USD,,,OL,9/25/2025
dataflow,IMF.RES:WEO(9.0.0),R,LSO,NGDPDPC,A,2029,1367.219507,0,,3,,,B1GQ,,,,,,,,,V,,,,USD,,,OL,9/25/2025
dataflow,IMF.RES:WEO(9.0.0),R,LSO,NGDPDPC,A,2030,1415.86536,0,,3,,,B1GQ,,,,,,,,,V,,,,USD,,,OL,9/25/2025
dataflow,IMF.RES:WEO(9.0.0),R,LSO,NGDPDPC,A,2031,1472.002869,0,,3,,,B1GQ,,,,,,,,,V,,,,USD,,,OL,9/25/2025
dataflow,IMF.RES:WEO(9.0.0),R,LSO,NGDPPC,A,2026,21110.108736,0,,3,,,B1GQ,,,,,,,,,V,,,,XDC,,,OL,9/25/2025
dataflow,IMF.RES:WEO(9.0.0),R,LSO,NGDPPC,A,2027,21898.937976,0,,3,,,B1GQ,,,,,,,,,V,,,,XDC,,,OL,9/25/2025
dataflow,IMF.RES:WEO(9.0.0),R,LSO,NGDPPC,A,2028,22816.789896,0,,3,,,B1GQ,,,,,,,,,V,,,,XDC,,,OL,9/25/2025
dataflow,IMF.RES:WEO(9.0.0),R,LSO,NGDPPC,A,2029,23794.598162,0,,3,,,B1GQ,,,,,,,,,V,,,,XDC,,,OL,9/25/2025
dataflow,IMF.RES:WEO(9.0.0),R,LSO,NGDPPC,A,2030,24806.365072,0,,3,,,B1GQ,,,,,,,,,V,,,,XDC,,,OL,9/25/2025
dataflow,IMF.RES:WEO(9.0.0),R,LSO,NGDPPC,A,2031,25863.736804,0,,3,,,B1GQ,,,,,,,,,V,,,,XDC,,,OL,9/25/2025
dataflow,IMF.RES:WEO(9.0.0),R,LSO,NGDPRPC,A,2026,9394.82447,0,,3,,,B1GQ,,,,,,,,,Q,,,,XDC,,,OL,9/25/2025
dataflow,IMF.RES:WEO(9.0.0),R,LSO,NGDPRPC,A,2027,9359.161623,0,,3,,,B1GQ,,,,,,,,,Q,,,,XDC,,,OL,9/25/2025
dataflow,IMF.RES:WEO(9.0.0),R,LSO,NGDPRPC,A,2028,9376.9239,0,,3,,,B1GQ,,,,,,,,,Q,,,,XDC,,,OL,9/25/2025
dataflow,IMF.RES:WEO(9.0.0),R,LSO,NGDPRPC,A,2029,9403.928951,0,,3,,,B1GQ,,,,,,,,,Q,,,,XDC,,,OL,9/25/2025
dataflow,IMF.RES:WEO(9.0.0),R,LSO,NGDPRPC,A,2030,9431.231451,0,,3,,,B1GQ,,,,,,,,,Q,,,,XDC,,,OL,9/25/2025
dataflow,IMF.RES:WEO(9.0.0),R,LSO,NGDPRPC,A,2031,9459.272329,0,,3,,,B1GQ,,,,,,,,,Q,,,,XDC,,,OL,9/25/2025
dataflow,IMF.RES:WEO(9.0.0),R,LSO,NGDPRPPPPC,A,2026,2740.961833,0,,3,,,B1GQ,,,,,,,,,Q,,,,,,,OL,9/25/2025
dataflow,IMF.RES:WEO(9.0.0),R,LSO,NGDPRPPPPC,A,2027,2730.557115,0,,3,,,B1GQ,,,,,,,,,Q,,,,,,,OL,9/25/2025
dataflow,IMF.RES:WEO(9.0.0),R,LSO,NGDPRPPPPC,A,2028,2735.7393,0,,3,,,B1GQ,,,,,,,,,Q,,,,,,,OL,9/25/2025
dataflow,IMF.RES:WEO(9.0.0),R,LSO,NGDPRPPPPC,A,2029,2743.618086,0,,3,,,B1GQ,,,,,,,,,Q,,,,,,,OL,9/25/2025
dataflow,IMF.RES:WEO(9.0.0),R,LSO,NGDPRPPPPC,A,2030,2751.583654,0,,3,,,B1GQ,,,,,,,,,Q,,,,,,,OL,9/25/2025
dataflow,IMF.RES:WEO(9.0.0),R,LSO,NGDPRPPPPC,A,2031,2759.764645,0,,3,,,B1GQ,,,,,,,,,Q,,,,,,,OL,9/25/2025
dataflow,IMF.RES:WEO(9.0.0),R,LSO,NGDP_D,A,2026,224.699342,0,,3,,,B1GQ,,,,,,,,PD,,,,,IX,,,OL,9/25/2025
dataflow,IMF.RES:WEO(9.0.0),R,LSO,NGDP_D,A,2027,233.983971,0,,3,,,B1GQ,,,,,,,,PD,,,,,IX,,,OL,9/25/2025
dataflow,IMF.RES:WEO(9.0.0),R,LSO,NGDP_D,A,2028,243.329157,0,,3,,,B1GQ,,,,,,,,PD,,,,,IX,,,OL,9/25/2025
dataflow,IMF.RES:WEO(9.0.0),R,LSO,NGDP_D,A,2029,253.028264,0,,3,,,B1GQ,,,,,,,,PD,,,,,IX,,,OL,9/25/2025
dataflow,IMF.RES:WEO(9.0.0),R,LSO,NGDP_D,A,2030,263.023606,0,,3,,,B1GQ,,,,,,,,PD,,,,,IX,,,OL,9/25/2025
dataflow,IMF.RES:WEO(9.0.0),R,LSO,NGDP_D,A,2031,273.422055,0,,3,,,B1GQ,,,,,,,,PD,,,,,IX,,,OL,9/25/2025
dataflow,IMF.RES:WEO(9.0.0),R,LSO,NGDP_FY,A,2026,50546040000,9,,3,,,B1GQ,,,,,,,,,V,,,,XDC,,,OL,9/25/2025
dataflow,IMF.RES:WEO(9.0.0),R,LSO,NGDP_FY,A,2027,53070038000,9,,3,,,B1GQ,,,,,,,,,V,,,,XDC,,,OL,9/25/2025
dataflow,IMF.RES:WEO(9.0.0),R,LSO,NGDP_FY,A,2028,55964234000,9,,3,,,B1GQ,,,,,,,,,V,,,,XDC,,,OL,9/25/2025
dataflow,IMF.RES:WEO(9.0.0),R,LSO,NGDP_FY,A,2029,59069606000,9,,3,,,B1GQ,,,,,,,,,V,,,,XDC,,,OL,9/25/2025
dataflow,IMF.RES:WEO(9.0.0),R,LSO,NGDP_FY,A,2030,62327328000,9,,3,,,B1GQ,,,,,,,,,V,,,,XDC,,,OL,9/25/2025
dataflow,IMF.RES:WEO(9.0.0),R,LSO,NGDP_FY,A,2031,65771285000,9,,3,,,B1GQ,,,,,,,,,V,,,,XDC,,,OL,9/25/2025
dataflow,IMF.RES:WEO(9.0.0),R,LSO,NGDP_R,A,2026,22494966000,9,,3,,,B1GQ,,,,,,,,,Q,,,,XDC,,,OL,9/25/2025
dataflow,IMF.RES:WEO(9.0.0),R,LSO,NGDP_R,A,2027,22681057000,9,,3,,,B1GQ,,,,,,,,,Q,,,,XDC,,,OL,9/25/2025
dataflow,IMF.RES:WEO(9.0.0),R,LSO,NGDP_R,A,2028,22999395000,9,,3,,,B1GQ,,,,,,,,,Q,,,,XDC,,,OL,9/25/2025
dataflow,IMF.RES:WEO(9.0.0),R,LSO,NGDP_R,A,2029,23345062000,9,,3,,,B1GQ,,,,,,,,,Q,,,,XDC,,,OL,9/25/2025
dataflow,IMF.RES:WEO(9.0.0),R,LSO,NGDP_R,A,2030,23696477000,9,,3,,,B1GQ,,,,,,,,,Q,,,,XDC,,,OL,9/25/2025
dataflow,IMF.RES:WEO(9.0.0),R,LSO,NGDP_R,A,2031,24054857000,9,,3,,,B1GQ,,,,,,,,,Q,,,,XDC,,,OL,9/25/2025
dataflow,IMF.RES:WEO(9.0.0),R,LSO,NGDP_RPCH,A,2026,1.110799,0,,3,,,B1GQ,,,,,,,,,Q,,,,PT,,,OL,9/25/2025
dataflow,IMF.RES:WEO(9.0.0),R,LSO,NGDP_RPCH,A,2027,0.827257,0,,3,,,B1GQ,,,,,,,,,Q,,,,PT,,,OL,9/25/2025
dataflow,IMF.RES:WEO(9.0.0),R,LSO,NGDP_RPCH,A,2028,1.403541,0,,3,,,B1GQ,,,,,,,,,Q,,,,PT,,,OL,9/25/2025
dataflow,IMF.RES:WEO(9.0.0),R,LSO,NGDP_RPCH,A,2029,1.502941,0,,3,,,B1GQ,,,,,,,,,Q,,,,PT,,,OL,9/25/2025
dataflow,IMF.RES:WEO(9.0.0),R,LSO,NGDP_RPCH,A,2030,1.505305,0,,3,,,B1GQ,,,,,,,,,Q,,,,PT,,,OL,9/25/2025
dataflow,IMF.RES:WEO(9.0.0),R,LSO,NGDP_RPCH,A,2031,1.512378,0,,3,,,B1GQ,,,,,,,,,Q,,,,PT,,,OL,9/25/2025
dataflow,IMF.RES:WEO(9.0.0),R,LSO,NGSD_NGDP,A,2026,30.356315,0,,3,,,B8GNAT,,,,,,,,,,,,,PT,,,OL,9/25/2025
dataflow,IMF.RES:WEO(9.0.0),R,LSO,NGSD_NGDP,A,2027,33.551031,0,,3,,,B8GNAT,,,,,,,,,,,,,PT,,,OL,9/25/2025
dataflow,IMF.RES:WEO(9.0.0),R,LSO,NGSD_NGDP,A,2028,35.03824,0,,3,,,B8GNAT,,,,,,,,,,,,,PT,,,OL,9/25/2025
dataflow,IMF.RES:WEO(9.0.0),R,LSO,NGSD_NGDP,A,2029,36.105288,0,,3,,,B8GNAT,,,,,,,,,,,,,PT,,,OL,9/25/2025
dataflow,IMF.RES:WEO(9.0.0),R,LSO,NGSD_NGDP,A,2030,37.032961,0,,3,,,B8GNAT,,,,,,,,,,,,,PT,,,OL,9/25/2025
dataflow,IMF.RES:WEO(9.0.0),R,LSO,NGSD_NGDP,A,2031,38.027273,0,,3,,,B8GNAT,,,,,,,,,,,,,PT,,,OL,9/25/2025
dataflow,IMF.RES:WEO(9.0.0),R,LSO,NID_NGDP,A,2026,33.731467,0,,3,,,P5,,,,,,,,,,,,,PT,,,OL,9/25/2025
dataflow,IMF.RES:WEO(9.0.0),R,LSO,NID_NGDP,A,2027,35.859582,0,,3,,,P5,,,,,,,,,,,,,PT,,,OL,9/25/2025
dataflow,IMF.RES:WEO(9.0.0),R,LSO,NID_NGDP,A,2028,36.464319,0,,3,,,P5,,,,,,,,,,,,,PT,,,OL,9/25/2025
dataflow,IMF.RES:WEO(9.0.0),R,LSO,NID_NGDP,A,2029,36.342528,0,,3,,,P5,,,,,,,,,,,,,PT,,,OL,9/25/2025
dataflow,IMF.RES:WEO(9.0.0),R,LSO,NID_NGDP,A,2030,36.665662,0,,3,,,P5,,,,,,,,,,,,,PT,,,OL,9/25/2025
dataflow,IMF.RES:WEO(9.0.0),R,LSO,NID_NGDP,A,2031,38.080472,0,,3,,,P5,,,,,,,,,,,,,PT,,,OL,9/25/2025
dataflow,IMF.RES:WEO(9.0.0),R,LSO,PCPI,A,2026,123.974676,0,,3,,,,,,,,,,,CPI,,,,,IX,,,OL,9/25/2025
dataflow,IMF.RES:WEO(9.0.0),R,LSO,PCPI,A,2027,128.829088,0,,3,,,,,,,,,,,CPI,,,,,IX,,,OL,9/25/2025
dataflow,IMF.RES:WEO(9.0.0),R,LSO,PCPI,A,2028,133.982251,0,,3,,,,,,,,,,,CPI,,,,,IX,,,OL,9/25/2025
dataflow,IMF.RES:WEO(9.0.0),R,LSO,PCPI,A,2029,139.341542,0,,3,,,,,,,,,,,CPI,,,,,IX,,,OL,9/25/2025
dataflow,IMF.RES:WEO(9.0.0),R,LSO,PCPI,A,2030,144.915203,0,,3,,,,,,,,,,,CPI,,,,,IX,,,OL,9/25/2025
dataflow,IMF.RES:WEO(9.0.0),R,LSO,PCPI,A,2031,150.711811,0,,3,,,,,,,,,,,CPI,,,,,IX,,,OL,9/25/2025
dataflow,IMF.RES:WEO(9.0.0),R,LSO,PCPIE,A,2026,127.053111,0,,3,,,,,,,,,,,CPI,,,,,IX,,,OL,9/25/2025
dataflow,IMF.RES:WEO(9.0.0),R,LSO,PCPIE,A,2027,131.920891,0,,3,,,,,,,,,,,CPI,,,,,IX,,,OL,9/25/2025
dataflow,IMF.RES:WEO(9.0.0),R,LSO,PCPIE,A,2028,137.197727,0,,3,,,,,,,,,,,CPI,,,,,IX,,,OL,9/25/2025
dataflow,IMF.RES:WEO(9.0.0),R,LSO,PCPIE,A,2029,142.685636,0,,3,,,,,,,,,,,CPI,,,,,IX,,,OL,9/25/2025
dataflow,IMF.RES:WEO(9.0.0),R,LSO,PCPIE,A,2030,148.393062,0,,3,,,,,,,,,,,CPI,,,,,IX,,,OL,9/25/2025
dataflow,IMF.RES:WEO(9.0.0),R,LSO,PCPIE,A,2031,154.328784,0,,3,,,,,,,,,,,CPI,,,,,IX,,,OL,9/25/2025
dataflow,IMF.RES:WEO(9.0.0),R,LSO,PCPIEPCH,A,2026,4.664316,0,,3,,,,,,,,,,,CPI,,,,,PT,,,OL,9/25/2025
dataflow,IMF.RES:WEO(9.0.0),R,LSO,PCPIEPCH,A,2027,3.831295,0,,3,,,,,,,,,,,CPI,,,,,PT,,,OL,9/25/2025
dataflow,IMF.RES:WEO(9.0.0),R,LSO,PCPIEPCH,A,2028,4,0,,3,,,,,,,,,,,CPI,,,,,PT,,,OL,9/25/2025
dataflow,IMF.RES:WEO(9.0.0),R,LSO,PCPIEPCH,A,2029,4,0,,3,,,,,,,,,,,CPI,,,,,PT,,,OL,9/25/2025
dataflow,IMF.RES:WEO(9.0.0),R,LSO,PCPIEPCH,A,2030,4,0,,3,,,,,,,,,,,CPI,,,,,PT,,,OL,9/25/2025
dataflow,IMF.RES:WEO(9.0.0),R,LSO,PCPIEPCH,A,2031,4,0,,3,,,,,,,,,,,CPI,,,,,PT,,,OL,9/25/2025
dataflow,IMF.RES:WEO(9.0.0),R,LSO,PCPIPCH,A,2026,4.247806,0,,3,,,,,,,,,,,CPI,,,,,PT,,,OL,9/25/2025
dataflow,IMF.RES:WEO(9.0.0),R,LSO,PCPIPCH,A,2027,3.915648,0,,3,,,,,,,,,,,CPI,,,,,PT,,,OL,9/25/2025
dataflow,IMF.RES:WEO(9.0.0),R,LSO,PCPIPCH,A,2028,4,0,,3,,,,,,,,,,,CPI,,,,,PT,,,OL,9/25/2025
dataflow,IMF.RES:WEO(9.0.0),R,LSO,PCPIPCH,A,2029,4,0,,3,,,,,,,,,,,CPI,,,,,PT,,,OL,9/25/2025
dataflow,IMF.RES:WEO(9.0.0),R,LSO,PCPIPCH,A,2030,4,0,,3,,,,,,,,,,,CPI,,,,,PT,,,OL,9/25/2025
dataflow,IMF.RES:WEO(9.0.0),R,LSO,PCPIPCH,A,2031,4,0,,3,,,,,,,,,,,CPI,,,,,PT,,,OL,9/25/2025
dataflow,IMF.RES:WEO(9.0.0),R,LSO,PPPEX,A,2026,6.395926,0,,3,,,,,,,,,,,,,RT,XDC_PU,,,,,OL,9/25/2025
dataflow,IMF.RES:WEO(9.0.0),R,LSO,PPPEX,A,2027,6.517099,0,,3,,,,,,,,,,,,,RT,XDC_PU,,,,,OL,9/25/2025
dataflow,IMF.RES:WEO(9.0.0),R,LSO,PPPEX,A,2028,6.667941,0,,3,,,,,,,,,,,,,RT,XDC_PU,,,,,OL,9/25/2025
dataflow,IMF.RES:WEO(9.0.0),R,LSO,PPPEX,A,2029,6.81259,0,,3,,,,,,,,,,,,,RT,XDC_PU,,,,,OL,9/25/2025
dataflow,IMF.RES:WEO(9.0.0),R,LSO,PPPEX,A,2030,6.953926,0,,3,,,,,,,,,,,,,RT,XDC_PU,,,,,OL,9/25/2025
dataflow,IMF.RES:WEO(9.0.0),R,LSO,PPPEX,A,2031,7.100657,0,,3,,,,,,,,,,,,,RT,XDC_PU,,,,,OL,9/25/2025
dataflow,IMF.RES:WEO(9.0.0),R,LSO,PPPGDP,A,2026,7902849000,9,,3,,,B1GQ,,,,,,,,,V,,,,,,,OL,9/25/2025
dataflow,IMF.RES:WEO(9.0.0),R,LSO,PPPGDP,A,2027,8143200000,9,,3,,,B1GQ,,,,,,,,,V,,,,,,,OL,9/25/2025
dataflow,IMF.RES:WEO(9.0.0),R,LSO,PPPGDP,A,2028,8393031000,9,,3,,,B1GQ,,,,,,,,,V,,,,,,,OL,9/25/2025
dataflow,IMF.RES:WEO(9.0.0),R,LSO,PPPGDP,A,2029,8670653000,9,,3,,,B1GQ,,,,,,,,,V,,,,,,,OL,9/25/2025
dataflow,IMF.RES:WEO(9.0.0),R,LSO,PPPGDP,A,2030,8962897000,9,,3,,,B1GQ,,,,,,,,,V,,,,,,,OL,9/25/2025
dataflow,IMF.RES:WEO(9.0.0),R,LSO,PPPGDP,A,2031,9262705000,9,,3,,,B1GQ,,,,,,,,,V,,,,,,,OL,9/25/2025
dataflow,IMF.RES:WEO(9.0.0),R,LSO,PPPPC,A,2026,3300.555243,0,,3,,,B1GQ,,,,,,,,,,,,,,,,OL,9/25/2025
dataflow,IMF.RES:WEO(9.0.0),R,LSO,PPPPC,A,2027,3360.228139,0,,3,,,B1GQ,,,,,,,,,,,,,,,,OL,9/25/2025
dataflow,IMF.RES:WEO(9.0.0),R,LSO,PPPPC,A,2028,3421.864486,0,,3,,,B1GQ,,,,,,,,,,,,,,,,OL,9/25/2025
dataflow,IMF.RES:WEO(9.0.0),R,LSO,PPPPC,A,2029,3492.73897,0,,3,,,B1GQ,,,,,,,,,,,,,,,,OL,9/25/2025
dataflow,IMF.RES:WEO(9.0.0),R,LSO,PPPPC,A,2030,3567.245817,0,,3,,,B1GQ,,,,,,,,,,,,,,,,OL,9/25/2025
dataflow,IMF.RES:WEO(9.0.0),R,LSO,PPPPC,A,2031,3642.442955,0,,3,,,B1GQ,,,,,,,,,,,,,,,,OL,9/25/2025
dataflow,IMF.RES:WEO(9.0.0),R,LSO,PPPSH,A,2026,0.003548,0,,3,,,B1GQ,,,,,,,,,,,,,PT,,,OL,9/25/2025
dataflow,IMF.RES:WEO(9.0.0),R,LSO,PPPSH,A,2027,0.003466,0,,3,,,B1GQ,,,,,,,,,,,,,PT,,,OL,9/25/2025
dataflow,IMF.RES:WEO(9.0.0),R,LSO,PPPSH,A,2028,0.003406,0,,3,,,B1GQ,,,,,,,,,,,,,PT,,,OL,9/25/2025
dataflow,IMF.RES:WEO(9.0.0),R,LSO,PPPSH,A,2029,0.003352,0,,3,,,B1GQ,,,,,,,,,,,,,PT,,,OL,9/25/2025
dataflow,IMF.RES:WEO(9.0.0),R,LSO,PPPSH,A,2030,0.003302,0,,3,,,B1GQ,,,,,,,,,,,,,PT,,,OL,9/25/2025
dataflow,IMF.RES:WEO(9.0.0),R,LSO,PPPSH,A,2031,0.003253,0,,3,,,B1GQ,,,,,,,,,,,,,PT,,,OL,9/25/2025
dataflow,IMF.RES:WEO(9.0.0),R,LSO,TMG_RPCH,A,2026,-3.492171,0,,3,,,,,,MG,,,,,,VL,,,,PT,,,OL,9/25/2025
dataflow,IMF.RES:WEO(9.0.0),R,LSO,TMG_RPCH,A,2027,1.823599,0,,3,,,,,,MG,,,,,,VL,,,,PT,,,OL,9/25/2025
dataflow,IMF.RES:WEO(9.0.0),R,LSO,TMG_RPCH,A,2028,1.954275,0,,3,,,,,,MG,,,,,,VL,,,,PT,,,OL,9/25/2025
dataflow,IMF.RES:WEO(9.0.0),R,LSO,TMG_RPCH,A,2029,2.024894,0,,3,,,,,,MG,,,,,,VL,,,,PT,,,OL,9/25/2025
dataflow,IMF.RES:WEO(9.0.0),R,LSO,TMG_RPCH,A,2030,2.68009,0,,3,,,,,,MG,,,,,,VL,,,,PT,,,OL,9/25/2025
dataflow,IMF.RES:WEO(9.0.0),R,LSO,TMG_RPCH,A,2031,2.660703,0,,3,,,,,,MG,,,,,,VL,,,,PT,,,OL,9/25/2025
dataflow,IMF.RES:WEO(9.0.0),R,LSO,TM_RPCH,A,2026,-3.336478,0,,3,,,,,,MGS,,,,,,VL,,,,PT,,,OL,9/25/2025
dataflow,IMF.RES:WEO(9.0.0),R,LSO,TM_RPCH,A,2027,1.552806,0,,3,,,,,,MGS,,,,,,VL,,,,PT,,,OL,9/25/2025
dataflow,IMF.RES:WEO(9.0.0),R,LSO,TM_RPCH,A,2028,1.474553,0,,3,,,,,,MGS,,,,,,VL,,,,PT,,,OL,9/25/2025
dataflow,IMF.RES:WEO(9.0.0),R,LSO,TM_RPCH,A,2029,2.150912,0,,3,,,,,,MGS,,,,,,VL,,,,PT,,,OL,9/25/2025
dataflow,IMF.RES:WEO(9.0.0),R,LSO,TM_RPCH,A,2030,1.843914,0,,3,,,,,,MGS,,,,,,VL,,,,PT,,,OL,9/25/2025
dataflow,IMF.RES:WEO(9.0.0),R,LSO,TM_RPCH,A,2031,2.660703,0,,3,,,,,,MGS,,,,,,VL,,,,PT,,,OL,9/25/2025
dataflow,IMF.RES:WEO(9.0.0),R,LSO,TXG_RPCH,A,2026,-8.474267,0,,3,,,,,,XG,,,,,,VL,,,,PT,,,OL,9/25/2025
dataflow,IMF.RES:WEO(9.0.0),R,LSO,TXG_RPCH,A,2027,0.847666,0,,3,,,,,,XG,,,,,,VL,,,,PT,,,OL,9/25/2025
dataflow,IMF.RES:WEO(9.0.0),R,LSO,TXG_RPCH,A,2028,3.607742,0,,3,,,,,,XG,,,,,,VL,,,,PT,,,OL,9/25/2025
dataflow,IMF.RES:WEO(9.0.0),R,LSO,TXG_RPCH,A,2029,7.272666,0,,3,,,,,,XG,,,,,,VL,,,,PT,,,OL,9/25/2025
dataflow,IMF.RES:WEO(9.0.0),R,LSO,TXG_RPCH,A,2030,4.443294,0,,3,,,,,,XG,,,,,,VL,,,,PT,,,OL,9/25/2025
dataflow,IMF.RES:WEO(9.0.0),R,LSO,TXG_RPCH,A,2031,2.172953,0,,3,,,,,,XG,,,,,,VL,,,,PT,,,OL,9/25/2025
dataflow,IMF.RES:WEO(9.0.0),R,LSO,TX_RPCH,A,2026,-8.329321,0,,3,,,,,,XGS,,,,,,VL,,,,PT,,,OL,9/25/2025
dataflow,IMF.RES:WEO(9.0.0),R,LSO,TX_RPCH,A,2027,0.848678,0,,3,,,,,,XGS,,,,,,VL,,,,PT,,,OL,9/25/2025
dataflow,IMF.RES:WEO(9.0.0),R,LSO,TX_RPCH,A,2028,3.552397,0,,3,,,,,,XGS,,,,,,VL,,,,PT,,,OL,9/25/2025
dataflow,IMF.RES:WEO(9.0.0),R,LSO,TX_RPCH,A,2029,7.285508,0,,3,,,,,,XGS,,,,,,VL,,,,PT,,,OL,9/25/2025
dataflow,IMF.RES:WEO(9.0.0),R,LSO,TX_RPCH,A,2030,4.374169,0,,3,,,,,,XGS,,,,,,VL,,,,PT,,,OL,9/25/2025
dataflow,IMF.RES:WEO(9.0.0),R,LSO,TX_RPCH,A,2031,2.275488,0,,3,,,,,,XGS,,,,,,VL,,,,PT,,,OL,9/25/2025