dataflow,IMF.RES:WEO(9.0.0),R,MEX,BCA,A,2026,-7638415000,9,,3,,CAB,,,,,,,,,,,,,,USD,,,OL,9/16/2025
dataflow,IMF.RES:WEO(9.0.0),R,MEX,BCA,A,2027,-11780137000,9,,3,,CAB,,,,,,,,,,,,,,USD,,,OL,9/16/2025
dataflow,IMF.RES:WEO(9.0.0),R,MEX,BCA,A,2028,-14397710000,9,,3,,CAB,,,,,,,,,,,,,,USD,,,OL,9/16/2025
dataflow,IMF.RES:WEO(9.0.0),R,MEX,BCA,A,2029,-15863667000,9,,3,,CAB,,,,,,,,,,,,,,USD,,,OL,9/16/2025
dataflow,IMF.RES:WEO(9.0.0),R,MEX,BCA,A,2030,-17425485000,9,,3,,CAB,,,,,,,,,,,,,,USD,,,OL,9/16/2025
dataflow,IMF.RES:WEO(9.0.0),R,MEX,BCA,A,2031,-17918834000,9,,3,,CAB,,,,,,,,,,,,,,USD,,,OL,9/16/2025
dataflow,IMF.RES:WEO(9.0.0),R,MEX,BCA_NGDPD,A,2026,-0.360157,0,,3,,CAB,,,,,,,,,,,,,,PT,,,OL,9/16/2025
dataflow,IMF.RES:WEO(9.0.0),R,MEX,BCA_NGDPD,A,2027,-0.530158,0,,3,,CAB,,,,,,,,,,,,,,PT,,,OL,9/16/2025
dataflow,IMF.RES:WEO(9.0.0),R,MEX,BCA_NGDPD,A,2028,-0.618697,0,,3,,CAB,,,,,,,,,,,,,,PT,,,OL,9/16/2025
dataflow,IMF.RES:WEO(9.0.0),R,MEX,BCA_NGDPD,A,2029,-0.651286,0,,3,,CAB,,,,,,,,,,,,,,PT,,,OL,9/16/2025
dataflow,IMF.RES:WEO(9.0.0),R,MEX,BCA_NGDPD,A,2030,-0.68372,0,,3,,CAB,,,,,,,,,,,,,,PT,,,OL,9/16/2025
dataflow,IMF.RES:WEO(9.0.0),R,MEX,BCA_NGDPD,A,2031,-0.671818,0,,3,,CAB,,,,,,,,,,,,,,PT,,,OL,9/16/2025
dataflow,IMF.RES:WEO(9.0.0),R,MEX,GGR,A,2026,9471488578000,9,,3,,,,G1,,,,,S13,,,,,,,XDC,,,OL,9/16/2025
dataflow,IMF.RES:WEO(9.0.0),R,MEX,GGR,A,2027,10061168018000,9,,3,,,,G1,,,,,S13,,,,,,,XDC,,,OL,9/16/2025
dataflow,IMF.RES:WEO(9.0.0),R,MEX,GGR,A,2028,10619305446000,9,,3,,,,G1,,,,,S13,,,,,,,XDC,,,OL,9/16/2025
dataflow,IMF.RES:WEO(9.0.0),R,MEX,GGR,A,2029,11208654721000,9,,3,,,,G1,,,,,S13,,,,,,,XDC,,,OL,9/16/2025
dataflow,IMF.RES:WEO(9.0.0),R,MEX,GGR,A,2030,11830449926000,9,,3,,,,G1,,,,,S13,,,,,,,XDC,,,OL,9/16/2025
dataflow,IMF.RES:WEO(9.0.0),R,MEX,GGR,A,2031,12479092263000,9,,3,,,,G1,,,,,S13,,,,,,,XDC,,,OL,9/16/2025
dataflow,IMF.RES:WEO(9.0.0),R,MEX,GGR_NGDP,A,2026,25.173421,0,,3,,,,G1,,,,,S13,,,,,,,PT,,,OL,9/16/2025
dataflow,IMF.RES:WEO(9.0.0),R,MEX,GGR_NGDP,A,2027,25.210113,0,,3,,,,G1,,,,,S13,,,,,,,PT,,,OL,9/16/2025
dataflow,IMF.RES:WEO(9.0.0),R,MEX,GGR_NGDP,A,2028,25.205581,0,,3,,,,G1,,,,,S13,,,,,,,PT,,,OL,9/16/2025
dataflow,IMF.RES:WEO(9.0.0),R,MEX,GGR_NGDP,A,2029,25.217443,0,,3,,,,G1,,,,,S13,,,,,,,PT,,,OL,9/16/2025
dataflow,IMF.RES:WEO(9.0.0),R,MEX,GGR_NGDP,A,2030,25.237373,0,,3,,,,G1,,,,,S13,,,,,,,PT,,,OL,9/16/2025
dataflow,IMF.RES:WEO(9.0.0),R,MEX,GGR_NGDP,A,2031,25.237373,0,,3,,,,G1,,,,,S13,,,,,,,PT,,,OL,9/16/2025
dataflow,IMF.RES:WEO(9.0.0),R,MEX,GGSB,A,2026,-1601422807000,9,,3,,,,SB,,,,,S13,,,,,,,XDC,,,OL,9/16/2025
dataflow,IMF.RES:WEO(9.0.0),R,MEX,GGSB,A,2027,-1370397146000,9,,3,,,,SB,,,,,S13,,,,,,,XDC,,,OL,9/16/2025
dataflow,IMF.RES:WEO(9.0.0),R,MEX,GGSB,A,2028,-1254718675000,9,,3,,,,SB,,,,,S13,,,,,,,XDC,,,OL,9/16/2025
dataflow,IMF.RES:WEO(9.0.0),R,MEX,GGSB,A,2029,-1331002015000,9,,3,,,,SB,,,,,S13,,,,,,,XDC,,,OL,9/16/2025
dataflow,IMF.RES:WEO(9.0.0),R,MEX,GGSB,A,2030,-1398887730000,9,,3,,,,SB,,,,,S13,,,,,,,XDC,,,OL,9/16/2025
dataflow,IMF.RES:WEO(9.0.0),R,MEX,GGSB,A,2031,-1473880461000,9,,3,,,,SB,,,,,S13,,,,,,,XDC,,,OL,9/16/2025
dataflow,IMF.RES:WEO(9.0.0),R,MEX,GGSB_NPGDP,A,2026,-4.231793,0,,3,,,,SB,,,,,S13,,,,,,,PT,,,OL,9/16/2025
dataflow,IMF.RES:WEO(9.0.0),R,MEX,GGSB_NPGDP,A,2027,-3.429177,0,,3,,,,SB,,,,,S13,,,,,,,PT,,,OL,9/16/2025
dataflow,IMF.RES:WEO(9.0.0),R,MEX,GGSB_NPGDP,A,2028,-2.977875,0,,3,,,,SB,,,,,S13,,,,,,,PT,,,OL,9/16/2025
dataflow,IMF.RES:WEO(9.0.0),R,MEX,GGSB_NPGDP,A,2029,-2.994383,0,,3,,,,SB,,,,,S13,,,,,,,PT,,,OL,9/16/2025
dataflow,IMF.RES:WEO(9.0.0),R,MEX,GGSB_NPGDP,A,2030,-2.984055,0,,3,,,,SB,,,,,S13,,,,,,,PT,,,OL,9/16/2025
dataflow,IMF.RES:WEO(9.0.0),R,MEX,GGSB_NPGDP,A,2031,-2.980605,0,,3,,,,SB,,,,,S13,,,,,,,PT,,,OL,9/16/2025
dataflow,IMF.RES:WEO(9.0.0),R,MEX,GGX,A,2026,11116838478000,9,,3,,,,G2M,,,,,S13,,,,,,,XDC,,,OL,9/16/2025
dataflow,IMF.RES:WEO(9.0.0),R,MEX,GGX,A,2027,11457991898000,9,,3,,,,G2M,,,,,S13,,,,,,,XDC,,,OL,9/16/2025
dataflow,IMF.RES:WEO(9.0.0),R,MEX,GGX,A,2028,11883228538000,9,,3,,,,G2M,,,,,S13,,,,,,,XDC,,,OL,9/16/2025
dataflow,IMF.RES:WEO(9.0.0),R,MEX,GGX,A,2029,12542095373000,9,,3,,,,G2M,,,,,S13,,,,,,,XDC,,,OL,9/16/2025
dataflow,IMF.RES:WEO(9.0.0),R,MEX,GGX,A,2030,13236751217000,9,,3,,,,G2M,,,,,S13,,,,,,,XDC,,,OL,9/16/2025
dataflow,IMF.RES:WEO(9.0.0),R,MEX,GGX,A,2031,13962498529000,9,,3,,,,G2M,,,,,S13,,,,,,,XDC,,,OL,9/16/2025
dataflow,IMF.RES:WEO(9.0.0),R,MEX,GGXCNL,A,2026,-1645349900000,9,,3,,,,GNLB,,,,,S13,,,,,,,XDC,,,OL,9/16/2025
dataflow,IMF.RES:WEO(9.0.0),R,MEX,GGXCNL,A,2027,-1396823880000,9,,3,,,,GNLB,,,,,S13,,,,,,,XDC,,,OL,9/16/2025
dataflow,IMF.RES:WEO(9.0.0),R,MEX,GGXCNL,A,2028,-1263923092000,9,,3,,,,GNLB,,,,,S13,,,,,,,XDC,,,OL,9/16/2025
dataflow,IMF.RES:WEO(9.0.0),R,MEX,GGXCNL,A,2029,-1333440652000,9,,3,,,,GNLB,,,,,S13,,,,,,,XDC,,,OL,9/16/2025
dataflow,IMF.RES:WEO(9.0.0),R,MEX,GGXCNL,A,2030,-1406301291000,9,,3,,,,GNLB,,,,,S13,,,,,,,XDC,,,OL,9/16/2025
dataflow,IMF.RES:WEO(9.0.0),R,MEX,GGXCNL,A,2031,-1483406267000,9,,3,,,,GNLB,,,,,S13,,,,,,,XDC,,,OL,9/16/2025
dataflow,IMF.RES:WEO(9.0.0),R,MEX,GGXCNL_NGDP,A,2026,-4.373028,0,,3,,,,GNLB,,,,,S13,,,,,,,PT,,,OL,9/16/2025
dataflow,IMF.RES:WEO(9.0.0),R,MEX,GGXCNL_NGDP,A,2027,-3.5,0,,3,,,,GNLB,,,,,S13,,,,,,,PT,,,OL,9/16/2025
dataflow,IMF.RES:WEO(9.0.0),R,MEX,GGXCNL_NGDP,A,2028,-3,0,,3,,,,GNLB,,,,,S13,,,,,,,PT,,,OL,9/16/2025
dataflow,IMF.RES:WEO(9.0.0),R,MEX,GGXCNL_NGDP,A,2029,-3,0,,3,,,,GNLB,,,,,S13,,,,,,,PT,,,OL,9/16/2025
dataflow,IMF.RES:WEO(9.0.0),R,MEX,GGXCNL_NGDP,A,2030,-3,0,,3,,,,GNLB,,,,,S13,,,,,,,PT,,,OL,9/16/2025
dataflow,IMF.RES:WEO(9.0.0),R,MEX,GGXCNL_NGDP,A,2031,-3,0,,3,,,,GNLB,,,,,S13,,,,,,,PT,,,OL,9/16/2025
dataflow,IMF.RES:WEO(9.0.0),R,MEX,GGXONLB,A,2026,603085335000,9,,3,,,,GPB,,,,,S13,,,,,,,XDC,,,OL,9/16/2025
dataflow,IMF.RES:WEO(9.0.0),R,MEX,GGXONLB,A,2027,842758472000,9,,3,,,,GPB,,,,,S13,,,,,,,XDC,,,OL,9/16/2025
dataflow,IMF.RES:WEO(9.0.0),R,MEX,GGXONLB,A,2028,990324946000,9,,3,,,,GPB,,,,,S13,,,,,,,XDC,,,OL,9/16/2025
dataflow,IMF.RES:WEO(9.0.0),R,MEX,GGXONLB,A,2029,964846660000,9,,3,,,,GPB,,,,,S13,,,,,,,XDC,,,OL,9/16/2025
dataflow,IMF.RES:WEO(9.0.0),R,MEX,GGXONLB,A,2030,963274104000,9,,3,,,,GPB,,,,,S13,,,,,,,XDC,,,OL,9/16/2025
dataflow,IMF.RES:WEO(9.0.0),R,MEX,GGXONLB,A,2031,994863453000,9,,3,,,,GPB,,,,,S13,,,,,,,XDC,,,OL,9/16/2025
dataflow,IMF.RES:WEO(9.0.0),R,MEX,GGXONLB_NGDP,A,2026,1.602886,0,,3,,,,GPB,,,,,S13,,,,,,,PT,,,OL,9/16/2025
dataflow,IMF.RES:WEO(9.0.0),R,MEX,GGXONLB_NGDP,A,2027,2.111687,0,,3,,,,GPB,,,,,S13,,,,,,,PT,,,OL,9/16/2025
dataflow,IMF.RES:WEO(9.0.0),R,MEX,GGXONLB_NGDP,A,2028,2.350598,0,,3,,,,GPB,,,,,S13,,,,,,,PT,,,OL,9/16/2025
dataflow,IMF.RES:WEO(9.0.0),R,MEX,GGXONLB_NGDP,A,2029,2.17073,0,,3,,,,GPB,,,,,S13,,,,,,,PT,,,OL,9/16/2025
dataflow,IMF.RES:WEO(9.0.0),R,MEX,GGXONLB_NGDP,A,2030,2.05491,0,,3,,,,GPB,,,,,S13,,,,,,,PT,,,OL,9/16/2025
dataflow,IMF.RES:WEO(9.0.0),R,MEX,GGXONLB_NGDP,A,2031,2.011984,0,,3,,,,GPB,,,,,S13,,,,,,,PT,,,OL,9/16/2025
dataflow,IMF.RES:WEO(9.0.0),R,MEX,GGXWDG,A,2026,23583380208000,9,,3,,,,G63G,,,,,S13,,,,,,,XDC,,,OL,9/16/2025
dataflow,IMF.RES:WEO(9.0.0),R,MEX,GGXWDG,A,2027,25187671573000,9,,3,,,,G63G,,,,,S13,,,,,,,XDC,,,OL,9/16/2025
dataflow,IMF.RES:WEO(9.0.0),R,MEX,GGXWDG,A,2028,26588301306000,9,,3,,,,G63G,,,,,S13,,,,,,,XDC,,,OL,9/16/2025
dataflow,IMF.RES:WEO(9.0.0),R,MEX,GGXWDG,A,2029,28123872160000,9,,3,,,,G63G,,,,,S13,,,,,,,XDC,,,OL,9/16/2025
dataflow,IMF.RES:WEO(9.0.0),R,MEX,GGXWDG,A,2030,29708917704000,9,,3,,,,G63G,,,,,S13,,,,,,,XDC,,,OL,9/16/2025
dataflow,IMF.RES:WEO(9.0.0),R,MEX,GGXWDG,A,2031,31442088540000,9,,3,,,,G63G,,,,,S13,,,,,,,XDC,,,OL,9/16/2025
dataflow,IMF.RES:WEO(9.0.0),R,MEX,GGXWDG_NGDP,A,2026,62.680153,0,,3,,,,G63G,,,,,S13,,,,,,,PT,,,OL,9/16/2025
dataflow,IMF.RES:WEO(9.0.0),R,MEX,GGXWDG_NGDP,A,2027,63.112359,0,,3,,,,G63G,,,,,S13,,,,,,,PT,,,OL,9/16/2025
dataflow,IMF.RES:WEO(9.0.0),R,MEX,GGXWDG_NGDP,A,2028,63.108985,0,,3,,,,G63G,,,,,S13,,,,,,,PT,,,OL,9/16/2025
dataflow,IMF.RES:WEO(9.0.0),R,MEX,GGXWDG_NGDP,A,2029,63.27362,0,,3,,,,G63G,,,,,S13,,,,,,,PT,,,OL,9/16/2025
dataflow,IMF.RES:WEO(9.0.0),R,MEX,GGXWDG_NGDP,A,2030,63.376713,0,,3,,,,G63G,,,,,S13,,,,,,,PT,,,OL,9/16/2025
dataflow,IMF.RES:WEO(9.0.0),R,MEX,GGXWDG_NGDP,A,2031,63.587614,0,,3,,,,G63G,,,,,S13,,,,,,,PT,,,OL,9/16/2025
dataflow,IMF.RES:WEO(9.0.0),R,MEX,GGXWDN,A,2026,20382294346000,9,,3,,,,G63N,,,,,S13,,,,,,,XDC,,,OL,9/16/2025
dataflow,IMF.RES:WEO(9.0.0),R,MEX,GGXWDN,A,2027,21820318609000,9,,3,,,,G63N,,,,,S13,,,,,,,XDC,,,OL,9/16/2025
dataflow,IMF.RES:WEO(9.0.0),R,MEX,GGXWDN,A,2028,23125539849000,9,,3,,,,G63N,,,,,S13,,,,,,,XDC,,,OL,9/16/2025
dataflow,IMF.RES:WEO(9.0.0),R,MEX,GGXWDN,A,2029,24500261213000,9,,3,,,,G63N,,,,,S13,,,,,,,XDC,,,OL,9/16/2025
dataflow,IMF.RES:WEO(9.0.0),R,MEX,GGXWDN,A,2030,25949058707000,9,,3,,,,G63N,,,,,S13,,,,,,,XDC,,,OL,9/16/2025
dataflow,IMF.RES:WEO(9.0.0),R,MEX,GGXWDN,A,2031,27476083222000,9,,3,,,,G63N,,,,,S13,,,,,,,XDC,,,OL,9/16/2025
dataflow,IMF.RES:WEO(9.0.0),R,MEX,GGXWDN_NGDP,A,2026,54.172274,0,,3,,,,G63N,,,,,S13,,,,,,,PT,,,OL,9/16/2025
dataflow,IMF.RES:WEO(9.0.0),R,MEX,GGXWDN_NGDP,A,2027,54.674835,0,,3,,,,G63N,,,,,S13,,,,,,,PT,,,OL,9/16/2025
dataflow,IMF.RES:WEO(9.0.0),R,MEX,GGXWDN_NGDP,A,2028,54.889906,0,,3,,,,G63N,,,,,S13,,,,,,,PT,,,OL,9/16/2025
dataflow,IMF.RES:WEO(9.0.0),R,MEX,GGXWDN_NGDP,A,2029,55.121151,0,,3,,,,G63N,,,,,S13,,,,,,,PT,,,OL,9/16/2025
dataflow,IMF.RES:WEO(9.0.0),R,MEX,GGXWDN_NGDP,A,2030,55.355973,0,,3,,,,G63N,,,,,S13,,,,,,,PT,,,OL,9/16/2025
dataflow,IMF.RES:WEO(9.0.0),R,MEX,GGXWDN_NGDP,A,2031,55.566874,0,,3,,,,G63N,,,,,S13,,,,,,,PT,,,OL,9/16/2025
dataflow,IMF.RES:WEO(9.0.0),R,MEX,GGX_NGDP,A,2026,29.546449,0,,3,,,,G2M,,,,,S13,,,,,,,PT,,,OL,9/16/2025
dataflow,IMF.RES:WEO(9.0.0),R,MEX,GGX_NGDP,A,2027,28.710113,0,,3,,,,G2M,,,,,S13,,,,,,,PT,,,OL,9/16/2025
dataflow,IMF.RES:WEO(9.0.0),R,MEX,GGX_NGDP,A,2028,28.205581,0,,3,,,,G2M,,,,,S13,,,,,,,PT,,,OL,9/16/2025
dataflow,IMF.RES:WEO(9.0.0),R,MEX,GGX_NGDP,A,2029,28.217443,0,,3,,,,G2M,,,,,S13,,,,,,,PT,,,OL,9/16/2025
dataflow,IMF.RES:WEO(9.0.0),R,MEX,GGX_NGDP,A,2030,28.237373,0,,3,,,,G2M,,,,,S13,,,,,,,PT,,,OL,9/16/2025
dataflow,IMF.RES:WEO(9.0.0),R,MEX,GGX_NGDP,A,2031,28.237373,0,,3,,,,G2M,,,,,S13,,,,,,,PT,,,OL,9/16/2025
dataflow,IMF.RES:WEO(9.0.0),R,MEX,LP,A,2026,134407258,6,,3,,,,,,,,POP,,,,,,,,,,,OL,9/16/2025
dataflow,IMF.RES:WEO(9.0.0),R,MEX,LP,A,2027,135391662,6,,3,,,,,,,,POP,,,,,,,,,,,OL,9/16/2025
dataflow,IMF.RES:WEO(9.0.0),R,MEX,LP,A,2028,136321595,6,,3,,,,,,,,POP,,,,,,,,,,,OL,9/16/2025
dataflow,IMF.RES:WEO(9.0.0),R,MEX,LP,A,2029,137200808,6,,3,,,,,,,,POP,,,,,,,,,,,OL,9/16/2025
dataflow,IMF.RES:WEO(9.0.0),R,MEX,LP,A,2030,138033990,6,,3,,,,,,,,POP,,,,,,,,,,,OL,9/16/2025
dataflow,IMF.RES:WEO(9.0.0),R,MEX,LP,A,2031,138825843,6,,3,,,,,,,,POP,,,,,,,,,,,OL,9/16/2025
dataflow,IMF.RES:WEO(9.0.0),R,MEX,LUR,A,2026,2.749339,0,,3,,,,,,,,U,,,,,RT,,,,,,OL,9/16/2025
dataflow,IMF.RES:WEO(9.0.0),R,MEX,LUR,A,2027,2.751661,0,,3,,,,,,,,U,,,,,RT,,,,,,OL,9/16/2025
dataflow,IMF.RES:WEO(9.0.0),R,MEX,LUR,A,2028,2.765374,0,,3,,,,,,,,U,,,,,RT,,,,,,OL,9/16/2025
dataflow,IMF.RES:WEO(9.0.0),R,MEX,LUR,A,2029,2.792087,0,,3,,,,,,,,U,,,,,RT,,,,,,OL,9/16/2025
dataflow,IMF.RES:WEO(9.0.0),R,MEX,LUR,A,2030,2.798417,0,,3,,,,,,,,U,,,,,RT,,,,,,OL,9/16/2025
dataflow,IMF.RES:WEO(9.0.0),R,MEX,LUR,A,2031,2.799683,0,,3,,,,,,,,U,,,,,RT,,,,,,OL,9/16/2025
dataflow,IMF.RES:WEO(9.0.0),R,MEX,NGDP,A,2026,37624956268000,9,,3,,,B1GQ,,,,,,,,,V,,,,XDC,,,OL,9/16/2025
dataflow,IMF.RES:WEO(9.0.0),R,MEX,NGDP,A,2027,39909253720000,9,,3,,,B1GQ,,,,,,,,,V,,,,XDC,,,OL,9/16/2025
dataflow,IMF.RES:WEO(9.0.0),R,MEX,NGDP,A,2028,42130769730000,9,,3,,,B1GQ,,,,,,,,,V,,,,XDC,,,OL,9/16/2025
dataflow,IMF.RES:WEO(9.0.0),R,MEX,NGDP,A,2029,44448021730000,9,,3,,,B1GQ,,,,,,,,,V,,,,XDC,,,OL,9/16/2025
dataflow,IMF.RES:WEO(9.0.0),R,MEX,NGDP,A,2030,46876709698000,9,,3,,,B1GQ,,,,,,,,,V,,,,XDC,,,OL,9/16/2025
dataflow,IMF.RES:WEO(9.0.0),R,MEX,NGDP,A,2031,49446875556000,9,,3,,,B1GQ,,,,,,,,,V,,,,XDC,,,OL,9/16/2025
dataflow,IMF.RES:WEO(9.0.0),R,MEX,NGDPD,A,2026,2120854973000,9,,3,,,B1GQ,,,,,,,,,V,,,,USD,,,OL,9/16/2025
dataflow,IMF.RES:WEO(9.0.0),R,MEX,NGDPD,A,2027,2222003096000,9,,3,,,B1GQ,,,,,,,,,V,,,,USD,,,OL,9/16/2025
dataflow,IMF.RES:WEO(9.0.0),R,MEX,NGDPD,A,2028,2327102021000,9,,3,,,B1GQ,,,,,,,,,V,,,,USD,,,OL,9/16/2025
dataflow,IMF.RES:WEO(9.0.0),R,MEX,NGDPD,A,2029,2435744514000,9,,3,,,B1GQ,,,,,,,,,V,,,,USD,,,OL,9/16/2025
dataflow,IMF.RES:WEO(9.0.0),R,MEX,NGDPD,A,2030,2548629925000,9,,3,,,B1GQ,,,,,,,,,V,,,,USD,,,OL,9/16/2025
dataflow,IMF.RES:WEO(9.0.0),R,MEX,NGDPD,A,2031,2667215047000,9,,3,,,B1GQ,,,,,,,,,V,,,,USD,,,OL,9/16/2025
dataflow,IMF.RES:WEO(9.0.0),R,MEX,NGDPDPC,A,2026,15779.318803,0,,3,,,B1GQ,,,,,,,,,V,,,,USD,,,OL,9/16/2025
dataflow,IMF.RES:WEO(9.0.0),R,MEX,NGDPDPC,A,2027,16411.668661,0,,3,,,B1GQ,,,,,,,,,V,,,,USD,,,OL,9/16/2025
dataflow,IMF.RES:WEO(9.0.0),R,MEX,NGDPDPC,A,2028,17070.677766,0,,3,,,B1GQ,,,,,,,,,V,,,,USD,,,OL,9/16/2025
dataflow,IMF.RES:WEO(9.0.0),R,MEX,NGDPDPC,A,2029,17753.135348,0,,3,,,B1GQ,,,,,,,,,V,,,,USD,,,OL,9/16/2025
dataflow,IMF.RES:WEO(9.0.0),R,MEX,NGDPDPC,A,2030,18463.785078,0,,3,,,B1GQ,,,,,,,,,V,,,,USD,,,OL,9/16/2025
dataflow,IMF.RES:WEO(9.0.0),R,MEX,NGDPDPC,A,2031,19212.669554,0,,3,,,B1GQ,,,,,,,,,V,,,,USD,,,OL,9/16/2025
dataflow,IMF.RES:WEO(9.0.0),R,MEX,NGDPPC,A,2026,279932.474092,0,,3,,,B1GQ,,,,,,,,,V,,,,XDC,,,OL,9/16/2025
dataflow,IMF.RES:WEO(9.0.0),R,MEX,NGDPPC,A,2027,294768.918047,0,,3,,,B1GQ,,,,,,,,,V,,,,XDC,,,OL,9/16/2025
dataflow,IMF.RES:WEO(9.0.0),R,MEX,NGDPPC,A,2028,309054.260482,0,,3,,,B1GQ,,,,,,,,,V,,,,XDC,,,OL,9/16/2025
dataflow,IMF.RES:WEO(9.0.0),R,MEX,NGDPPC,A,2029,323963.265073,0,,3,,,B1GQ,,,,,,,,,V,,,,XDC,,,OL,9/16/2025
dataflow,IMF.RES:WEO(9.0.0),R,MEX,NGDPPC,A,2030,339602.656545,0,,3,,,B1GQ,,,,,,,,,V,,,,XDC,,,OL,9/16/2025
dataflow,IMF.RES:WEO(9.0.0),R,MEX,NGDPPC,A,2031,356179.184562,0,,3,,,B1GQ,,,,,,,,,V,,,,XDC,,,OL,9/16/2025
dataflow,IMF.RES:WEO(9.0.0),R,MEX,NGDPRPC,A,2026,192889.301821,0,,3,,,B1GQ,,,,,,,,,Q,,,,XDC,,,OL,9/16/2025
dataflow,IMF.RES:WEO(9.0.0),R,MEX,NGDPRPC,A,2027,195672.986595,0,,3,,,B1GQ,,,,,,,,,Q,,,,XDC,,,OL,9/16/2025
dataflow,IMF.RES:WEO(9.0.0),R,MEX,NGDPRPC,A,2028,198430.578141,0,,3,,,B1GQ,,,,,,,,,Q,,,,XDC,,,OL,9/16/2025
dataflow,IMF.RES:WEO(9.0.0),R,MEX,NGDPRPC,A,2029,201131.843663,0,,3,,,B1GQ,,,,,,,,,Q,,,,XDC,,,OL,9/16/2025
dataflow,IMF.RES:WEO(9.0.0),R,MEX,NGDPRPC,A,2030,203946.242712,0,,3,,,B1GQ,,,,,,,,,Q,,,,XDC,,,OL,9/16/2025
dataflow,IMF.RES:WEO(9.0.0),R,MEX,NGDPRPC,A,2031,206869.125369,0,,3,,,B1GQ,,,,,,,,,Q,,,,XDC,,,OL,9/16/2025
dataflow,IMF.RES:WEO(9.0.0),R,MEX,NGDPRPPPPC,A,2026,22125.429931,0,,3,,,B1GQ,,,,,,,,,Q,,,,,,,OL,9/16/2025
dataflow,IMF.RES:WEO(9.0.0),R,MEX,NGDPRPPPPC,A,2027,22444.733396,0,,3,,,B1GQ,,,,,,,,,Q,,,,,,,OL,9/16/2025
dataflow,IMF.RES:WEO(9.0.0),R,MEX,NGDPRPPPPC,A,2028,22761.043829,0,,3,,,B1GQ,,,,,,,,,Q,,,,,,,OL,9/16/2025
dataflow,IMF.RES:WEO(9.0.0),R,MEX,NGDPRPPPPC,A,2029,23070.893367,0,,3,,,B1GQ,,,,,,,,,Q,,,,,,,OL,9/16/2025
dataflow,IMF.RES:WEO(9.0.0),R,MEX,NGDPRPPPPC,A,2030,23393.719923,0,,3,,,B1GQ,,,,,,,,,Q,,,,,,,OL,9/16/2025
dataflow,IMF.RES:WEO(9.0.0),R,MEX,NGDPRPPPPC,A,2031,23728.990126,0,,3,,,B1GQ,,,,,,,,,Q,,,,,,,OL,9/16/2025
dataflow,IMF.RES:WEO(9.0.0),R,MEX,NGDP_D,A,2026,145.125972,0,,3,,,B1GQ,,,,,,,,PD,,,,,IX,,,OL,9/16/2025
dataflow,IMF.RES:WEO(9.0.0),R,MEX,NGDP_D,A,2027,150.643644,0,,3,,,B1GQ,,,,,,,,PD,,,,,IX,,,OL,9/16/2025
dataflow,IMF.RES:WEO(9.0.0),R,MEX,NGDP_D,A,2028,155.749312,0,,3,,,B1GQ,,,,,,,,PD,,,,,IX,,,OL,9/16/2025
dataflow,IMF.RES:WEO(9.0.0),R,MEX,NGDP_D,A,2029,161.070102,0,,3,,,B1GQ,,,,,,,,PD,,,,,IX,,,OL,9/16/2025
dataflow,IMF.RES:WEO(9.0.0),R,MEX,NGDP_D,A,2030,166.51577,0,,3,,,B1GQ,,,,,,,,PD,,,,,IX,,,OL,9/16/2025
dataflow,IMF.RES:WEO(9.0.0),R,MEX,NGDP_D,A,2031,172.176096,0,,3,,,B1GQ,,,,,,,,PD,,,,,IX,,,OL,9/16/2025
dataflow,IMF.RES:WEO(9.0.0),R,MEX,NGDP_FY,A,2026,37624956268000,9,,3,,,B1GQ,,,,,,,,,V,,,,XDC,,,OL,9/16/2025
dataflow,IMF.RES:WEO(9.0.0),R,MEX,NGDP_FY,A,2027,39909253720000,9,,3,,,B1GQ,,,,,,,,,V,,,,XDC,,,OL,9/16/2025
dataflow,IMF.RES:WEO(9.0.0),R,MEX,NGDP_FY,A,2028,42130769730000,9,,3,,,B1GQ,,,,,,,,,V,,,,XDC,,,OL,9/16/2025
dataflow,IMF.RES:WEO(9.0.0),R,MEX,NGDP_FY,A,2029,44448021730000,9,,3,,,B1GQ,,,,,,,,,V,,,,XDC,,,OL,9/16/2025
dataflow,IMF.RES:WEO(9.0.0),R,MEX,NGDP_FY,A,2030,46876709698000,9,,3,,,B1GQ,,,,,,,,,V,,,,XDC,,,OL,9/16/2025
dataflow,IMF.RES:WEO(9.0.0),R,MEX,NGDP_FY,A,2031,49446875556000,9,,3,,,B1GQ,,,,,,,,,V,,,,XDC,,,OL,9/16/2025
dataflow,IMF.RES:WEO(9.0.0),R,MEX,NGDP_R,A,2026,25925722155000,9,,3,,,B1GQ,,,,,,,,,Q,,,,XDC,,,OL,9/16/2025
dataflow,IMF.RES:WEO(9.0.0),R,MEX,NGDP_R,A,2027,26492490864000,9,,3,,,B1GQ,,,,,,,,,Q,,,,XDC,,,OL,9/16/2025
dataflow,IMF.RES:WEO(9.0.0),R,MEX,NGDP_R,A,2028,27050372909000,9,,3,,,B1GQ,,,,,,,,,Q,,,,XDC,,,OL,9/16/2025
dataflow,IMF.RES:WEO(9.0.0),R,MEX,NGDP_R,A,2029,27595451465000,9,,3,,,B1GQ,,,,,,,,,Q,,,,XDC,,,OL,9/16/2025
dataflow,IMF.RES:WEO(9.0.0),R,MEX,NGDP_R,A,2030,28151513627000,9,,3,,,B1GQ,,,,,,,,,Q,,,,XDC,,,OL,9/16/2025
dataflow,IMF.RES:WEO(9.0.0),R,MEX,NGDP_R,A,2031,28718780720000,9,,3,,,B1GQ,,,,,,,,,Q,,,,XDC,,,OL,9/16/2025
dataflow,IMF.RES:WEO(9.0.0),R,MEX,NGDP_RPCH,A,2026,1.638836,0,,3,,,B1GQ,,,,,,,,,Q,,,,PT,,,OL,9/16/2025
dataflow,IMF.RES:WEO(9.0.0),R,MEX,NGDP_RPCH,A,2027,2.186125,0,,3,,,B1GQ,,,,,,,,,Q,,,,PT,,,OL,9/16/2025
dataflow,IMF.RES:WEO(9.0.0),R,MEX,NGDP_RPCH,A,2028,2.105812,0,,3,,,B1GQ,,,,,,,,,Q,,,,PT,,,OL,9/16/2025
dataflow,IMF.RES:WEO(9.0.0),R,MEX,NGDP_RPCH,A,2029,2.01505,0,,3,,,B1GQ,,,,,,,,,Q,,,,PT,,,OL,9/16/2025
dataflow,IMF.RES:WEO(9.0.0),R,MEX,NGDP_RPCH,A,2030,2.01505,0,,3,,,B1GQ,,,,,,,,,Q,,,,PT,,,OL,9/16/2025
dataflow,IMF.RES:WEO(9.0.0),R,MEX,NGDP_RPCH,A,2031,2.01505,0,,3,,,B1GQ,,,,,,,,,Q,,,,PT,,,OL,9/16/2025
dataflow,IMF.RES:WEO(9.0.0),R,MEX,NGSD_NGDP,A,2026,21.373452,0,,3,,,B8GNAT,,,,,,,,,,,,,PT,,,OL,9/16/2025
dataflow,IMF.RES:WEO(9.0.0),R,MEX,NGSD_NGDP,A,2027,21.332189,0,,3,,,B8GNAT,,,,,,,,,,,,,PT,,,OL,9/16/2025
dataflow,IMF.RES:WEO(9.0.0),R,MEX,NGSD_NGDP,A,2028,21.389043,0,,3,,,B8GNAT,,,,,,,,,,,,,PT,,,OL,9/16/2025
dataflow,IMF.RES:WEO(9.0.0),R,MEX,NGSD_NGDP,A,2029,21.512811,0,,3,,,B8GNAT,,,,,,,,,,,,,PT,,,OL,9/16/2025
dataflow,IMF.RES:WEO(9.0.0),R,MEX,NGSD_NGDP,A,2030,21.642507,0,,3,,,B8GNAT,,,,,,,,,,,,,PT,,,OL,9/16/2025
dataflow,IMF.RES:WEO(9.0.0),R,MEX,NGSD_NGDP,A,2031,21.814343,0,,3,,,B8GNAT,,,,,,,,,,,,,PT,,,OL,9/16/2025
dataflow,IMF.RES:WEO(9.0.0),R,MEX,NID_NGDP,A,2026,21.754931,0,,3,,,P5,,,,,,,,,,,,,PT,,,OL,9/16/2025
dataflow,IMF.RES:WEO(9.0.0),R,MEX,NID_NGDP,A,2027,21.883799,0,,3,,,P5,,,,,,,,,,,,,PT,,,OL,9/16/2025
dataflow,IMF.RES:WEO(9.0.0),R,MEX,NID_NGDP,A,2028,22.029338,0,,3,,,P5,,,,,,,,,,,,,PT,,,OL,9/16/2025
dataflow,IMF.RES:WEO(9.0.0),R,MEX,NID_NGDP,A,2029,22.185852,0,,3,,,P5,,,,,,,,,,,,,PT,,,OL,9/16/2025
dataflow,IMF.RES:WEO(9.0.0),R,MEX,NID_NGDP,A,2030,22.348144,0,,3,,,P5,,,,,,,,,,,,,PT,,,OL,9/16/2025
dataflow,IMF.RES:WEO(9.0.0),R,MEX,NID_NGDP,A,2031,22.508239,0,,3,,,P5,,,,,,,,,,,,,PT,,,OL,9/16/2025
dataflow,IMF.RES:WEO(9.0.0),R,MEX,PCPI,A,2026,146.035684,0,,3,,,,,,,,,,,CPI,,,,,IX,,,OL,9/16/2025
dataflow,IMF.RES:WEO(9.0.0),R,MEX,PCPI,A,2027,151.031774,0,,3,,,,,,,,,,,CPI,,,,,IX,,,OL,9/16/2025
dataflow,IMF.RES:WEO(9.0.0),R,MEX,PCPI,A,2028,155.562521,0,,3,,,,,,,,,,,CPI,,,,,IX,,,OL,9/16/2025
dataflow,IMF.RES:WEO(9.0.0),R,MEX,PCPI,A,2029,160.22909,0,,3,,,,,,,,,,,CPI,,,,,IX,,,OL,9/16/2025
dataflow,IMF.RES:WEO(9.0.0),R,MEX,PCPI,A,2030,165.035987,0,,3,,,,,,,,,,,CPI,,,,,IX,,,OL,9/16/2025
dataflow,IMF.RES:WEO(9.0.0),R,MEX,PCPI,A,2031,169.986849,0,,3,,,,,,,,,,,CPI,,,,,IX,,,OL,9/16/2025
dataflow,IMF.RES:WEO(9.0.0),R,MEX,PCPIE,A,2026,148.620083,0,,3,,,,,,,,,,,CPI,,,,,IX,,,OL,9/16/2025
dataflow,IMF.RES:WEO(9.0.0),R,MEX,PCPIE,A,2027,153.077621,0,,3,,,,,,,,,,,CPI,,,,,IX,,,OL,9/16/2025
dataflow,IMF.RES:WEO(9.0.0),R,MEX,PCPIE,A,2028,157.669302,0,,3,,,,,,,,,,,CPI,,,,,IX,,,OL,9/16/2025
dataflow,IMF.RES:WEO(9.0.0),R,MEX,PCPIE,A,2029,162.398268,0,,3,,,,,,,,,,,CPI,,,,,IX,,,OL,9/16/2025
dataflow,IMF.RES:WEO(9.0.0),R,MEX,PCPIE,A,2030,167.269344,0,,3,,,,,,,,,,,CPI,,,,,IX,,,OL,9/16/2025
dataflow,IMF.RES:WEO(9.0.0),R,MEX,PCPIE,A,2031,172.286533,0,,3,,,,,,,,,,,CPI,,,,,IX,,,OL,9/16/2025
dataflow,IMF.RES:WEO(9.0.0),R,MEX,PCPIEPCH,A,2026,3.899612,0,,3,,,,,,,,,,,CPI,,,,,PT,,,OL,9/16/2025
dataflow,IMF.RES:WEO(9.0.0),R,MEX,PCPIEPCH,A,2027,2.999284,0,,3,,,,,,,,,,,CPI,,,,,PT,,,OL,9/16/2025
dataflow,IMF.RES:WEO(9.0.0),R,MEX,PCPIEPCH,A,2028,2.999577,0,,3,,,,,,,,,,,CPI,,,,,PT,,,OL,9/16/2025
dataflow,IMF.RES:WEO(9.0.0),R,MEX,PCPIEPCH,A,2029,2.999294,0,,3,,,,,,,,,,,CPI,,,,,PT,,,OL,9/16/2025
dataflow,IMF.RES:WEO(9.0.0),R,MEX,PCPIEPCH,A,2030,2.999463,0,,3,,,,,,,,,,,CPI,,,,,PT,,,OL,9/16/2025
dataflow,IMF.RES:WEO(9.0.0),R,MEX,PCPIEPCH,A,2031,2.999467,0,,3,,,,,,,,,,,CPI,,,,,PT,,,OL,9/16/2025
dataflow,IMF.RES:WEO(9.0.0),R,MEX,PCPIPCH,A,2026,3.897936,0,,3,,,,,,,,,,,CPI,,,,,PT,,,OL,9/16/2025
dataflow,IMF.RES:WEO(9.0.0),R,MEX,PCPIPCH,A,2027,3.421143,0,,3,,,,,,,,,,,CPI,,,,,PT,,,OL,9/16/2025
dataflow,IMF.RES:WEO(9.0.0),R,MEX,PCPIPCH,A,2028,2.999863,0,,3,,,,,,,,,,,CPI,,,,,PT,,,OL,9/16/2025
dataflow,IMF.RES:WEO(9.0.0),R,MEX,PCPIPCH,A,2029,2.999803,0,,3,,,,,,,,,,,CPI,,,,,PT,,,OL,9/16/2025
dataflow,IMF.RES:WEO(9.0.0),R,MEX,PCPIPCH,A,2030,3.000015,0,,3,,,,,,,,,,,CPI,,,,,PT,,,OL,9/16/2025
dataflow,IMF.RES:WEO(9.0.0),R,MEX,PCPIPCH,A,2031,2.999868,0,,3,,,,,,,,,,,CPI,,,,,PT,,,OL,9/16/2025
dataflow,IMF.RES:WEO(9.0.0),R,MEX,PPPEX,A,2026,10.506971,0,,3,,,,,,,,,,,,,RT,XDC_PU,,,,,OL,9/16/2025
dataflow,IMF.RES:WEO(9.0.0),R,MEX,PPPEX,A,2027,10.672096,0,,3,,,,,,,,,,,,,RT,XDC_PU,,,,,OL,9/16/2025
dataflow,IMF.RES:WEO(9.0.0),R,MEX,PPPEX,A,2028,10.855616,0,,3,,,,,,,,,,,,,RT,XDC_PU,,,,,OL,9/16/2025
dataflow,IMF.RES:WEO(9.0.0),R,MEX,PPPEX,A,2029,11.03034,0,,3,,,,,,,,,,,,,RT,XDC_PU,,,,,OL,9/16/2025
dataflow,IMF.RES:WEO(9.0.0),R,MEX,PPPEX,A,2030,11.19751,0,,3,,,,,,,,,,,,,RT,XDC_PU,,,,,OL,9/16/2025
dataflow,IMF.RES:WEO(9.0.0),R,MEX,PPPEX,A,2031,11.372831,0,,3,,,,,,,,,,,,,RT,XDC_PU,,,,,OL,9/16/2025
dataflow,IMF.RES:WEO(9.0.0),R,MEX,PPPGDP,A,2026,3580951654000,9,,3,,,B1GQ,,,,,,,,,V,,,,,,,OL,9/16/2025
dataflow,IMF.RES:WEO(9.0.0),R,MEX,PPPGDP,A,2027,3739588967000,9,,3,,,B1GQ,,,,,,,,,V,,,,,,,OL,9/16/2025
dataflow,IMF.RES:WEO(9.0.0),R,MEX,PPPGDP,A,2028,3881011512000,9,,3,,,B1GQ,,,,,,,,,V,,,,,,,OL,9/16/2025
dataflow,IMF.RES:WEO(9.0.0),R,MEX,PPPGDP,A,2029,4029614992000,9,,3,,,B1GQ,,,,,,,,,V,,,,,,,OL,9/16/2025
dataflow,IMF.RES:WEO(9.0.0),R,MEX,PPPGDP,A,2030,4186351058000,9,,3,,,B1GQ,,,,,,,,,V,,,,,,,OL,9/16/2025
dataflow,IMF.RES:WEO(9.0.0),R,MEX,PPPGDP,A,2031,4347807298000,9,,3,,,B1GQ,,,,,,,,,V,,,,,,,OL,9/16/2025
dataflow,IMF.RES:WEO(9.0.0),R,MEX,PPPPC,A,2026,26642.546743,0,,3,,,B1GQ,,,,,,,,,,,,,,,,OL,9/16/2025
dataflow,IMF.RES:WEO(9.0.0),R,MEX,PPPPC,A,2027,27620.526345,0,,3,,,B1GQ,,,,,,,,,,,,,,,,OL,9/16/2025
dataflow,IMF.RES:WEO(9.0.0),R,MEX,PPPPC,A,2028,28469.528339,0,,3,,,B1GQ,,,,,,,,,,,,,,,,OL,9/16/2025
dataflow,IMF.RES:WEO(9.0.0),R,MEX,PPPPC,A,2029,29370.198696,0,,3,,,B1GQ,,,,,,,,,,,,,,,,OL,9/16/2025
dataflow,IMF.RES:WEO(9.0.0),R,MEX,PPPPC,A,2030,30328.407211,0,,3,,,B1GQ,,,,,,,,,,,,,,,,OL,9/16/2025
dataflow,IMF.RES:WEO(9.0.0),R,MEX,PPPPC,A,2031,31318.42893,0,,3,,,B1GQ,,,,,,,,,,,,,,,,OL,9/16/2025
dataflow,IMF.RES:WEO(9.0.0),R,MEX,PPPSH,A,2026,1.607541,0,,3,,,B1GQ,,,,,,,,,,,,,PT,,,OL,9/16/2025
dataflow,IMF.RES:WEO(9.0.0),R,MEX,PPPSH,A,2027,1.591884,0,,3,,,B1GQ,,,,,,,,,,,,,PT,,,OL,9/16/2025
dataflow,IMF.RES:WEO(9.0.0),R,MEX,PPPSH,A,2028,1.574867,0,,3,,,B1GQ,,,,,,,,,,,,,PT,,,OL,9/16/2025
dataflow,IMF.RES:WEO(9.0.0),R,MEX,PPPSH,A,2029,1.557846,0,,3,,,B1GQ,,,,,,,,,,,,,PT,,,OL,9/16/2025
dataflow,IMF.RES:WEO(9.0.0),R,MEX,PPPSH,A,2030,1.542281,0,,3,,,B1GQ,,,,,,,,,,,,,PT,,,OL,9/16/2025
dataflow,IMF.RES:WEO(9.0.0),R,MEX,PPPSH,A,2031,1.526913,0,,3,,,B1GQ,,,,,,,,,,,,,PT,,,OL,9/16/2025
dataflow,IMF.RES:WEO(9.0.0),R,MEX,TMG_RPCH,A,2026,3.250763,0,,3,,,,,,MG,,,,,,VL,,,,PT,,,OL,9/16/2025
dataflow,IMF.RES:WEO(9.0.0),R,MEX,TMG_RPCH,A,2027,3.450446,0,,3,,,,,,MG,,,,,,VL,,,,PT,,,OL,9/16/2025
dataflow,IMF.RES:WEO(9.0.0),R,MEX,TMG_RPCH,A,2028,3.895055,0,,3,,,,,,MG,,,,,,VL,,,,PT,,,OL,9/16/2025
dataflow,IMF.RES:WEO(9.0.0),R,MEX,TMG_RPCH,A,2029,4.032831,0,,3,,,,,,MG,,,,,,VL,,,,PT,,,OL,9/16/2025
dataflow,IMF.RES:WEO(9.0.0),R,MEX,TMG_RPCH,A,2030,4.029483,0,,3,,,,,,MG,,,,,,VL,,,,PT,,,OL,9/16/2025
dataflow,IMF.RES:WEO(9.0.0),R,MEX,TMG_RPCH,A,2031,4.031079,0,,3,,,,,,MG,,,,,,VL,,,,PT,,,OL,9/16/2025
dataflow,IMF.RES:WEO(9.0.0),R,MEX,TM_RPCH,A,2026,3.181515,0,,3,,,,,,MGS,,,,,,VL,,,,PT,,,OL,9/16/2025
dataflow,IMF.RES:WEO(9.0.0),R,MEX,TM_RPCH,A,2027,3.443462,0,,3,,,,,,MGS,,,,,,VL,,,,PT,,,OL,9/16/2025
dataflow,IMF.RES:WEO(9.0.0),R,MEX,TM_RPCH,A,2028,3.894974,0,,3,,,,,,MGS,,,,,,VL,,,,PT,,,OL,9/16/2025
dataflow,IMF.RES:WEO(9.0.0),R,MEX,TM_RPCH,A,2029,4.033009,0,,3,,,,,,MGS,,,,,,VL,,,,PT,,,OL,9/16/2025
dataflow,IMF.RES:WEO(9.0.0),R,MEX,TM_RPCH,A,2030,4.02954,0,,3,,,,,,MGS,,,,,,VL,,,,PT,,,OL,9/16/2025
dataflow,IMF.RES:WEO(9.0.0),R,MEX,TM_RPCH,A,2031,4.031091,0,,3,,,,,,MGS,,,,,,VL,,,,PT,,,OL,9/16/2025
dataflow,IMF.RES:WEO(9.0.0),R,MEX,TXG_RPCH,A,2026,3.036911,0,,3,,,,,,XG,,,,,,VL,,,,PT,,,OL,9/16/2025
dataflow,IMF.RES:WEO(9.0.0),R,MEX,TXG_RPCH,A,2027,3.630302,0,,3,,,,,,XG,,,,,,VL,,,,PT,,,OL,9/16/2025
dataflow,IMF.RES:WEO(9.0.0),R,MEX,TXG_RPCH,A,2028,3.986283,0,,3,,,,,,XG,,,,,,VL,,,,PT,,,OL,9/16/2025
dataflow,IMF.RES:WEO(9.0.0),R,MEX,TXG_RPCH,A,2029,4.030057,0,,3,,,,,,XG,,,,,,VL,,,,PT,,,OL,9/16/2025
dataflow,IMF.RES:WEO(9.0.0),R,MEX,TXG_RPCH,A,2030,4.033092,0,,3,,,,,,XG,,,,,,VL,,,,PT,,,OL,9/16/2025
dataflow,IMF.RES:WEO(9.0.0),R,MEX,TXG_RPCH,A,2031,4.034181,0,,3,,,,,,XG,,,,,,VL,,,,PT,,,OL,9/16/2025
dataflow,IMF.RES:WEO(9.0.0),R,MEX,TX_RPCH,A,2026,3.036911,0,,3,,,,,,XGS,,,,,,VL,,,,PT,,,OL,9/16/2025
dataflow,IMF.RES:WEO(9.0.0),R,MEX,TX_RPCH,A,2027,3.630302,0,,3,,,,,,XGS,,,,,,VL,,,,PT,,,OL,9/16/2025
dataflow,IMF.RES:WEO(9.0.0),R,MEX,TX_RPCH,A,2028,3.986283,0,,3,,,,,,XGS,,,,,,VL,,,,PT,,,OL,9/16/2025
dataflow,IMF.RES:WEO(9.0.0),R,MEX,TX_RPCH,A,2029,4.030057,0,,3,,,,,,XGS,,,,,,VL,,,,PT,,,OL,9/16/2025
dataflow,IMF.RES:WEO(9.0.0),R,MEX,TX_RPCH,A,2030,4.033092,0,,3,,,,,,XGS,,,,,,VL,,,,PT,,,OL,9/16/2025
dataflow,IMF.RES:WEO(9.0.0),R,MEX,TX_RPCH,A,2031,4.034181,0,,3,,,,,,XGS,,,,,,VL,,,,PT,,,OL,9/16/2025