dataflow,IMF.RES:WEO(9.0.0),R,QAT,BCA,A,2026,24018944000,9,,3,,CAB,,,,,,,,,,,,,,USD,,,OL,9/22/2025
dataflow,IMF.RES:WEO(9.0.0),R,QAT,BCA,A,2027,23362718000,9,,3,,CAB,,,,,,,,,,,,,,USD,,,OL,9/22/2025
dataflow,IMF.RES:WEO(9.0.0),R,QAT,BCA,A,2028,25976367000,9,,3,,CAB,,,,,,,,,,,,,,USD,,,OL,9/22/2025
dataflow,IMF.RES:WEO(9.0.0),R,QAT,BCA,A,2029,34041718000,9,,3,,CAB,,,,,,,,,,,,,,USD,,,OL,9/22/2025
dataflow,IMF.RES:WEO(9.0.0),R,QAT,BCA,A,2030,39739979000,9,,3,,CAB,,,,,,,,,,,,,,USD,,,OL,9/22/2025
dataflow,IMF.RES:WEO(9.0.0),R,QAT,BCA,A,2031,43831578000,9,,3,,CAB,,,,,,,,,,,,,,USD,,,OL,9/22/2025
dataflow,IMF.RES:WEO(9.0.0),R,QAT,BCA_NGDPD,A,2026,11.047473,0,,3,,CAB,,,,,,,,,,,,,,PT,,,OL,9/22/2025
dataflow,IMF.RES:WEO(9.0.0),R,QAT,BCA_NGDPD,A,2027,9.856604,0,,3,,CAB,,,,,,,,,,,,,,PT,,,OL,9/22/2025
dataflow,IMF.RES:WEO(9.0.0),R,QAT,BCA_NGDPD,A,2028,10.349294,0,,3,,CAB,,,,,,,,,,,,,,PT,,,OL,9/22/2025
dataflow,IMF.RES:WEO(9.0.0),R,QAT,BCA_NGDPD,A,2029,12.540307,0,,3,,CAB,,,,,,,,,,,,,,PT,,,OL,9/22/2025
dataflow,IMF.RES:WEO(9.0.0),R,QAT,BCA_NGDPD,A,2030,13.756498,0,,3,,CAB,,,,,,,,,,,,,,PT,,,OL,9/22/2025
dataflow,IMF.RES:WEO(9.0.0),R,QAT,BCA_NGDPD,A,2031,14.371115,0,,3,,CAB,,,,,,,,,,,,,,PT,,,OL,9/22/2025
dataflow,IMF.RES:WEO(9.0.0),R,QAT,GGR,A,2026,202181561000,9,,3,,,,G1,,,,,S13,,,,,,,XDC,,,OL,9/22/2025
dataflow,IMF.RES:WEO(9.0.0),R,QAT,GGR,A,2027,204315511000,9,,3,,,,G1,,,,,S13,,,,,,,XDC,,,OL,9/22/2025
dataflow,IMF.RES:WEO(9.0.0),R,QAT,GGR,A,2028,212158598000,9,,3,,,,G1,,,,,S13,,,,,,,XDC,,,OL,9/22/2025
dataflow,IMF.RES:WEO(9.0.0),R,QAT,GGR,A,2029,259980938000,9,,3,,,,G1,,,,,S13,,,,,,,XDC,,,OL,9/22/2025
dataflow,IMF.RES:WEO(9.0.0),R,QAT,GGR,A,2030,295252920000,9,,3,,,,G1,,,,,S13,,,,,,,XDC,,,OL,9/22/2025
dataflow,IMF.RES:WEO(9.0.0),R,QAT,GGR,A,2031,320105345000,9,,3,,,,G1,,,,,S13,,,,,,,XDC,,,OL,9/22/2025
dataflow,IMF.RES:WEO(9.0.0),R,QAT,GGR_NGDP,A,2026,25.547546,0,,3,,,,G1,,,,,S13,,,,,,,PT,,,OL,9/22/2025
dataflow,IMF.RES:WEO(9.0.0),R,QAT,GGR_NGDP,A,2027,23.681212,0,,3,,,,G1,,,,,S13,,,,,,,PT,,,OL,9/22/2025
dataflow,IMF.RES:WEO(9.0.0),R,QAT,GGR_NGDP,A,2028,23.221569,0,,3,,,,G1,,,,,S13,,,,,,,PT,,,OL,9/22/2025
dataflow,IMF.RES:WEO(9.0.0),R,QAT,GGR_NGDP,A,2029,26.310968,0,,3,,,,G1,,,,,S13,,,,,,,PT,,,OL,9/22/2025
dataflow,IMF.RES:WEO(9.0.0),R,QAT,GGR_NGDP,A,2030,28.078445,0,,3,,,,G1,,,,,S13,,,,,,,PT,,,OL,9/22/2025
dataflow,IMF.RES:WEO(9.0.0),R,QAT,GGR_NGDP,A,2031,28.833336,0,,3,,,,G1,,,,,S13,,,,,,,PT,,,OL,9/22/2025
dataflow,IMF.RES:WEO(9.0.0),R,QAT,GGX,A,2026,229348411000,9,,3,,,,G2M,,,,,S13,,,,,,,XDC,,,OL,9/22/2025
dataflow,IMF.RES:WEO(9.0.0),R,QAT,GGX,A,2027,245856558000,9,,3,,,,G2M,,,,,S13,,,,,,,XDC,,,OL,9/22/2025
dataflow,IMF.RES:WEO(9.0.0),R,QAT,GGX,A,2028,254796645000,9,,3,,,,G2M,,,,,S13,,,,,,,XDC,,,OL,9/22/2025
dataflow,IMF.RES:WEO(9.0.0),R,QAT,GGX,A,2029,263868035000,9,,3,,,,G2M,,,,,S13,,,,,,,XDC,,,OL,9/22/2025
dataflow,IMF.RES:WEO(9.0.0),R,QAT,GGX,A,2030,275867932000,9,,3,,,,G2M,,,,,S13,,,,,,,XDC,,,OL,9/22/2025
dataflow,IMF.RES:WEO(9.0.0),R,QAT,GGX,A,2031,288344065000,9,,3,,,,G2M,,,,,S13,,,,,,,XDC,,,OL,9/22/2025
dataflow,IMF.RES:WEO(9.0.0),R,QAT,GGXCNL,A,2026,-27166850000,9,,3,,,,GNLB,,,,,S13,,,,,,,XDC,,,OL,9/22/2025
dataflow,IMF.RES:WEO(9.0.0),R,QAT,GGXCNL,A,2027,-41541047000,9,,3,,,,GNLB,,,,,S13,,,,,,,XDC,,,OL,9/22/2025
dataflow,IMF.RES:WEO(9.0.0),R,QAT,GGXCNL,A,2028,-42638048000,9,,3,,,,GNLB,,,,,S13,,,,,,,XDC,,,OL,9/22/2025
dataflow,IMF.RES:WEO(9.0.0),R,QAT,GGXCNL,A,2029,-3887097000,9,,3,,,,GNLB,,,,,S13,,,,,,,XDC,,,OL,9/22/2025
dataflow,IMF.RES:WEO(9.0.0),R,QAT,GGXCNL,A,2030,19384988000,9,,3,,,,GNLB,,,,,S13,,,,,,,XDC,,,OL,9/22/2025
dataflow,IMF.RES:WEO(9.0.0),R,QAT,GGXCNL,A,2031,31761280000,9,,3,,,,GNLB,,,,,S13,,,,,,,XDC,,,OL,9/22/2025
dataflow,IMF.RES:WEO(9.0.0),R,QAT,GGXCNL_NGDP,A,2026,-3.432788,0,,3,,,,GNLB,,,,,S13,,,,,,,PT,,,OL,9/22/2025
dataflow,IMF.RES:WEO(9.0.0),R,QAT,GGXCNL_NGDP,A,2027,-4.81482,0,,3,,,,GNLB,,,,,S13,,,,,,,PT,,,OL,9/22/2025
dataflow,IMF.RES:WEO(9.0.0),R,QAT,GGXCNL_NGDP,A,2028,-4.666897,0,,3,,,,GNLB,,,,,S13,,,,,,,PT,,,OL,9/22/2025
dataflow,IMF.RES:WEO(9.0.0),R,QAT,GGXCNL_NGDP,A,2029,-0.393388,0,,3,,,,GNLB,,,,,S13,,,,,,,PT,,,OL,9/22/2025
dataflow,IMF.RES:WEO(9.0.0),R,QAT,GGXCNL_NGDP,A,2030,1.843505,0,,3,,,,GNLB,,,,,S13,,,,,,,PT,,,OL,9/22/2025
dataflow,IMF.RES:WEO(9.0.0),R,QAT,GGXCNL_NGDP,A,2031,2.860882,0,,3,,,,GNLB,,,,,S13,,,,,,,PT,,,OL,9/22/2025
dataflow,IMF.RES:WEO(9.0.0),R,QAT,GGXONLB,A,2026,-16683473000,9,,3,,,,GPB,,,,,S13,,,,,,,XDC,,,OL,9/22/2025
dataflow,IMF.RES:WEO(9.0.0),R,QAT,GGXONLB,A,2027,-30750986000,9,,3,,,,GPB,,,,,S13,,,,,,,XDC,,,OL,9/22/2025
dataflow,IMF.RES:WEO(9.0.0),R,QAT,GGXONLB,A,2028,-31535691000,9,,3,,,,GPB,,,,,S13,,,,,,,XDC,,,OL,9/22/2025
dataflow,IMF.RES:WEO(9.0.0),R,QAT,GGXONLB,A,2029,7533335000,9,,3,,,,GPB,,,,,S13,,,,,,,XDC,,,OL,9/22/2025
dataflow,IMF.RES:WEO(9.0.0),R,QAT,GGXONLB,A,2030,31129448000,9,,3,,,,GPB,,,,,S13,,,,,,,XDC,,,OL,9/22/2025
dataflow,IMF.RES:WEO(9.0.0),R,QAT,GGXONLB,A,2031,43835899000,9,,3,,,,GPB,,,,,S13,,,,,,,XDC,,,OL,9/22/2025
dataflow,IMF.RES:WEO(9.0.0),R,QAT,GGXONLB_NGDP,A,2026,-2.108114,0,,3,,,,GPB,,,,,S13,,,,,,,PT,,,OL,9/22/2025
dataflow,IMF.RES:WEO(9.0.0),R,QAT,GGXONLB_NGDP,A,2027,-3.564196,0,,3,,,,GPB,,,,,S13,,,,,,,PT,,,OL,9/22/2025
dataflow,IMF.RES:WEO(9.0.0),R,QAT,GGXONLB_NGDP,A,2028,-3.451702,0,,3,,,,GPB,,,,,S13,,,,,,,PT,,,OL,9/22/2025
dataflow,IMF.RES:WEO(9.0.0),R,QAT,GGXONLB_NGDP,A,2029,0.7624,0,,3,,,,GPB,,,,,S13,,,,,,,PT,,,OL,9/22/2025
dataflow,IMF.RES:WEO(9.0.0),R,QAT,GGXONLB_NGDP,A,2030,2.960399,0,,3,,,,GPB,,,,,S13,,,,,,,PT,,,OL,9/22/2025
dataflow,IMF.RES:WEO(9.0.0),R,QAT,GGXONLB_NGDP,A,2031,3.948498,0,,3,,,,GPB,,,,,S13,,,,,,,PT,,,OL,9/22/2025
dataflow,IMF.RES:WEO(9.0.0),R,QAT,GGXWDG,A,2026,342902000000,9,,3,,,,G63G,,,,,S13,,,,,,,XDC,,,OL,9/22/2025
dataflow,IMF.RES:WEO(9.0.0),R,QAT,GGXWDG,A,2027,352760060000,9,,3,,,,G63G,,,,,S13,,,,,,,XDC,,,OL,9/22/2025
dataflow,IMF.RES:WEO(9.0.0),R,QAT,GGXWDG,A,2028,362778862000,9,,3,,,,G63G,,,,,S13,,,,,,,XDC,,,OL,9/22/2025
dataflow,IMF.RES:WEO(9.0.0),R,QAT,GGXWDG,A,2029,372963228000,9,,3,,,,G63G,,,,,S13,,,,,,,XDC,,,OL,9/22/2025
dataflow,IMF.RES:WEO(9.0.0),R,QAT,GGXWDG,A,2030,383318124000,9,,3,,,,G63G,,,,,S13,,,,,,,XDC,,,OL,9/22/2025
dataflow,IMF.RES:WEO(9.0.0),R,QAT,GGXWDG,A,2031,393848668000,9,,3,,,,G63G,,,,,S13,,,,,,,XDC,,,OL,9/22/2025
dataflow,IMF.RES:WEO(9.0.0),R,QAT,GGXWDG_NGDP,A,2026,43.3289,0,,3,,,,G63G,,,,,S13,,,,,,,PT,,,OL,9/22/2025
dataflow,IMF.RES:WEO(9.0.0),R,QAT,GGXWDG_NGDP,A,2027,40.886693,0,,3,,,,G63G,,,,,S13,,,,,,,PT,,,OL,9/22/2025
dataflow,IMF.RES:WEO(9.0.0),R,QAT,GGXWDG_NGDP,A,2028,39.707532,0,,3,,,,G63G,,,,,S13,,,,,,,PT,,,OL,9/22/2025
dataflow,IMF.RES:WEO(9.0.0),R,QAT,GGXWDG_NGDP,A,2029,37.745165,0,,3,,,,G63G,,,,,S13,,,,,,,PT,,,OL,9/22/2025
dataflow,IMF.RES:WEO(9.0.0),R,QAT,GGXWDG_NGDP,A,2030,36.453414,0,,3,,,,G63G,,,,,S13,,,,,,,PT,,,OL,9/22/2025
dataflow,IMF.RES:WEO(9.0.0),R,QAT,GGXWDG_NGDP,A,2031,35.475731,0,,3,,,,G63G,,,,,S13,,,,,,,PT,,,OL,9/22/2025
dataflow,IMF.RES:WEO(9.0.0),R,QAT,GGX_NGDP,A,2026,28.980334,0,,3,,,,G2M,,,,,S13,,,,,,,PT,,,OL,9/22/2025
dataflow,IMF.RES:WEO(9.0.0),R,QAT,GGX_NGDP,A,2027,28.496031,0,,3,,,,G2M,,,,,S13,,,,,,,PT,,,OL,9/22/2025
dataflow,IMF.RES:WEO(9.0.0),R,QAT,GGX_NGDP,A,2028,27.888466,0,,3,,,,G2M,,,,,S13,,,,,,,PT,,,OL,9/22/2025
dataflow,IMF.RES:WEO(9.0.0),R,QAT,GGX_NGDP,A,2029,26.704355,0,,3,,,,G2M,,,,,S13,,,,,,,PT,,,OL,9/22/2025
dataflow,IMF.RES:WEO(9.0.0),R,QAT,GGX_NGDP,A,2030,26.23494,0,,3,,,,G2M,,,,,S13,,,,,,,PT,,,OL,9/22/2025
dataflow,IMF.RES:WEO(9.0.0),R,QAT,GGX_NGDP,A,2031,25.972454,0,,3,,,,G2M,,,,,S13,,,,,,,PT,,,OL,9/22/2025
dataflow,IMF.RES:WEO(9.0.0),R,QAT,LP,A,2026,3190801,6,,3,,,,,,,,POP,,,,,,,,,,,OL,9/22/2025
dataflow,IMF.RES:WEO(9.0.0),R,QAT,LP,A,2027,3206755,6,,3,,,,,,,,POP,,,,,,,,,,,OL,9/22/2025
dataflow,IMF.RES:WEO(9.0.0),R,QAT,LP,A,2028,3222788,6,,3,,,,,,,,POP,,,,,,,,,,,OL,9/22/2025
dataflow,IMF.RES:WEO(9.0.0),R,QAT,LP,A,2029,3238902,6,,3,,,,,,,,POP,,,,,,,,,,,OL,9/22/2025
dataflow,IMF.RES:WEO(9.0.0),R,QAT,LP,A,2030,3255097,6,,3,,,,,,,,POP,,,,,,,,,,,OL,9/22/2025
dataflow,IMF.RES:WEO(9.0.0),R,QAT,LP,A,2031,3271372,6,,3,,,,,,,,POP,,,,,,,,,,,OL,9/22/2025
dataflow,IMF.RES:WEO(9.0.0),R,QAT,NGDP,A,2026,791393265000,9,,3,,,B1GQ,,,,,,,,,V,,,,XDC,,,OL,9/22/2025
dataflow,IMF.RES:WEO(9.0.0),R,QAT,NGDP,A,2027,862774739000,9,,3,,,B1GQ,,,,,,,,,V,,,,XDC,,,OL,9/22/2025
dataflow,IMF.RES:WEO(9.0.0),R,QAT,NGDP,A,2028,913627330000,9,,3,,,B1GQ,,,,,,,,,V,,,,XDC,,,OL,9/22/2025
dataflow,IMF.RES:WEO(9.0.0),R,QAT,NGDP,A,2029,988108618000,9,,3,,,B1GQ,,,,,,,,,V,,,,XDC,,,OL,9/22/2025
dataflow,IMF.RES:WEO(9.0.0),R,QAT,NGDP,A,2030,1051528728000,9,,3,,,B1GQ,,,,,,,,,V,,,,XDC,,,OL,9/22/2025
dataflow,IMF.RES:WEO(9.0.0),R,QAT,NGDP,A,2031,1110191825000,9,,3,,,B1GQ,,,,,,,,,V,,,,XDC,,,OL,9/22/2025
dataflow,IMF.RES:WEO(9.0.0),R,QAT,NGDPD,A,2026,217415732000,9,,3,,,B1GQ,,,,,,,,,V,,,,USD,,,OL,9/22/2025
dataflow,IMF.RES:WEO(9.0.0),R,QAT,NGDPD,A,2027,237026027000,9,,3,,,B1GQ,,,,,,,,,V,,,,USD,,,OL,9/22/2025
dataflow,IMF.RES:WEO(9.0.0),R,QAT,NGDPD,A,2028,250996519000,9,,3,,,B1GQ,,,,,,,,,V,,,,USD,,,OL,9/22/2025
dataflow,IMF.RES:WEO(9.0.0),R,QAT,NGDPD,A,2029,271458411000,9,,3,,,B1GQ,,,,,,,,,V,,,,USD,,,OL,9/22/2025
dataflow,IMF.RES:WEO(9.0.0),R,QAT,NGDPD,A,2030,288881519000,9,,3,,,B1GQ,,,,,,,,,V,,,,USD,,,OL,9/22/2025
dataflow,IMF.RES:WEO(9.0.0),R,QAT,NGDPD,A,2031,304997754000,9,,3,,,B1GQ,,,,,,,,,V,,,,USD,,,OL,9/22/2025
dataflow,IMF.RES:WEO(9.0.0),R,QAT,NGDPDPC,A,2026,68138.302403,0,,3,,,B1GQ,,,,,,,,,V,,,,USD,,,OL,9/22/2025
dataflow,IMF.RES:WEO(9.0.0),R,QAT,NGDPDPC,A,2027,73914.614927,0,,3,,,B1GQ,,,,,,,,,V,,,,USD,,,OL,9/22/2025
dataflow,IMF.RES:WEO(9.0.0),R,QAT,NGDPDPC,A,2028,77881.78887,0,,3,,,B1GQ,,,,,,,,,V,,,,USD,,,OL,9/22/2025
dataflow,IMF.RES:WEO(9.0.0),R,QAT,NGDPDPC,A,2029,83811.8566,0,,3,,,B1GQ,,,,,,,,,V,,,,USD,,,OL,9/22/2025
dataflow,IMF.RES:WEO(9.0.0),R,QAT,NGDPDPC,A,2030,88747.444146,0,,3,,,B1GQ,,,,,,,,,V,,,,USD,,,OL,9/22/2025
dataflow,IMF.RES:WEO(9.0.0),R,QAT,NGDPDPC,A,2031,93232.359604,0,,3,,,B1GQ,,,,,,,,,V,,,,USD,,,OL,9/22/2025
dataflow,IMF.RES:WEO(9.0.0),R,QAT,NGDPPC,A,2026,248023.420747,0,,3,,,B1GQ,,,,,,,,,V,,,,XDC,,,OL,9/22/2025
dataflow,IMF.RES:WEO(9.0.0),R,QAT,NGDPPC,A,2027,269049.198335,0,,3,,,B1GQ,,,,,,,,,V,,,,XDC,,,OL,9/22/2025
dataflow,IMF.RES:WEO(9.0.0),R,QAT,NGDPPC,A,2028,283489.711488,0,,3,,,B1GQ,,,,,,,,,V,,,,XDC,,,OL,9/22/2025
dataflow,IMF.RES:WEO(9.0.0),R,QAT,NGDPPC,A,2029,305075.158025,0,,3,,,B1GQ,,,,,,,,,V,,,,XDC,,,OL,9/22/2025
dataflow,IMF.RES:WEO(9.0.0),R,QAT,NGDPPC,A,2030,323040.69669,0,,3,,,B1GQ,,,,,,,,,V,,,,XDC,,,OL,9/22/2025
dataflow,IMF.RES:WEO(9.0.0),R,QAT,NGDPPC,A,2031,339365.788957,0,,3,,,B1GQ,,,,,,,,,V,,,,XDC,,,OL,9/22/2025
dataflow,IMF.RES:WEO(9.0.0),R,QAT,NGDPRPC,A,2026,209887.840604,0,,3,,,B1GQ,,,,,,,,,Q,,,,XDC,,,OL,9/22/2025
dataflow,IMF.RES:WEO(9.0.0),R,QAT,NGDPRPC,A,2027,226783.098184,0,,3,,,B1GQ,,,,,,,,,Q,,,,XDC,,,OL,9/22/2025
dataflow,IMF.RES:WEO(9.0.0),R,QAT,NGDPRPC,A,2028,238822.936035,0,,3,,,B1GQ,,,,,,,,,Q,,,,XDC,,,OL,9/22/2025
dataflow,IMF.RES:WEO(9.0.0),R,QAT,NGDPRPC,A,2029,256257.53326,0,,3,,,B1GQ,,,,,,,,,Q,,,,XDC,,,OL,9/22/2025
dataflow,IMF.RES:WEO(9.0.0),R,QAT,NGDPRPC,A,2030,270074.125982,0,,3,,,B1GQ,,,,,,,,,Q,,,,XDC,,,OL,9/22/2025
dataflow,IMF.RES:WEO(9.0.0),R,QAT,NGDPRPC,A,2031,282105.772112,0,,3,,,B1GQ,,,,,,,,,Q,,,,XDC,,,OL,9/22/2025
dataflow,IMF.RES:WEO(9.0.0),R,QAT,NGDPRPPPPC,A,2026,93269.802355,0,,3,,,B1GQ,,,,,,,,,Q,,,,,,,OL,9/22/2025
dataflow,IMF.RES:WEO(9.0.0),R,QAT,NGDPRPPPPC,A,2027,100777.70434,0,,3,,,B1GQ,,,,,,,,,Q,,,,,,,OL,9/22/2025
dataflow,IMF.RES:WEO(9.0.0),R,QAT,NGDPRPPPPC,A,2028,106127.958521,0,,3,,,B1GQ,,,,,,,,,Q,,,,,,,OL,9/22/2025
dataflow,IMF.RES:WEO(9.0.0),R,QAT,NGDPRPPPPC,A,2029,113875.531857,0,,3,,,B1GQ,,,,,,,,,Q,,,,,,,OL,9/22/2025
dataflow,IMF.RES:WEO(9.0.0),R,QAT,NGDPRPPPPC,A,2030,120015.339045,0,,3,,,B1GQ,,,,,,,,,Q,,,,,,,OL,9/22/2025
dataflow,IMF.RES:WEO(9.0.0),R,QAT,NGDPRPPPPC,A,2031,125361.952995,0,,3,,,B1GQ,,,,,,,,,Q,,,,,,,OL,9/22/2025
dataflow,IMF.RES:WEO(9.0.0),R,QAT,NGDP_D,A,2026,118.169504,0,,3,,,B1GQ,,,,,,,,PD,,,,,IX,,,OL,9/22/2025
dataflow,IMF.RES:WEO(9.0.0),R,QAT,NGDP_D,A,2027,118.637236,0,,3,,,B1GQ,,,,,,,,PD,,,,,IX,,,OL,9/22/2025
dataflow,IMF.RES:WEO(9.0.0),R,QAT,NGDP_D,A,2028,118.702883,0,,3,,,B1GQ,,,,,,,,PD,,,,,IX,,,OL,9/22/2025
dataflow,IMF.RES:WEO(9.0.0),R,QAT,NGDP_D,A,2029,119.05022,0,,3,,,B1GQ,,,,,,,,PD,,,,,IX,,,OL,9/22/2025
dataflow,IMF.RES:WEO(9.0.0),R,QAT,NGDP_D,A,2030,119.611864,0,,3,,,B1GQ,,,,,,,,PD,,,,,IX,,,OL,9/22/2025
dataflow,IMF.RES:WEO(9.0.0),R,QAT,NGDP_D,A,2031,120.297357,0,,3,,,B1GQ,,,,,,,,PD,,,,,IX,,,OL,9/22/2025
dataflow,IMF.RES:WEO(9.0.0),R,QAT,NGDP_FY,A,2026,791393265000,9,,3,,,B1GQ,,,,,,,,,V,,,,XDC,,,OL,9/22/2025
dataflow,IMF.RES:WEO(9.0.0),R,QAT,NGDP_FY,A,2027,862774739000,9,,3,,,B1GQ,,,,,,,,,V,,,,XDC,,,OL,9/22/2025
dataflow,IMF.RES:WEO(9.0.0),R,QAT,NGDP_FY,A,2028,913627330000,9,,3,,,B1GQ,,,,,,,,,V,,,,XDC,,,OL,9/22/2025
dataflow,IMF.RES:WEO(9.0.0),R,QAT,NGDP_FY,A,2029,988108618000,9,,3,,,B1GQ,,,,,,,,,V,,,,XDC,,,OL,9/22/2025
dataflow,IMF.RES:WEO(9.0.0),R,QAT,NGDP_FY,A,2030,1051528728000,9,,3,,,B1GQ,,,,,,,,,V,,,,XDC,,,OL,9/22/2025
dataflow,IMF.RES:WEO(9.0.0),R,QAT,NGDP_FY,A,2031,1110191825000,9,,3,,,B1GQ,,,,,,,,,V,,,,XDC,,,OL,9/22/2025
dataflow,IMF.RES:WEO(9.0.0),R,QAT,NGDP_R,A,2026,669710235000,9,,3,,,B1GQ,,,,,,,,,Q,,,,XDC,,,OL,9/22/2025
dataflow,IMF.RES:WEO(9.0.0),R,QAT,NGDP_R,A,2027,727237730000,9,,3,,,B1GQ,,,,,,,,,Q,,,,XDC,,,OL,9/22/2025
dataflow,IMF.RES:WEO(9.0.0),R,QAT,NGDP_R,A,2028,769675768000,9,,3,,,B1GQ,,,,,,,,,Q,,,,XDC,,,OL,9/22/2025
dataflow,IMF.RES:WEO(9.0.0),R,QAT,NGDP_R,A,2029,829993103000,9,,3,,,B1GQ,,,,,,,,,Q,,,,XDC,,,OL,9/22/2025
dataflow,IMF.RES:WEO(9.0.0),R,QAT,NGDP_R,A,2030,879117415000,9,,3,,,B1GQ,,,,,,,,,Q,,,,XDC,,,OL,9/22/2025
dataflow,IMF.RES:WEO(9.0.0),R,QAT,NGDP_R,A,2031,922872995000,9,,3,,,B1GQ,,,,,,,,,Q,,,,XDC,,,OL,9/22/2025
dataflow,IMF.RES:WEO(9.0.0),R,QAT,NGDP_RPCH,A,2026,-8.645722,0,,3,,,B1GQ,,,,,,,,,Q,,,,PT,,,OL,9/22/2025
dataflow,IMF.RES:WEO(9.0.0),R,QAT,NGDP_RPCH,A,2027,8.589908,0,,3,,,B1GQ,,,,,,,,,Q,,,,PT,,,OL,9/22/2025
dataflow,IMF.RES:WEO(9.0.0),R,QAT,NGDP_RPCH,A,2028,5.835511,0,,3,,,B1GQ,,,,,,,,,Q,,,,PT,,,OL,9/22/2025
dataflow,IMF.RES:WEO(9.0.0),R,QAT,NGDP_RPCH,A,2029,7.83672,0,,3,,,B1GQ,,,,,,,,,Q,,,,PT,,,OL,9/22/2025
dataflow,IMF.RES:WEO(9.0.0),R,QAT,NGDP_RPCH,A,2030,5.918641,0,,3,,,B1GQ,,,,,,,,,Q,,,,PT,,,OL,9/22/2025
dataflow,IMF.RES:WEO(9.0.0),R,QAT,NGDP_RPCH,A,2031,4.977217,0,,3,,,B1GQ,,,,,,,,,Q,,,,PT,,,OL,9/22/2025
dataflow,IMF.RES:WEO(9.0.0),R,QAT,NGSD_NGDP,A,2026,44.15771,0,,3,,,B8GNAT,,,,,,,,,,,,,PT,,,OL,9/22/2025
dataflow,IMF.RES:WEO(9.0.0),R,QAT,NGSD_NGDP,A,2027,31.402422,0,,3,,,B8GNAT,,,,,,,,,,,,,PT,,,OL,9/22/2025
dataflow,IMF.RES:WEO(9.0.0),R,QAT,NGSD_NGDP,A,2028,28.208574,0,,3,,,B8GNAT,,,,,,,,,,,,,PT,,,OL,9/22/2025
dataflow,IMF.RES:WEO(9.0.0),R,QAT,NGSD_NGDP,A,2029,25.957491,0,,3,,,B8GNAT,,,,,,,,,,,,,PT,,,OL,9/22/2025
dataflow,IMF.RES:WEO(9.0.0),R,QAT,NGSD_NGDP,A,2030,21.91527,0,,3,,,B8GNAT,,,,,,,,,,,,,PT,,,OL,9/22/2025
dataflow,IMF.RES:WEO(9.0.0),R,QAT,NGSD_NGDP,A,2031,18.021398,0,,3,,,B8GNAT,,,,,,,,,,,,,PT,,,OL,9/22/2025
dataflow,IMF.RES:WEO(9.0.0),R,QAT,PCPI,A,2026,113.015589,0,,3,,,,,,,,,,,CPI,,,,,IX,,,OL,9/22/2025
dataflow,IMF.RES:WEO(9.0.0),R,QAT,PCPI,A,2027,115.815303,0,,3,,,,,,,,,,,CPI,,,,,IX,,,OL,9/22/2025
dataflow,IMF.RES:WEO(9.0.0),R,QAT,PCPI,A,2028,118.187506,0,,3,,,,,,,,,,,CPI,,,,,IX,,,OL,9/22/2025
dataflow,IMF.RES:WEO(9.0.0),R,QAT,PCPI,A,2029,120.527393,0,,3,,,,,,,,,,,CPI,,,,,IX,,,OL,9/22/2025
dataflow,IMF.RES:WEO(9.0.0),R,QAT,PCPI,A,2030,122.903981,0,,3,,,,,,,,,,,CPI,,,,,IX,,,OL,9/22/2025
dataflow,IMF.RES:WEO(9.0.0),R,QAT,PCPI,A,2031,125.321488,0,,3,,,,,,,,,,,CPI,,,,,IX,,,OL,9/22/2025
dataflow,IMF.RES:WEO(9.0.0),R,QAT,PCPIE,A,2026,116.744688,0,,3,,,,,,,,,,,CPI,,,,,IX,,,OL,9/22/2025
dataflow,IMF.RES:WEO(9.0.0),R,QAT,PCPIE,A,2027,119.636782,0,,3,,,,,,,,,,,CPI,,,,,IX,,,OL,9/22/2025
dataflow,IMF.RES:WEO(9.0.0),R,QAT,PCPIE,A,2028,122.087259,0,,3,,,,,,,,,,,CPI,,,,,IX,,,OL,9/22/2025
dataflow,IMF.RES:WEO(9.0.0),R,QAT,PCPIE,A,2029,124.504354,0,,3,,,,,,,,,,,CPI,,,,,IX,,,OL,9/22/2025
dataflow,IMF.RES:WEO(9.0.0),R,QAT,PCPIE,A,2030,126.959361,0,,3,,,,,,,,,,,CPI,,,,,IX,,,OL,9/22/2025
dataflow,IMF.RES:WEO(9.0.0),R,QAT,PCPIE,A,2031,129.456637,0,,3,,,,,,,,,,,CPI,,,,,IX,,,OL,9/22/2025
dataflow,IMF.RES:WEO(9.0.0),R,QAT,PCPIEPCH,A,2026,3.874623,0,,3,,,,,,,,,,,CPI,,,,,PT,,,OL,9/22/2025
dataflow,IMF.RES:WEO(9.0.0),R,QAT,PCPIEPCH,A,2027,2.477281,0,,3,,,,,,,,,,,CPI,,,,,PT,,,OL,9/22/2025
dataflow,IMF.RES:WEO(9.0.0),R,QAT,PCPIEPCH,A,2028,2.048264,0,,3,,,,,,,,,,,CPI,,,,,PT,,,OL,9/22/2025
dataflow,IMF.RES:WEO(9.0.0),R,QAT,PCPIEPCH,A,2029,1.979809,0,,3,,,,,,,,,,,CPI,,,,,PT,,,OL,9/22/2025
dataflow,IMF.RES:WEO(9.0.0),R,QAT,PCPIEPCH,A,2030,1.971824,0,,3,,,,,,,,,,,CPI,,,,,PT,,,OL,9/22/2025
dataflow,IMF.RES:WEO(9.0.0),R,QAT,PCPIEPCH,A,2031,1.966988,0,,3,,,,,,,,,,,CPI,,,,,PT,,,OL,9/22/2025
dataflow,IMF.RES:WEO(9.0.0),R,QAT,PCPIPCH,A,2026,3.874623,0,,3,,,,,,,,,,,CPI,,,,,PT,,,OL,9/22/2025
dataflow,IMF.RES:WEO(9.0.0),R,QAT,PCPIPCH,A,2027,2.477281,0,,3,,,,,,,,,,,CPI,,,,,PT,,,OL,9/22/2025
dataflow,IMF.RES:WEO(9.0.0),R,QAT,PCPIPCH,A,2028,2.048264,0,,3,,,,,,,,,,,CPI,,,,,PT,,,OL,9/22/2025
dataflow,IMF.RES:WEO(9.0.0),R,QAT,PCPIPCH,A,2029,1.979809,0,,3,,,,,,,,,,,CPI,,,,,PT,,,OL,9/22/2025
dataflow,IMF.RES:WEO(9.0.0),R,QAT,PCPIPCH,A,2030,1.971824,0,,3,,,,,,,,,,,CPI,,,,,PT,,,OL,9/22/2025
dataflow,IMF.RES:WEO(9.0.0),R,QAT,PCPIPCH,A,2031,1.966988,0,,3,,,,,,,,,,,CPI,,,,,PT,,,OL,9/22/2025
dataflow,IMF.RES:WEO(9.0.0),R,QAT,PPPEX,A,2026,2.208349,0,,3,,,,,,,,,,,,,RT,XDC_PU,,,,,OL,9/22/2025
dataflow,IMF.RES:WEO(9.0.0),R,QAT,PPPEX,A,2027,2.16945,0,,3,,,,,,,,,,,,,RT,XDC_PU,,,,,OL,9/22/2025
dataflow,IMF.RES:WEO(9.0.0),R,QAT,PPPEX,A,2028,2.135597,0,,3,,,,,,,,,,,,,RT,XDC_PU,,,,,OL,9/22/2025
dataflow,IMF.RES:WEO(9.0.0),R,QAT,PPPEX,A,2029,2.104427,0,,3,,,,,,,,,,,,,RT,XDC_PU,,,,,OL,9/22/2025
dataflow,IMF.RES:WEO(9.0.0),R,QAT,PPPEX,A,2030,2.076205,0,,3,,,,,,,,,,,,,RT,XDC_PU,,,,,OL,9/22/2025
dataflow,IMF.RES:WEO(9.0.0),R,QAT,PPPEX,A,2031,2.051075,0,,3,,,,,,,,,,,,,RT,XDC_PU,,,,,OL,9/22/2025
dataflow,IMF.RES:WEO(9.0.0),R,QAT,PPPGDP,A,2026,358364294000,9,,3,,,B1GQ,,,,,,,,,V,,,,,,,OL,9/22/2025
dataflow,IMF.RES:WEO(9.0.0),R,QAT,PPPGDP,A,2027,397692755000,9,,3,,,B1GQ,,,,,,,,,V,,,,,,,OL,9/22/2025
dataflow,IMF.RES:WEO(9.0.0),R,QAT,PPPGDP,A,2028,427808774000,9,,3,,,B1GQ,,,,,,,,,V,,,,,,,OL,9/22/2025
dataflow,IMF.RES:WEO(9.0.0),R,QAT,PPPGDP,A,2029,469537986000,9,,3,,,B1GQ,,,,,,,,,V,,,,,,,OL,9/22/2025
dataflow,IMF.RES:WEO(9.0.0),R,QAT,PPPGDP,A,2030,506466794000,9,,3,,,B1GQ,,,,,,,,,V,,,,,,,OL,9/22/2025
dataflow,IMF.RES:WEO(9.0.0),R,QAT,PPPGDP,A,2031,541273079000,9,,3,,,B1GQ,,,,,,,,,V,,,,,,,OL,9/22/2025
dataflow,IMF.RES:WEO(9.0.0),R,QAT,PPPPC,A,2026,112311.718987,0,,3,,,B1GQ,,,,,,,,,,,,,,,,OL,9/22/2025
dataflow,IMF.RES:WEO(9.0.0),R,QAT,PPPPC,A,2027,124017.21101,0,,3,,,B1GQ,,,,,,,,,,,,,,,,OL,9/22/2025
dataflow,IMF.RES:WEO(9.0.0),R,QAT,PPPPC,A,2028,132744.919143,0,,3,,,B1GQ,,,,,,,,,,,,,,,,OL,9/22/2025
dataflow,IMF.RES:WEO(9.0.0),R,QAT,PPPPC,A,2029,144968.248262,0,,3,,,B1GQ,,,,,,,,,,,,,,,,OL,9/22/2025
dataflow,IMF.RES:WEO(9.0.0),R,QAT,PPPPC,A,2030,155591.93177,0,,3,,,B1GQ,,,,,,,,,,,,,,,,OL,9/22/2025
dataflow,IMF.RES:WEO(9.0.0),R,QAT,PPPPC,A,2031,165457.501331,0,,3,,,B1GQ,,,,,,,,,,,,,,,,OL,9/22/2025
dataflow,IMF.RES:WEO(9.0.0),R,QAT,PPPSH,A,2026,0.160875,0,,3,,,B1GQ,,,,,,,,,,,,,PT,,,OL,9/22/2025
dataflow,IMF.RES:WEO(9.0.0),R,QAT,PPPSH,A,2027,0.169292,0,,3,,,B1GQ,,,,,,,,,,,,,PT,,,OL,9/22/2025
dataflow,IMF.RES:WEO(9.0.0),R,QAT,PPPSH,A,2028,0.1736,0,,3,,,B1GQ,,,,,,,,,,,,,PT,,,OL,9/22/2025
dataflow,IMF.RES:WEO(9.0.0),R,QAT,PPPSH,A,2029,0.181523,0,,3,,,B1GQ,,,,,,,,,,,,,PT,,,OL,9/22/2025
dataflow,IMF.RES:WEO(9.0.0),R,QAT,PPPSH,A,2030,0.186586,0,,3,,,B1GQ,,,,,,,,,,,,,PT,,,OL,9/22/2025
dataflow,IMF.RES:WEO(9.0.0),R,QAT,PPPSH,A,2031,0.19009,0,,3,,,B1GQ,,,,,,,,,,,,,PT,,,OL,9/22/2025
dataflow,IMF.RES:WEO(9.0.0),R,QAT,TMG_RPCH,A,2026,-3.982999,0,,3,,,,,,MG,,,,,,VL,,,,PT,,,OL,9/22/2025
dataflow,IMF.RES:WEO(9.0.0),R,QAT,TMG_RPCH,A,2027,9.834294,0,,3,,,,,,MG,,,,,,VL,,,,PT,,,OL,9/22/2025
dataflow,IMF.RES:WEO(9.0.0),R,QAT,TMG_RPCH,A,2028,7.429465,0,,3,,,,,,MG,,,,,,VL,,,,PT,,,OL,9/22/2025
dataflow,IMF.RES:WEO(9.0.0),R,QAT,TMG_RPCH,A,2029,8.768811,0,,3,,,,,,MG,,,,,,VL,,,,PT,,,OL,9/22/2025
dataflow,IMF.RES:WEO(9.0.0),R,QAT,TMG_RPCH,A,2030,5.81637,0,,3,,,,,,MG,,,,,,VL,,,,PT,,,OL,9/22/2025
dataflow,IMF.RES:WEO(9.0.0),R,QAT,TMG_RPCH,A,2031,4.870038,0,,3,,,,,,MG,,,,,,VL,,,,PT,,,OL,9/22/2025
dataflow,IMF.RES:WEO(9.0.0),R,QAT,TM_RPCH,A,2026,-8.645722,0,,3,,,,,,MGS,,,,,,VL,,,,PT,,,OL,9/22/2025
dataflow,IMF.RES:WEO(9.0.0),R,QAT,TM_RPCH,A,2027,8.589908,0,,3,,,,,,MGS,,,,,,VL,,,,PT,,,OL,9/22/2025
dataflow,IMF.RES:WEO(9.0.0),R,QAT,TM_RPCH,A,2028,5.835511,0,,3,,,,,,MGS,,,,,,VL,,,,PT,,,OL,9/22/2025
dataflow,IMF.RES:WEO(9.0.0),R,QAT,TM_RPCH,A,2029,7.83672,0,,3,,,,,,MGS,,,,,,VL,,,,PT,,,OL,9/22/2025
dataflow,IMF.RES:WEO(9.0.0),R,QAT,TM_RPCH,A,2030,5.918641,0,,3,,,,,,MGS,,,,,,VL,,,,PT,,,OL,9/22/2025
dataflow,IMF.RES:WEO(9.0.0),R,QAT,TM_RPCH,A,2031,4.977217,0,,3,,,,,,MGS,,,,,,VL,,,,PT,,,OL,9/22/2025
dataflow,IMF.RES:WEO(9.0.0),R,QAT,TXG_RPCH,A,2026,-22.865064,0,,3,,,,,,XG,,,,,,VL,,,,PT,,,OL,9/22/2025
dataflow,IMF.RES:WEO(9.0.0),R,QAT,TXG_RPCH,A,2027,16.016939,0,,3,,,,,,XG,,,,,,VL,,,,PT,,,OL,9/22/2025
dataflow,IMF.RES:WEO(9.0.0),R,QAT,TXG_RPCH,A,2028,14.015436,0,,3,,,,,,XG,,,,,,VL,,,,PT,,,OL,9/22/2025
dataflow,IMF.RES:WEO(9.0.0),R,QAT,TXG_RPCH,A,2029,19.428954,0,,3,,,,,,XG,,,,,,VL,,,,PT,,,OL,9/22/2025
dataflow,IMF.RES:WEO(9.0.0),R,QAT,TXG_RPCH,A,2030,12.452952,0,,3,,,,,,XG,,,,,,VL,,,,PT,,,OL,9/22/2025
dataflow,IMF.RES:WEO(9.0.0),R,QAT,TXG_RPCH,A,2031,9.348012,0,,3,,,,,,XG,,,,,,VL,,,,PT,,,OL,9/22/2025
dataflow,IMF.RES:WEO(9.0.0),R,QAT,TX_RPCH,A,2026,-20.104118,0,,3,,,,,,XGS,,,,,,VL,,,,PT,,,OL,9/22/2025
dataflow,IMF.RES:WEO(9.0.0),R,QAT,TX_RPCH,A,2027,14.631997,0,,3,,,,,,XGS,,,,,,VL,,,,PT,,,OL,9/22/2025
dataflow,IMF.RES:WEO(9.0.0),R,QAT,TX_RPCH,A,2028,11.8991,0,,3,,,,,,XGS,,,,,,VL,,,,PT,,,OL,9/22/2025
dataflow,IMF.RES:WEO(9.0.0),R,QAT,TX_RPCH,A,2029,16.677638,0,,3,,,,,,XGS,,,,,,VL,,,,PT,,,OL,9/22/2025
dataflow,IMF.RES:WEO(9.0.0),R,QAT,TX_RPCH,A,2030,11.00843,0,,3,,,,,,XGS,,,,,,VL,,,,PT,,,OL,9/22/2025
dataflow,IMF.RES:WEO(9.0.0),R,QAT,TX_RPCH,A,2031,8.42922,0,,3,,,,,,XGS,,,,,,VL,,,,PT,,,OL,9/22/2025