dataflow,IMF.RES:WEO(9.0.0),R,SRB,BCA,A,2026,-6379316000,9,,3,,CAB,,,,,,,,,,,,,,USD,,,OL,9/11/2025
dataflow,IMF.RES:WEO(9.0.0),R,SRB,BCA,A,2027,-5343441000,9,,3,,CAB,,,,,,,,,,,,,,USD,,,OL,9/11/2025
dataflow,IMF.RES:WEO(9.0.0),R,SRB,BCA,A,2028,-6516815000,9,,3,,CAB,,,,,,,,,,,,,,USD,,,OL,9/11/2025
dataflow,IMF.RES:WEO(9.0.0),R,SRB,BCA,A,2029,-6730758000,9,,3,,CAB,,,,,,,,,,,,,,USD,,,OL,9/11/2025
dataflow,IMF.RES:WEO(9.0.0),R,SRB,BCA,A,2030,-7153316000,9,,3,,CAB,,,,,,,,,,,,,,USD,,,OL,9/11/2025
dataflow,IMF.RES:WEO(9.0.0),R,SRB,BCA,A,2031,-7621877000,9,,3,,CAB,,,,,,,,,,,,,,USD,,,OL,9/11/2025
dataflow,IMF.RES:WEO(9.0.0),R,SRB,BCA_NGDPD,A,2026,-5.694523,0,,3,,CAB,,,,,,,,,,,,,,PT,,,OL,9/11/2025
dataflow,IMF.RES:WEO(9.0.0),R,SRB,BCA_NGDPD,A,2027,-4.379228,0,,3,,CAB,,,,,,,,,,,,,,PT,,,OL,9/11/2025
dataflow,IMF.RES:WEO(9.0.0),R,SRB,BCA_NGDPD,A,2028,-5.009739,0,,3,,CAB,,,,,,,,,,,,,,PT,,,OL,9/11/2025
dataflow,IMF.RES:WEO(9.0.0),R,SRB,BCA_NGDPD,A,2029,-4.851171,0,,3,,CAB,,,,,,,,,,,,,,PT,,,OL,9/11/2025
dataflow,IMF.RES:WEO(9.0.0),R,SRB,BCA_NGDPD,A,2030,-4.831699,0,,3,,CAB,,,,,,,,,,,,,,PT,,,OL,9/11/2025
dataflow,IMF.RES:WEO(9.0.0),R,SRB,BCA_NGDPD,A,2031,-4.823996,0,,3,,CAB,,,,,,,,,,,,,,PT,,,OL,9/11/2025
dataflow,IMF.RES:WEO(9.0.0),R,SRB,GGR,A,2026,4536936502000,9,,3,,,,G1,,,,,S13,,,,,,,XDC,,,OL,9/11/2025
dataflow,IMF.RES:WEO(9.0.0),R,SRB,GGR,A,2027,4958427893000,9,,3,,,,G1,,,,,S13,,,,,,,XDC,,,OL,9/11/2025
dataflow,IMF.RES:WEO(9.0.0),R,SRB,GGR,A,2028,5261686627000,9,,3,,,,G1,,,,,S13,,,,,,,XDC,,,OL,9/11/2025
dataflow,IMF.RES:WEO(9.0.0),R,SRB,GGR,A,2029,5598143447000,9,,3,,,,G1,,,,,S13,,,,,,,XDC,,,OL,9/11/2025
dataflow,IMF.RES:WEO(9.0.0),R,SRB,GGR,A,2030,5970513453000,9,,3,,,,G1,,,,,S13,,,,,,,XDC,,,OL,9/11/2025
dataflow,IMF.RES:WEO(9.0.0),R,SRB,GGR,A,2031,6362949674000,9,,3,,,,G1,,,,,S13,,,,,,,XDC,,,OL,9/11/2025
dataflow,IMF.RES:WEO(9.0.0),R,SRB,GGR_NGDP,A,2026,40.790518,0,,3,,,,G1,,,,,S13,,,,,,,PT,,,OL,9/11/2025
dataflow,IMF.RES:WEO(9.0.0),R,SRB,GGR_NGDP,A,2027,40.924203,0,,3,,,,G1,,,,,S13,,,,,,,PT,,,OL,9/11/2025
dataflow,IMF.RES:WEO(9.0.0),R,SRB,GGR_NGDP,A,2028,40.647449,0,,3,,,,G1,,,,,S13,,,,,,,PT,,,OL,9/11/2025
dataflow,IMF.RES:WEO(9.0.0),R,SRB,GGR_NGDP,A,2029,40.556827,0,,3,,,,G1,,,,,S13,,,,,,,PT,,,OL,9/11/2025
dataflow,IMF.RES:WEO(9.0.0),R,SRB,GGR_NGDP,A,2030,40.547021,0,,3,,,,G1,,,,,S13,,,,,,,PT,,,OL,9/11/2025
dataflow,IMF.RES:WEO(9.0.0),R,SRB,GGR_NGDP,A,2031,40.50169,0,,3,,,,G1,,,,,S13,,,,,,,PT,,,OL,9/11/2025
dataflow,IMF.RES:WEO(9.0.0),R,SRB,GGSB,A,2026,-325155766000,9,,3,,,,SB,,,,,S13,,,,,,,XDC,,,OL,9/11/2025
dataflow,IMF.RES:WEO(9.0.0),R,SRB,GGSB,A,2027,-358759628000,9,,3,,,,SB,,,,,S13,,,,,,,XDC,,,OL,9/11/2025
dataflow,IMF.RES:WEO(9.0.0),R,SRB,GGSB,A,2028,-323060618000,9,,3,,,,SB,,,,,S13,,,,,,,XDC,,,OL,9/11/2025
dataflow,IMF.RES:WEO(9.0.0),R,SRB,GGSB,A,2029,-341352295000,9,,3,,,,SB,,,,,S13,,,,,,,XDC,,,OL,9/11/2025
dataflow,IMF.RES:WEO(9.0.0),R,SRB,GGSB,A,2030,-295829252000,9,,3,,,,SB,,,,,S13,,,,,,,XDC,,,OL,9/11/2025
dataflow,IMF.RES:WEO(9.0.0),R,SRB,GGSB,A,2031,-317722861000,9,,3,,,,SB,,,,,S13,,,,,,,XDC,,,OL,9/11/2025
dataflow,IMF.RES:WEO(9.0.0),R,SRB,GGSB_NPGDP,A,2026,-2.915842,0,,3,,,,SB,,,,,S13,,,,,,,PT,,,OL,9/11/2025
dataflow,IMF.RES:WEO(9.0.0),R,SRB,GGSB_NPGDP,A,2027,-2.958379,0,,3,,,,SB,,,,,S13,,,,,,,PT,,,OL,9/11/2025
dataflow,IMF.RES:WEO(9.0.0),R,SRB,GGSB_NPGDP,A,2028,-2.493775,0,,3,,,,SB,,,,,S13,,,,,,,PT,,,OL,9/11/2025
dataflow,IMF.RES:WEO(9.0.0),R,SRB,GGSB_NPGDP,A,2029,-2.471697,0,,3,,,,SB,,,,,S13,,,,,,,PT,,,OL,9/11/2025
dataflow,IMF.RES:WEO(9.0.0),R,SRB,GGSB_NPGDP,A,2030,-2.009209,0,,3,,,,SB,,,,,S13,,,,,,,PT,,,OL,9/11/2025
dataflow,IMF.RES:WEO(9.0.0),R,SRB,GGSB_NPGDP,A,2031,-2.023264,0,,3,,,,SB,,,,,S13,,,,,,,PT,,,OL,9/11/2025
dataflow,IMF.RES:WEO(9.0.0),R,SRB,GGX,A,2026,4857281481000,9,,3,,,,G2M,,,,,S13,,,,,,,XDC,,,OL,9/11/2025
dataflow,IMF.RES:WEO(9.0.0),R,SRB,GGX,A,2027,5310444289000,9,,3,,,,G2M,,,,,S13,,,,,,,XDC,,,OL,9/11/2025
dataflow,IMF.RES:WEO(9.0.0),R,SRB,GGX,A,2028,5580963973000,9,,3,,,,G2M,,,,,S13,,,,,,,XDC,,,OL,9/11/2025
dataflow,IMF.RES:WEO(9.0.0),R,SRB,GGX,A,2029,5931214717000,9,,3,,,,G2M,,,,,S13,,,,,,,XDC,,,OL,9/11/2025
dataflow,IMF.RES:WEO(9.0.0),R,SRB,GGX,A,2030,6254262131000,9,,3,,,,G2M,,,,,S13,,,,,,,XDC,,,OL,9/11/2025
dataflow,IMF.RES:WEO(9.0.0),R,SRB,GGX,A,2031,6665783971000,9,,3,,,,G2M,,,,,S13,,,,,,,XDC,,,OL,9/11/2025
dataflow,IMF.RES:WEO(9.0.0),R,SRB,GGXCNL,A,2026,-320344979000,9,,3,,,,GNLB,,,,,S13,,,,,,,XDC,,,OL,9/11/2025
dataflow,IMF.RES:WEO(9.0.0),R,SRB,GGXCNL,A,2027,-352016396000,9,,3,,,,GNLB,,,,,S13,,,,,,,XDC,,,OL,9/11/2025
dataflow,IMF.RES:WEO(9.0.0),R,SRB,GGXCNL,A,2028,-319277346000,9,,3,,,,GNLB,,,,,S13,,,,,,,XDC,,,OL,9/11/2025
dataflow,IMF.RES:WEO(9.0.0),R,SRB,GGXCNL,A,2029,-333071271000,9,,3,,,,GNLB,,,,,S13,,,,,,,XDC,,,OL,9/11/2025
dataflow,IMF.RES:WEO(9.0.0),R,SRB,GGXCNL,A,2030,-283748678000,9,,3,,,,GNLB,,,,,S13,,,,,,,XDC,,,OL,9/11/2025
dataflow,IMF.RES:WEO(9.0.0),R,SRB,GGXCNL,A,2031,-302834297000,9,,3,,,,GNLB,,,,,S13,,,,,,,XDC,,,OL,9/11/2025
dataflow,IMF.RES:WEO(9.0.0),R,SRB,GGXCNL_NGDP,A,2026,-2.880146,0,,3,,,,GNLB,,,,,S13,,,,,,,PT,,,OL,9/11/2025
dataflow,IMF.RES:WEO(9.0.0),R,SRB,GGXCNL_NGDP,A,2027,-2.905354,0,,3,,,,GNLB,,,,,S13,,,,,,,PT,,,OL,9/11/2025
dataflow,IMF.RES:WEO(9.0.0),R,SRB,GGXCNL_NGDP,A,2028,-2.466473,0,,3,,,,GNLB,,,,,S13,,,,,,,PT,,,OL,9/11/2025
dataflow,IMF.RES:WEO(9.0.0),R,SRB,GGXCNL_NGDP,A,2029,-2.412999,0,,3,,,,GNLB,,,,,S13,,,,,,,PT,,,OL,9/11/2025
dataflow,IMF.RES:WEO(9.0.0),R,SRB,GGXCNL_NGDP,A,2030,-1.926997,0,,3,,,,GNLB,,,,,S13,,,,,,,PT,,,OL,9/11/2025
dataflow,IMF.RES:WEO(9.0.0),R,SRB,GGXCNL_NGDP,A,2031,-1.927612,0,,3,,,,GNLB,,,,,S13,,,,,,,PT,,,OL,9/11/2025
dataflow,IMF.RES:WEO(9.0.0),R,SRB,GGXONLB,A,2026,-112452745000,9,,3,,,,GPB,,,,,S13,,,,,,,XDC,,,OL,9/11/2025
dataflow,IMF.RES:WEO(9.0.0),R,SRB,GGXONLB,A,2027,-119398381000,9,,3,,,,GPB,,,,,S13,,,,,,,XDC,,,OL,9/11/2025
dataflow,IMF.RES:WEO(9.0.0),R,SRB,GGXONLB,A,2028,-73720707000,9,,3,,,,GPB,,,,,S13,,,,,,,XDC,,,OL,9/11/2025
dataflow,IMF.RES:WEO(9.0.0),R,SRB,GGXONLB,A,2029,-70360253000,9,,3,,,,GPB,,,,,S13,,,,,,,XDC,,,OL,9/11/2025
dataflow,IMF.RES:WEO(9.0.0),R,SRB,GGXONLB,A,2030,-9637503000,9,,3,,,,GPB,,,,,S13,,,,,,,XDC,,,OL,9/11/2025
dataflow,IMF.RES:WEO(9.0.0),R,SRB,GGXONLB,A,2031,-7567421000,9,,3,,,,GPB,,,,,S13,,,,,,,XDC,,,OL,9/11/2025
dataflow,IMF.RES:WEO(9.0.0),R,SRB,GGXONLB_NGDP,A,2026,-1.011036,0,,3,,,,GPB,,,,,S13,,,,,,,PT,,,OL,9/11/2025
dataflow,IMF.RES:WEO(9.0.0),R,SRB,GGXONLB_NGDP,A,2027,-0.98545,0,,3,,,,GPB,,,,,S13,,,,,,,PT,,,OL,9/11/2025
dataflow,IMF.RES:WEO(9.0.0),R,SRB,GGXONLB_NGDP,A,2028,-0.569505,0,,3,,,,GPB,,,,,S13,,,,,,,PT,,,OL,9/11/2025
dataflow,IMF.RES:WEO(9.0.0),R,SRB,GGXONLB_NGDP,A,2029,-0.509738,0,,3,,,,GPB,,,,,S13,,,,,,,PT,,,OL,9/11/2025
dataflow,IMF.RES:WEO(9.0.0),R,SRB,GGXONLB_NGDP,A,2030,-0.06545,0,,3,,,,GPB,,,,,S13,,,,,,,PT,,,OL,9/11/2025
dataflow,IMF.RES:WEO(9.0.0),R,SRB,GGXONLB_NGDP,A,2031,-0.048168,0,,3,,,,GPB,,,,,S13,,,,,,,PT,,,OL,9/11/2025
dataflow,IMF.RES:WEO(9.0.0),R,SRB,GGXWDG,A,2026,4742652077000,9,,3,,,,G63G,,,,,S13,,,,,,,XDC,,,OL,9/11/2025
dataflow,IMF.RES:WEO(9.0.0),R,SRB,GGXWDG,A,2027,5206075398000,9,,3,,,,G63G,,,,,S13,,,,,,,XDC,,,OL,9/11/2025
dataflow,IMF.RES:WEO(9.0.0),R,SRB,GGXWDG,A,2028,5532571560000,9,,3,,,,G63G,,,,,S13,,,,,,,XDC,,,OL,9/11/2025
dataflow,IMF.RES:WEO(9.0.0),R,SRB,GGXWDG,A,2029,5879495575000,9,,3,,,,G63G,,,,,S13,,,,,,,XDC,,,OL,9/11/2025
dataflow,IMF.RES:WEO(9.0.0),R,SRB,GGXWDG,A,2030,6236175065000,9,,3,,,,G63G,,,,,S13,,,,,,,XDC,,,OL,9/11/2025
dataflow,IMF.RES:WEO(9.0.0),R,SRB,GGXWDG,A,2031,6614474962000,9,,3,,,,G63G,,,,,S13,,,,,,,XDC,,,OL,9/11/2025
dataflow,IMF.RES:WEO(9.0.0),R,SRB,GGXWDG_NGDP,A,2026,42.640058,0,,3,,,,G63G,,,,,S13,,,,,,,PT,,,OL,9/11/2025
dataflow,IMF.RES:WEO(9.0.0),R,SRB,GGXWDG_NGDP,A,2027,42.968153,0,,3,,,,G63G,,,,,S13,,,,,,,PT,,,OL,9/11/2025
dataflow,IMF.RES:WEO(9.0.0),R,SRB,GGXWDG_NGDP,A,2028,42.740082,0,,3,,,,G63G,,,,,S13,,,,,,,PT,,,OL,9/11/2025
dataflow,IMF.RES:WEO(9.0.0),R,SRB,GGXWDG_NGDP,A,2029,42.595137,0,,3,,,,G63G,,,,,S13,,,,,,,PT,,,OL,9/11/2025
dataflow,IMF.RES:WEO(9.0.0),R,SRB,GGXWDG_NGDP,A,2030,42.351185,0,,3,,,,G63G,,,,,S13,,,,,,,PT,,,OL,9/11/2025
dataflow,IMF.RES:WEO(9.0.0),R,SRB,GGXWDG_NGDP,A,2031,42.102708,0,,3,,,,G63G,,,,,S13,,,,,,,PT,,,OL,9/11/2025
dataflow,IMF.RES:WEO(9.0.0),R,SRB,GGXWDN,A,2026,4354277775000,9,,3,,,,G63N,,,,,S13,,,,,,,XDC,,,OL,9/11/2025
dataflow,IMF.RES:WEO(9.0.0),R,SRB,GGXWDN,A,2027,4796137374000,9,,3,,,,G63N,,,,,S13,,,,,,,XDC,,,OL,9/11/2025
dataflow,IMF.RES:WEO(9.0.0),R,SRB,GGXWDN,A,2028,5139129987000,9,,3,,,,G63N,,,,,S13,,,,,,,XDC,,,OL,9/11/2025
dataflow,IMF.RES:WEO(9.0.0),R,SRB,GGXWDN,A,2029,5513176407000,9,,3,,,,G63N,,,,,S13,,,,,,,XDC,,,OL,9/11/2025
dataflow,IMF.RES:WEO(9.0.0),R,SRB,GGXWDN,A,2030,5868570498000,9,,3,,,,G63N,,,,,S13,,,,,,,XDC,,,OL,9/11/2025
dataflow,IMF.RES:WEO(9.0.0),R,SRB,GGXWDN,A,2031,6223019329000,9,,3,,,,G63N,,,,,S13,,,,,,,XDC,,,OL,9/11/2025
dataflow,IMF.RES:WEO(9.0.0),R,SRB,GGXWDN_NGDP,A,2026,39.148277,0,,3,,,,G63N,,,,,S13,,,,,,,PT,,,OL,9/11/2025
dataflow,IMF.RES:WEO(9.0.0),R,SRB,GGXWDN_NGDP,A,2027,39.584744,0,,3,,,,G63N,,,,,S13,,,,,,,PT,,,OL,9/11/2025
dataflow,IMF.RES:WEO(9.0.0),R,SRB,GGXWDN_NGDP,A,2028,39.700677,0,,3,,,,G63N,,,,,S13,,,,,,,PT,,,OL,9/11/2025
dataflow,IMF.RES:WEO(9.0.0),R,SRB,GGXWDN_NGDP,A,2029,39.941267,0,,3,,,,G63N,,,,,S13,,,,,,,PT,,,OL,9/11/2025
dataflow,IMF.RES:WEO(9.0.0),R,SRB,GGXWDN_NGDP,A,2030,39.854705,0,,3,,,,G63N,,,,,S13,,,,,,,PT,,,OL,9/11/2025
dataflow,IMF.RES:WEO(9.0.0),R,SRB,GGXWDN_NGDP,A,2031,39.611,0,,3,,,,G63N,,,,,S13,,,,,,,PT,,,OL,9/11/2025
dataflow,IMF.RES:WEO(9.0.0),R,SRB,GGX_NGDP,A,2026,43.670663,0,,3,,,,G2M,,,,,S13,,,,,,,PT,,,OL,9/11/2025
dataflow,IMF.RES:WEO(9.0.0),R,SRB,GGX_NGDP,A,2027,43.829558,0,,3,,,,G2M,,,,,S13,,,,,,,PT,,,OL,9/11/2025
dataflow,IMF.RES:WEO(9.0.0),R,SRB,GGX_NGDP,A,2028,43.113922,0,,3,,,,G2M,,,,,S13,,,,,,,PT,,,OL,9/11/2025
dataflow,IMF.RES:WEO(9.0.0),R,SRB,GGX_NGDP,A,2029,42.969826,0,,3,,,,G2M,,,,,S13,,,,,,,PT,,,OL,9/11/2025
dataflow,IMF.RES:WEO(9.0.0),R,SRB,GGX_NGDP,A,2030,42.474018,0,,3,,,,G2M,,,,,S13,,,,,,,PT,,,OL,9/11/2025
dataflow,IMF.RES:WEO(9.0.0),R,SRB,GGX_NGDP,A,2031,42.429302,0,,3,,,,G2M,,,,,S13,,,,,,,PT,,,OL,9/11/2025
dataflow,IMF.RES:WEO(9.0.0),R,SRB,LP,A,2026,6493391,6,,3,,,,,,,,POP,,,,,,,,,,,OL,9/11/2025
dataflow,IMF.RES:WEO(9.0.0),R,SRB,LP,A,2027,6437298,6,,3,,,,,,,,POP,,,,,,,,,,,OL,9/11/2025
dataflow,IMF.RES:WEO(9.0.0),R,SRB,LP,A,2028,6389258,6,,3,,,,,,,,POP,,,,,,,,,,,OL,9/11/2025
dataflow,IMF.RES:WEO(9.0.0),R,SRB,LP,A,2029,6341576,6,,3,,,,,,,,POP,,,,,,,,,,,OL,9/11/2025
dataflow,IMF.RES:WEO(9.0.0),R,SRB,LP,A,2030,6294250,6,,3,,,,,,,,POP,,,,,,,,,,,OL,9/11/2025
dataflow,IMF.RES:WEO(9.0.0),R,SRB,LP,A,2031,6247277,6,,3,,,,,,,,POP,,,,,,,,,,,OL,9/11/2025
dataflow,IMF.RES:WEO(9.0.0),R,SRB,LUR,A,2026,8.781619,0,,3,,,,,,,,U,,,,,RT,,,,,,OL,9/11/2025
dataflow,IMF.RES:WEO(9.0.0),R,SRB,LUR,A,2027,8.686416,0,,3,,,,,,,,U,,,,,RT,,,,,,OL,9/11/2025
dataflow,IMF.RES:WEO(9.0.0),R,SRB,LUR,A,2028,8.59292,0,,3,,,,,,,,U,,,,,RT,,,,,,OL,9/11/2025
dataflow,IMF.RES:WEO(9.0.0),R,SRB,LUR,A,2029,8.500087,0,,3,,,,,,,,U,,,,,RT,,,,,,OL,9/11/2025
dataflow,IMF.RES:WEO(9.0.0),R,SRB,LUR,A,2030,8.407235,0,,3,,,,,,,,U,,,,,RT,,,,,,OL,9/11/2025
dataflow,IMF.RES:WEO(9.0.0),R,SRB,LUR,A,2031,8.315207,0,,3,,,,,,,,U,,,,,RT,,,,,,OL,9/11/2025
dataflow,IMF.RES:WEO(9.0.0),R,SRB,NGDP,A,2026,11122527335000,9,,3,,,B1GQ,,,,,,,,,V,,,,XDC,,,OL,9/11/2025
dataflow,IMF.RES:WEO(9.0.0),R,SRB,NGDP,A,2027,12116125687000,9,,3,,,B1GQ,,,,,,,,,V,,,,XDC,,,OL,9/11/2025
dataflow,IMF.RES:WEO(9.0.0),R,SRB,NGDP,A,2028,12944691001000,9,,3,,,B1GQ,,,,,,,,,V,,,,XDC,,,OL,9/11/2025
dataflow,IMF.RES:WEO(9.0.0),R,SRB,NGDP,A,2029,13803208610000,9,,3,,,B1GQ,,,,,,,,,V,,,,XDC,,,OL,9/11/2025
dataflow,IMF.RES:WEO(9.0.0),R,SRB,NGDP,A,2030,14724912718000,9,,3,,,B1GQ,,,,,,,,,V,,,,XDC,,,OL,9/11/2025
dataflow,IMF.RES:WEO(9.0.0),R,SRB,NGDP,A,2031,15710331305000,9,,3,,,B1GQ,,,,,,,,,V,,,,XDC,,,OL,9/11/2025
dataflow,IMF.RES:WEO(9.0.0),R,SRB,NGDPD,A,2026,112025469000,9,,3,,,B1GQ,,,,,,,,,V,,,,USD,,,OL,9/11/2025
dataflow,IMF.RES:WEO(9.0.0),R,SRB,NGDPD,A,2027,122017892000,9,,3,,,B1GQ,,,,,,,,,V,,,,USD,,,OL,9/11/2025
dataflow,IMF.RES:WEO(9.0.0),R,SRB,NGDPD,A,2028,130082931000,9,,3,,,B1GQ,,,,,,,,,V,,,,USD,,,OL,9/11/2025
dataflow,IMF.RES:WEO(9.0.0),R,SRB,NGDPD,A,2029,138745031000,9,,3,,,B1GQ,,,,,,,,,V,,,,USD,,,OL,9/11/2025
dataflow,IMF.RES:WEO(9.0.0),R,SRB,NGDPD,A,2030,148049721000,9,,3,,,B1GQ,,,,,,,,,V,,,,USD,,,OL,9/11/2025
dataflow,IMF.RES:WEO(9.0.0),R,SRB,NGDPD,A,2031,157999247000,9,,3,,,B1GQ,,,,,,,,,V,,,,USD,,,OL,9/11/2025
dataflow,IMF.RES:WEO(9.0.0),R,SRB,NGDPDPC,A,2026,17252.229568,0,,3,,,B1GQ,,,,,,,,,V,,,,USD,,,OL,9/11/2025
dataflow,IMF.RES:WEO(9.0.0),R,SRB,NGDPDPC,A,2027,18954.830416,0,,3,,,B1GQ,,,,,,,,,V,,,,USD,,,OL,9/11/2025
dataflow,IMF.RES:WEO(9.0.0),R,SRB,NGDPDPC,A,2028,20359.631362,0,,3,,,B1GQ,,,,,,,,,V,,,,USD,,,OL,9/11/2025
dataflow,IMF.RES:WEO(9.0.0),R,SRB,NGDPDPC,A,2029,21878.635915,0,,3,,,B1GQ,,,,,,,,,V,,,,USD,,,OL,9/11/2025
dataflow,IMF.RES:WEO(9.0.0),R,SRB,NGDPDPC,A,2030,23521.423723,0,,3,,,B1GQ,,,,,,,,,V,,,,USD,,,OL,9/11/2025
dataflow,IMF.RES:WEO(9.0.0),R,SRB,NGDPDPC,A,2031,25290.897446,0,,3,,,B1GQ,,,,,,,,,V,,,,USD,,,OL,9/11/2025
dataflow,IMF.RES:WEO(9.0.0),R,SRB,NGDPPC,A,2026,1712899.719996,0,,3,,,B1GQ,,,,,,,,,V,,,,XDC,,,OL,9/11/2025
dataflow,IMF.RES:WEO(9.0.0),R,SRB,NGDPPC,A,2027,1882175.671696,0,,3,,,B1GQ,,,,,,,,,V,,,,XDC,,,OL,9/11/2025
dataflow,IMF.RES:WEO(9.0.0),R,SRB,NGDPPC,A,2028,2026008.59254,0,,3,,,B1GQ,,,,,,,,,V,,,,XDC,,,OL,9/11/2025
dataflow,IMF.RES:WEO(9.0.0),R,SRB,NGDPPC,A,2029,2176621.204721,0,,3,,,B1GQ,,,,,,,,,V,,,,XDC,,,OL,9/11/2025
dataflow,IMF.RES:WEO(9.0.0),R,SRB,NGDPPC,A,2030,2339422.931125,0,,3,,,B1GQ,,,,,,,,,V,,,,XDC,,,OL,9/11/2025
dataflow,IMF.RES:WEO(9.0.0),R,SRB,NGDPPC,A,2031,2514748.549282,0,,3,,,B1GQ,,,,,,,,,V,,,,XDC,,,OL,9/11/2025
dataflow,IMF.RES:WEO(9.0.0),R,SRB,NGDPRPC,A,2026,1176930.338001,0,,3,,,B1GQ,,,,,,,,,Q,,,,XDC,,,OL,9/11/2025
dataflow,IMF.RES:WEO(9.0.0),R,SRB,NGDPRPC,A,2027,1229187.947978,0,,3,,,B1GQ,,,,,,,,,Q,,,,XDC,,,OL,9/11/2025
dataflow,IMF.RES:WEO(9.0.0),R,SRB,NGDPRPC,A,2028,1281540.508474,0,,3,,,B1GQ,,,,,,,,,Q,,,,XDC,,,OL,9/11/2025
dataflow,IMF.RES:WEO(9.0.0),R,SRB,NGDPRPC,A,2029,1336251.715843,0,,3,,,B1GQ,,,,,,,,,Q,,,,XDC,,,OL,9/11/2025
dataflow,IMF.RES:WEO(9.0.0),R,SRB,NGDPRPC,A,2030,1394041.414326,0,,3,,,B1GQ,,,,,,,,,Q,,,,XDC,,,OL,9/11/2025
dataflow,IMF.RES:WEO(9.0.0),R,SRB,NGDPRPC,A,2031,1454330.379385,0,,3,,,B1GQ,,,,,,,,,Q,,,,XDC,,,OL,9/11/2025
dataflow,IMF.RES:WEO(9.0.0),R,SRB,NGDPRPPPPC,A,2026,28951.780368,0,,3,,,B1GQ,,,,,,,,,Q,,,,,,,OL,9/11/2025
dataflow,IMF.RES:WEO(9.0.0),R,SRB,NGDPRPPPPC,A,2027,30237.286228,0,,3,,,B1GQ,,,,,,,,,Q,,,,,,,OL,9/11/2025
dataflow,IMF.RES:WEO(9.0.0),R,SRB,NGDPRPPPPC,A,2028,31525.127814,0,,3,,,B1GQ,,,,,,,,,Q,,,,,,,OL,9/11/2025
dataflow,IMF.RES:WEO(9.0.0),R,SRB,NGDPRPPPPC,A,2029,32870.990698,0,,3,,,B1GQ,,,,,,,,,Q,,,,,,,OL,9/11/2025
dataflow,IMF.RES:WEO(9.0.0),R,SRB,NGDPRPPPPC,A,2030,34292.582618,0,,3,,,B1GQ,,,,,,,,,Q,,,,,,,OL,9/11/2025
dataflow,IMF.RES:WEO(9.0.0),R,SRB,NGDPRPPPPC,A,2031,35775.654996,0,,3,,,B1GQ,,,,,,,,,Q,,,,,,,OL,9/11/2025
dataflow,IMF.RES:WEO(9.0.0),R,SRB,NGDP_D,A,2026,145.539601,0,,3,,,B1GQ,,,,,,,,PD,,,,,IX,,,OL,9/11/2025
dataflow,IMF.RES:WEO(9.0.0),R,SRB,NGDP_D,A,2027,153.123505,0,,3,,,B1GQ,,,,,,,,PD,,,,,IX,,,OL,9/11/2025
dataflow,IMF.RES:WEO(9.0.0),R,SRB,NGDP_D,A,2028,158.091654,0,,3,,,B1GQ,,,,,,,,PD,,,,,IX,,,OL,9/11/2025
dataflow,IMF.RES:WEO(9.0.0),R,SRB,NGDP_D,A,2029,162.890059,0,,3,,,B1GQ,,,,,,,,PD,,,,,IX,,,OL,9/11/2025
dataflow,IMF.RES:WEO(9.0.0),R,SRB,NGDP_D,A,2030,167.815885,0,,3,,,B1GQ,,,,,,,,PD,,,,,IX,,,OL,9/11/2025
dataflow,IMF.RES:WEO(9.0.0),R,SRB,NGDP_D,A,2031,172.914531,0,,3,,,B1GQ,,,,,,,,PD,,,,,IX,,,OL,9/11/2025
dataflow,IMF.RES:WEO(9.0.0),R,SRB,NGDP_FY,A,2026,11122527335000,9,,3,,,B1GQ,,,,,,,,,V,,,,XDC,,,OL,9/11/2025
dataflow,IMF.RES:WEO(9.0.0),R,SRB,NGDP_FY,A,2027,12116125687000,9,,3,,,B1GQ,,,,,,,,,V,,,,XDC,,,OL,9/11/2025
dataflow,IMF.RES:WEO(9.0.0),R,SRB,NGDP_FY,A,2028,12944691001000,9,,3,,,B1GQ,,,,,,,,,V,,,,XDC,,,OL,9/11/2025
dataflow,IMF.RES:WEO(9.0.0),R,SRB,NGDP_FY,A,2029,13803208610000,9,,3,,,B1GQ,,,,,,,,,V,,,,XDC,,,OL,9/11/2025
dataflow,IMF.RES:WEO(9.0.0),R,SRB,NGDP_FY,A,2030,14724912718000,9,,3,,,B1GQ,,,,,,,,,V,,,,XDC,,,OL,9/11/2025
dataflow,IMF.RES:WEO(9.0.0),R,SRB,NGDP_FY,A,2031,15710331305000,9,,3,,,B1GQ,,,,,,,,,V,,,,XDC,,,OL,9/11/2025
dataflow,IMF.RES:WEO(9.0.0),R,SRB,NGDP_R,A,2026,7642268664000,9,,3,,,B1GQ,,,,,,,,,Q,,,,XDC,,,OL,9/11/2025
dataflow,IMF.RES:WEO(9.0.0),R,SRB,NGDP_R,A,2027,7912649119000,9,,3,,,B1GQ,,,,,,,,,Q,,,,XDC,,,OL,9/11/2025
dataflow,IMF.RES:WEO(9.0.0),R,SRB,NGDP_R,A,2028,8188092562000,9,,3,,,B1GQ,,,,,,,,,Q,,,,XDC,,,OL,9/11/2025
dataflow,IMF.RES:WEO(9.0.0),R,SRB,NGDP_R,A,2029,8473941699000,9,,3,,,B1GQ,,,,,,,,,Q,,,,XDC,,,OL,9/11/2025
dataflow,IMF.RES:WEO(9.0.0),R,SRB,NGDP_R,A,2030,8774445133000,9,,3,,,B1GQ,,,,,,,,,Q,,,,XDC,,,OL,9/11/2025
dataflow,IMF.RES:WEO(9.0.0),R,SRB,NGDP_R,A,2031,9085605037000,9,,3,,,B1GQ,,,,,,,,,Q,,,,XDC,,,OL,9/11/2025
dataflow,IMF.RES:WEO(9.0.0),R,SRB,NGDP_RPCH,A,2026,2.834911,0,,3,,,B1GQ,,,,,,,,,Q,,,,PT,,,OL,9/11/2025
dataflow,IMF.RES:WEO(9.0.0),R,SRB,NGDP_RPCH,A,2027,3.537961,0,,3,,,B1GQ,,,,,,,,,Q,,,,PT,,,OL,9/11/2025
dataflow,IMF.RES:WEO(9.0.0),R,SRB,NGDP_RPCH,A,2028,3.481052,0,,3,,,B1GQ,,,,,,,,,Q,,,,PT,,,OL,9/11/2025
dataflow,IMF.RES:WEO(9.0.0),R,SRB,NGDP_RPCH,A,2029,3.491035,0,,3,,,B1GQ,,,,,,,,,Q,,,,PT,,,OL,9/11/2025
dataflow,IMF.RES:WEO(9.0.0),R,SRB,NGDP_RPCH,A,2030,3.546206,0,,3,,,B1GQ,,,,,,,,,Q,,,,PT,,,OL,9/11/2025
dataflow,IMF.RES:WEO(9.0.0),R,SRB,NGDP_RPCH,A,2031,3.546206,0,,3,,,B1GQ,,,,,,,,,Q,,,,PT,,,OL,9/11/2025
dataflow,IMF.RES:WEO(9.0.0),R,SRB,NGSD_NGDP,A,2026,18.099749,0,,3,,,B8GNAT,,,,,,,,,,,,,PT,,,OL,9/11/2025
dataflow,IMF.RES:WEO(9.0.0),R,SRB,NGSD_NGDP,A,2027,17.430759,0,,3,,,B8GNAT,,,,,,,,,,,,,PT,,,OL,9/11/2025
dataflow,IMF.RES:WEO(9.0.0),R,SRB,NGSD_NGDP,A,2028,17.326222,0,,3,,,B8GNAT,,,,,,,,,,,,,PT,,,OL,9/11/2025
dataflow,IMF.RES:WEO(9.0.0),R,SRB,NGSD_NGDP,A,2029,17.196369,0,,3,,,B8GNAT,,,,,,,,,,,,,PT,,,OL,9/11/2025
dataflow,IMF.RES:WEO(9.0.0),R,SRB,NGSD_NGDP,A,2030,16.968004,0,,3,,,B8GNAT,,,,,,,,,,,,,PT,,,OL,9/11/2025
dataflow,IMF.RES:WEO(9.0.0),R,SRB,NGSD_NGDP,A,2031,16.827211,0,,3,,,B8GNAT,,,,,,,,,,,,,PT,,,OL,9/11/2025
dataflow,IMF.RES:WEO(9.0.0),R,SRB,NID_NGDP,A,2026,23.794272,0,,3,,,P5,,,,,,,,,,,,,PT,,,OL,9/11/2025
dataflow,IMF.RES:WEO(9.0.0),R,SRB,NID_NGDP,A,2027,21.809986,0,,3,,,P5,,,,,,,,,,,,,PT,,,OL,9/11/2025
dataflow,IMF.RES:WEO(9.0.0),R,SRB,NID_NGDP,A,2028,22.33596,0,,3,,,P5,,,,,,,,,,,,,PT,,,OL,9/11/2025
dataflow,IMF.RES:WEO(9.0.0),R,SRB,NID_NGDP,A,2029,22.04754,0,,3,,,P5,,,,,,,,,,,,,PT,,,OL,9/11/2025
dataflow,IMF.RES:WEO(9.0.0),R,SRB,NID_NGDP,A,2030,21.799703,0,,3,,,P5,,,,,,,,,,,,,PT,,,OL,9/11/2025
dataflow,IMF.RES:WEO(9.0.0),R,SRB,NID_NGDP,A,2031,21.651207,0,,3,,,P5,,,,,,,,,,,,,PT,,,OL,9/11/2025
dataflow,IMF.RES:WEO(9.0.0),R,SRB,PCPI,A,2026,105.211534,0,,3,,,,,,,,,,,CPI,,,,,IX,,,OL,9/11/2025
dataflow,IMF.RES:WEO(9.0.0),R,SRB,PCPI,A,2027,110.330177,0,,3,,,,,,,,,,,CPI,,,,,IX,,,OL,9/11/2025
dataflow,IMF.RES:WEO(9.0.0),R,SRB,PCPI,A,2028,113.618478,0,,3,,,,,,,,,,,CPI,,,,,IX,,,OL,9/11/2025
dataflow,IMF.RES:WEO(9.0.0),R,SRB,PCPI,A,2029,116.993408,0,,3,,,,,,,,,,,CPI,,,,,IX,,,OL,9/11/2025
dataflow,IMF.RES:WEO(9.0.0),R,SRB,PCPI,A,2030,120.468587,0,,3,,,,,,,,,,,CPI,,,,,IX,,,OL,9/11/2025
dataflow,IMF.RES:WEO(9.0.0),R,SRB,PCPI,A,2031,124.046993,0,,3,,,,,,,,,,,CPI,,,,,IX,,,OL,9/11/2025
dataflow,IMF.RES:WEO(9.0.0),R,SRB,PCPIE,A,2026,107.034495,0,,3,,,,,,,,,,,CPI,,,,,IX,,,OL,9/11/2025
dataflow,IMF.RES:WEO(9.0.0),R,SRB,PCPIE,A,2027,111.51259,0,,3,,,,,,,,,,,CPI,,,,,IX,,,OL,9/11/2025
dataflow,IMF.RES:WEO(9.0.0),R,SRB,PCPIE,A,2028,114.824967,0,,3,,,,,,,,,,,CPI,,,,,IX,,,OL,9/11/2025
dataflow,IMF.RES:WEO(9.0.0),R,SRB,PCPIE,A,2029,118.235734,0,,3,,,,,,,,,,,CPI,,,,,IX,,,OL,9/11/2025
dataflow,IMF.RES:WEO(9.0.0),R,SRB,PCPIE,A,2030,121.747816,0,,3,,,,,,,,,,,CPI,,,,,IX,,,OL,9/11/2025
dataflow,IMF.RES:WEO(9.0.0),R,SRB,PCPIE,A,2031,125.36422,0,,3,,,,,,,,,,,CPI,,,,,IX,,,OL,9/11/2025
dataflow,IMF.RES:WEO(9.0.0),R,SRB,PCPIEPCH,A,2026,7.034495,0,,3,,,,,,,,,,,CPI,,,,,PT,,,OL,9/11/2025
dataflow,IMF.RES:WEO(9.0.0),R,SRB,PCPIEPCH,A,2027,4.183787,0,,3,,,,,,,,,,,CPI,,,,,PT,,,OL,9/11/2025
dataflow,IMF.RES:WEO(9.0.0),R,SRB,PCPIEPCH,A,2028,2.970406,0,,3,,,,,,,,,,,CPI,,,,,PT,,,OL,9/11/2025
dataflow,IMF.RES:WEO(9.0.0),R,SRB,PCPIEPCH,A,2029,2.970406,0,,3,,,,,,,,,,,CPI,,,,,PT,,,OL,9/11/2025
dataflow,IMF.RES:WEO(9.0.0),R,SRB,PCPIEPCH,A,2030,2.970406,0,,3,,,,,,,,,,,CPI,,,,,PT,,,OL,9/11/2025
dataflow,IMF.RES:WEO(9.0.0),R,SRB,PCPIEPCH,A,2031,2.970406,0,,3,,,,,,,,,,,CPI,,,,,PT,,,OL,9/11/2025
dataflow,IMF.RES:WEO(9.0.0),R,SRB,PCPIPCH,A,2026,5.211534,0,,3,,,,,,,,,,,CPI,,,,,PT,,,OL,9/11/2025
dataflow,IMF.RES:WEO(9.0.0),R,SRB,PCPIPCH,A,2027,4.865096,0,,3,,,,,,,,,,,CPI,,,,,PT,,,OL,9/11/2025
dataflow,IMF.RES:WEO(9.0.0),R,SRB,PCPIPCH,A,2028,2.980419,0,,3,,,,,,,,,,,CPI,,,,,PT,,,OL,9/11/2025
dataflow,IMF.RES:WEO(9.0.0),R,SRB,PCPIPCH,A,2029,2.970406,0,,3,,,,,,,,,,,CPI,,,,,PT,,,OL,9/11/2025
dataflow,IMF.RES:WEO(9.0.0),R,SRB,PCPIPCH,A,2030,2.970406,0,,3,,,,,,,,,,,CPI,,,,,PT,,,OL,9/11/2025
dataflow,IMF.RES:WEO(9.0.0),R,SRB,PCPIPCH,A,2031,2.970406,0,,3,,,,,,,,,,,CPI,,,,,PT,,,OL,9/11/2025
dataflow,IMF.RES:WEO(9.0.0),R,SRB,PPPEX,A,2026,49.132928,0,,3,,,,,,,,,,,,,RT,XDC_PU,,,,,OL,9/11/2025
dataflow,IMF.RES:WEO(9.0.0),R,SRB,PPPEX,A,2027,50.582448,0,,3,,,,,,,,,,,,,RT,XDC_PU,,,,,OL,9/11/2025
dataflow,IMF.RES:WEO(9.0.0),R,SRB,PPPEX,A,2028,51.380264,0,,3,,,,,,,,,,,,,RT,XDC_PU,,,,,OL,9/11/2025
dataflow,IMF.RES:WEO(9.0.0),R,SRB,PPPEX,A,2029,52.014879,0,,3,,,,,,,,,,,,,RT,XDC_PU,,,,,OL,9/11/2025
dataflow,IMF.RES:WEO(9.0.0),R,SRB,PPPEX,A,2030,52.620895,0,,3,,,,,,,,,,,,,RT,XDC_PU,,,,,OL,9/11/2025
dataflow,IMF.RES:WEO(9.0.0),R,SRB,PPPEX,A,2031,53.258173,0,,3,,,,,,,,,,,,,RT,XDC_PU,,,,,OL,9/11/2025
dataflow,IMF.RES:WEO(9.0.0),R,SRB,PPPGDP,A,2026,226376237000,9,,3,,,B1GQ,,,,,,,,,V,,,,,,,OL,9/11/2025
dataflow,IMF.RES:WEO(9.0.0),R,SRB,PPPGDP,A,2027,239532212000,9,,3,,,B1GQ,,,,,,,,,V,,,,,,,OL,9/11/2025
dataflow,IMF.RES:WEO(9.0.0),R,SRB,PPPGDP,A,2028,251938975000,9,,3,,,B1GQ,,,,,,,,,V,,,,,,,OL,9/11/2025
dataflow,IMF.RES:WEO(9.0.0),R,SRB,PPPGDP,A,2029,265370390000,9,,3,,,B1GQ,,,,,,,,,V,,,,,,,OL,9/11/2025
dataflow,IMF.RES:WEO(9.0.0),R,SRB,PPPGDP,A,2030,279830145000,9,,3,,,B1GQ,,,,,,,,,V,,,,,,,OL,9/11/2025
dataflow,IMF.RES:WEO(9.0.0),R,SRB,PPPGDP,A,2031,294984423000,9,,3,,,B1GQ,,,,,,,,,V,,,,,,,OL,9/11/2025
dataflow,IMF.RES:WEO(9.0.0),R,SRB,PPPPC,A,2026,34862.561502,0,,3,,,B1GQ,,,,,,,,,,,,,,,,OL,9/11/2025
dataflow,IMF.RES:WEO(9.0.0),R,SRB,PPPPC,A,2027,37210.054853,0,,3,,,B1GQ,,,,,,,,,,,,,,,,OL,9/11/2025
dataflow,IMF.RES:WEO(9.0.0),R,SRB,PPPPC,A,2028,39431.650255,0,,3,,,B1GQ,,,,,,,,,,,,,,,,OL,9/11/2025
dataflow,IMF.RES:WEO(9.0.0),R,SRB,PPPPC,A,2029,41846.126754,0,,3,,,B1GQ,,,,,,,,,,,,,,,,OL,9/11/2025
dataflow,IMF.RES:WEO(9.0.0),R,SRB,PPPPC,A,2030,44458.060256,0,,3,,,B1GQ,,,,,,,,,,,,,,,,OL,9/11/2025
dataflow,IMF.RES:WEO(9.0.0),R,SRB,PPPPC,A,2031,47218.078074,0,,3,,,B1GQ,,,,,,,,,,,,,,,,OL,9/11/2025
dataflow,IMF.RES:WEO(9.0.0),R,SRB,PPPSH,A,2026,0.101624,0,,3,,,B1GQ,,,,,,,,,,,,,PT,,,OL,9/11/2025
dataflow,IMF.RES:WEO(9.0.0),R,SRB,PPPSH,A,2027,0.101965,0,,3,,,B1GQ,,,,,,,,,,,,,PT,,,OL,9/11/2025
dataflow,IMF.RES:WEO(9.0.0),R,SRB,PPPSH,A,2028,0.102234,0,,3,,,B1GQ,,,,,,,,,,,,,PT,,,OL,9/11/2025
dataflow,IMF.RES:WEO(9.0.0),R,SRB,PPPSH,A,2029,0.102592,0,,3,,,B1GQ,,,,,,,,,,,,,PT,,,OL,9/11/2025
dataflow,IMF.RES:WEO(9.0.0),R,SRB,PPPSH,A,2030,0.103091,0,,3,,,B1GQ,,,,,,,,,,,,,PT,,,OL,9/11/2025
dataflow,IMF.RES:WEO(9.0.0),R,SRB,PPPSH,A,2031,0.103596,0,,3,,,B1GQ,,,,,,,,,,,,,PT,,,OL,9/11/2025
dataflow,IMF.RES:WEO(9.0.0),R,SRB,TMG_RPCH,A,2026,4.107786,0,,3,,,,,,MG,,,,,,VL,,,,PT,,,OL,9/11/2025
dataflow,IMF.RES:WEO(9.0.0),R,SRB,TMG_RPCH,A,2027,2.4625,0,,3,,,,,,MG,,,,,,VL,,,,PT,,,OL,9/11/2025
dataflow,IMF.RES:WEO(9.0.0),R,SRB,TMG_RPCH,A,2028,3.773823,0,,3,,,,,,MG,,,,,,VL,,,,PT,,,OL,9/11/2025
dataflow,IMF.RES:WEO(9.0.0),R,SRB,TMG_RPCH,A,2029,3.8375,0,,3,,,,,,MG,,,,,,VL,,,,PT,,,OL,9/11/2025
dataflow,IMF.RES:WEO(9.0.0),R,SRB,TMG_RPCH,A,2030,3.8375,0,,3,,,,,,MG,,,,,,VL,,,,PT,,,OL,9/11/2025
dataflow,IMF.RES:WEO(9.0.0),R,SRB,TMG_RPCH,A,2031,3.9375,0,,3,,,,,,MG,,,,,,VL,,,,PT,,,OL,9/11/2025
dataflow,IMF.RES:WEO(9.0.0),R,SRB,TM_RPCH,A,2026,4.743509,0,,3,,,,,,MGS,,,,,,VL,,,,PT,,,OL,9/11/2025
dataflow,IMF.RES:WEO(9.0.0),R,SRB,TM_RPCH,A,2027,4.236788,0,,3,,,,,,MGS,,,,,,VL,,,,PT,,,OL,9/11/2025
dataflow,IMF.RES:WEO(9.0.0),R,SRB,TM_RPCH,A,2028,4.04,0,,3,,,,,,MGS,,,,,,VL,,,,PT,,,OL,9/11/2025
dataflow,IMF.RES:WEO(9.0.0),R,SRB,TM_RPCH,A,2029,3.954799,0,,3,,,,,,MGS,,,,,,VL,,,,PT,,,OL,9/11/2025
dataflow,IMF.RES:WEO(9.0.0),R,SRB,TM_RPCH,A,2030,4.036123,0,,3,,,,,,MGS,,,,,,VL,,,,PT,,,OL,9/11/2025
dataflow,IMF.RES:WEO(9.0.0),R,SRB,TM_RPCH,A,2031,3.9375,0,,3,,,,,,MGS,,,,,,VL,,,,PT,,,OL,9/11/2025
dataflow,IMF.RES:WEO(9.0.0),R,SRB,TXG_RPCH,A,2026,1.825754,0,,3,,,,,,XG,,,,,,VL,,,,PT,,,OL,9/11/2025
dataflow,IMF.RES:WEO(9.0.0),R,SRB,TXG_RPCH,A,2027,2.33232,0,,3,,,,,,XG,,,,,,VL,,,,PT,,,OL,9/11/2025
dataflow,IMF.RES:WEO(9.0.0),R,SRB,TXG_RPCH,A,2028,3.763028,0,,3,,,,,,XG,,,,,,VL,,,,PT,,,OL,9/11/2025
dataflow,IMF.RES:WEO(9.0.0),R,SRB,TXG_RPCH,A,2029,3.849778,0,,3,,,,,,XG,,,,,,VL,,,,PT,,,OL,9/11/2025
dataflow,IMF.RES:WEO(9.0.0),R,SRB,TXG_RPCH,A,2030,3.837588,0,,3,,,,,,XG,,,,,,VL,,,,PT,,,OL,9/11/2025
dataflow,IMF.RES:WEO(9.0.0),R,SRB,TXG_RPCH,A,2031,3.882326,0,,3,,,,,,XG,,,,,,VL,,,,PT,,,OL,9/11/2025
dataflow,IMF.RES:WEO(9.0.0),R,SRB,TX_RPCH,A,2026,4.123222,0,,3,,,,,,XGS,,,,,,VL,,,,PT,,,OL,9/11/2025
dataflow,IMF.RES:WEO(9.0.0),R,SRB,TX_RPCH,A,2027,6.549283,0,,3,,,,,,XGS,,,,,,VL,,,,PT,,,OL,9/11/2025
dataflow,IMF.RES:WEO(9.0.0),R,SRB,TX_RPCH,A,2028,2.261252,0,,3,,,,,,XGS,,,,,,VL,,,,PT,,,OL,9/11/2025
dataflow,IMF.RES:WEO(9.0.0),R,SRB,TX_RPCH,A,2029,4.042584,0,,3,,,,,,XGS,,,,,,VL,,,,PT,,,OL,9/11/2025
dataflow,IMF.RES:WEO(9.0.0),R,SRB,TX_RPCH,A,2030,4.143525,0,,3,,,,,,XGS,,,,,,VL,,,,PT,,,OL,9/11/2025
dataflow,IMF.RES:WEO(9.0.0),R,SRB,TX_RPCH,A,2031,3.905991,0,,3,,,,,,XGS,,,,,,VL,,,,PT,,,OL,9/11/2025