dataflow,IMF.RES:WEO(9.0.0),R,SVN,BCA,A,2026,2736542000,9,,3,,CAB,,,,,,,,,,,,,,USD,,,OL,9/25/2025
dataflow,IMF.RES:WEO(9.0.0),R,SVN,BCA,A,2027,2494381000,9,,3,,CAB,,,,,,,,,,,,,,USD,,,OL,9/25/2025
dataflow,IMF.RES:WEO(9.0.0),R,SVN,BCA,A,2028,2688717000,9,,3,,CAB,,,,,,,,,,,,,,USD,,,OL,9/25/2025
dataflow,IMF.RES:WEO(9.0.0),R,SVN,BCA,A,2029,2798797000,9,,3,,CAB,,,,,,,,,,,,,,USD,,,OL,9/25/2025
dataflow,IMF.RES:WEO(9.0.0),R,SVN,BCA,A,2030,2882576000,9,,3,,CAB,,,,,,,,,,,,,,USD,,,OL,9/25/2025
dataflow,IMF.RES:WEO(9.0.0),R,SVN,BCA,A,2031,2985207000,9,,3,,CAB,,,,,,,,,,,,,,USD,,,OL,9/25/2025
dataflow,IMF.RES:WEO(9.0.0),R,SVN,BCA_NGDPD,A,2026,3.155171,0,,3,,CAB,,,,,,,,,,,,,,PT,,,OL,9/25/2025
dataflow,IMF.RES:WEO(9.0.0),R,SVN,BCA_NGDPD,A,2027,2.76601,0,,3,,CAB,,,,,,,,,,,,,,PT,,,OL,9/25/2025
dataflow,IMF.RES:WEO(9.0.0),R,SVN,BCA_NGDPD,A,2028,2.857604,0,,3,,CAB,,,,,,,,,,,,,,PT,,,OL,9/25/2025
dataflow,IMF.RES:WEO(9.0.0),R,SVN,BCA_NGDPD,A,2029,2.849899,0,,3,,CAB,,,,,,,,,,,,,,PT,,,OL,9/25/2025
dataflow,IMF.RES:WEO(9.0.0),R,SVN,BCA_NGDPD,A,2030,2.813177,0,,3,,CAB,,,,,,,,,,,,,,PT,,,OL,9/25/2025
dataflow,IMF.RES:WEO(9.0.0),R,SVN,BCA_NGDPD,A,2031,2.794026,0,,3,,CAB,,,,,,,,,,,,,,PT,,,OL,9/25/2025
dataflow,IMF.RES:WEO(9.0.0),R,SVN,GGR,A,2026,34550282000,9,,3,,,,G1,,,,,S13,,,,,,,XDC,,,OL,9/25/2025
dataflow,IMF.RES:WEO(9.0.0),R,SVN,GGR,A,2027,35853308000,9,,3,,,,G1,,,,,S13,,,,,,,XDC,,,OL,9/25/2025
dataflow,IMF.RES:WEO(9.0.0),R,SVN,GGR,A,2028,37565429000,9,,3,,,,G1,,,,,S13,,,,,,,XDC,,,OL,9/25/2025
dataflow,IMF.RES:WEO(9.0.0),R,SVN,GGR,A,2029,38953584000,9,,3,,,,G1,,,,,S13,,,,,,,XDC,,,OL,9/25/2025
dataflow,IMF.RES:WEO(9.0.0),R,SVN,GGR,A,2030,40649681000,9,,3,,,,G1,,,,,S13,,,,,,,XDC,,,OL,9/25/2025
dataflow,IMF.RES:WEO(9.0.0),R,SVN,GGR,A,2031,42392493000,9,,3,,,,G1,,,,,S13,,,,,,,XDC,,,OL,9/25/2025
dataflow,IMF.RES:WEO(9.0.0),R,SVN,GGR_NGDP,A,2026,46.975,0,,3,,,,G1,,,,,S13,,,,,,,PT,,,OL,9/25/2025
dataflow,IMF.RES:WEO(9.0.0),R,SVN,GGR_NGDP,A,2027,46.775,0,,3,,,,G1,,,,,S13,,,,,,,PT,,,OL,9/25/2025
dataflow,IMF.RES:WEO(9.0.0),R,SVN,GGR_NGDP,A,2028,46.845,0,,3,,,,G1,,,,,S13,,,,,,,PT,,,OL,9/25/2025
dataflow,IMF.RES:WEO(9.0.0),R,SVN,GGR_NGDP,A,2029,46.515,0,,3,,,,G1,,,,,S13,,,,,,,PT,,,OL,9/25/2025
dataflow,IMF.RES:WEO(9.0.0),R,SVN,GGR_NGDP,A,2030,46.515,0,,3,,,,G1,,,,,S13,,,,,,,PT,,,OL,9/25/2025
dataflow,IMF.RES:WEO(9.0.0),R,SVN,GGR_NGDP,A,2031,46.515,0,,3,,,,G1,,,,,S13,,,,,,,PT,,,OL,9/25/2025
dataflow,IMF.RES:WEO(9.0.0),R,SVN,GGSB,A,2026,-1929266000,9,,3,,,,SB,,,,,S13,,,,,,,XDC,,,OL,9/25/2025
dataflow,IMF.RES:WEO(9.0.0),R,SVN,GGSB,A,2027,-2078896000,9,,3,,,,SB,,,,,S13,,,,,,,XDC,,,OL,9/25/2025
dataflow,IMF.RES:WEO(9.0.0),R,SVN,GGSB,A,2028,-2237421000,9,,3,,,,SB,,,,,S13,,,,,,,XDC,,,OL,9/25/2025
dataflow,IMF.RES:WEO(9.0.0),R,SVN,GGSB,A,2029,-2420004000,9,,3,,,,SB,,,,,S13,,,,,,,XDC,,,OL,9/25/2025
dataflow,IMF.RES:WEO(9.0.0),R,SVN,GGSB,A,2030,-2562154000,9,,3,,,,SB,,,,,S13,,,,,,,XDC,,,OL,9/25/2025
dataflow,IMF.RES:WEO(9.0.0),R,SVN,GGSB,A,2031,-2686360000,9,,3,,,,SB,,,,,S13,,,,,,,XDC,,,OL,9/25/2025
dataflow,IMF.RES:WEO(9.0.0),R,SVN,GGSB_NPGDP,A,2026,-2.621414,0,,3,,,,SB,,,,,S13,,,,,,,PT,,,OL,9/25/2025
dataflow,IMF.RES:WEO(9.0.0),R,SVN,GGSB_NPGDP,A,2027,-2.709345,0,,3,,,,SB,,,,,S13,,,,,,,PT,,,OL,9/25/2025
dataflow,IMF.RES:WEO(9.0.0),R,SVN,GGSB_NPGDP,A,2028,-2.79017,0,,3,,,,SB,,,,,S13,,,,,,,PT,,,OL,9/25/2025
dataflow,IMF.RES:WEO(9.0.0),R,SVN,GGSB_NPGDP,A,2029,-2.890051,0,,3,,,,SB,,,,,S13,,,,,,,PT,,,OL,9/25/2025
dataflow,IMF.RES:WEO(9.0.0),R,SVN,GGSB_NPGDP,A,2030,-2.932091,0,,3,,,,SB,,,,,S13,,,,,,,PT,,,OL,9/25/2025
dataflow,IMF.RES:WEO(9.0.0),R,SVN,GGSB_NPGDP,A,2031,-2.948088,0,,3,,,,SB,,,,,S13,,,,,,,PT,,,OL,9/25/2025
dataflow,IMF.RES:WEO(9.0.0),R,SVN,GGX,A,2026,36502099000,9,,3,,,,G2M,,,,,S13,,,,,,,XDC,,,OL,9/25/2025
dataflow,IMF.RES:WEO(9.0.0),R,SVN,GGX,A,2027,37971399000,9,,3,,,,G2M,,,,,S13,,,,,,,XDC,,,OL,9/25/2025
dataflow,IMF.RES:WEO(9.0.0),R,SVN,GGX,A,2028,39802124000,9,,3,,,,G2M,,,,,S13,,,,,,,XDC,,,OL,9/25/2025
dataflow,IMF.RES:WEO(9.0.0),R,SVN,GGX,A,2029,41369443000,9,,3,,,,G2M,,,,,S13,,,,,,,XDC,,,OL,9/25/2025
dataflow,IMF.RES:WEO(9.0.0),R,SVN,GGX,A,2030,43208257000,9,,3,,,,G2M,,,,,S13,,,,,,,XDC,,,OL,9/25/2025
dataflow,IMF.RES:WEO(9.0.0),R,SVN,GGX,A,2031,45071436000,9,,3,,,,G2M,,,,,S13,,,,,,,XDC,,,OL,9/25/2025
dataflow,IMF.RES:WEO(9.0.0),R,SVN,GGXCNL,A,2026,-1951818000,9,,3,,,,GNLB,,,,,S13,,,,,,,XDC,,,OL,9/25/2025
dataflow,IMF.RES:WEO(9.0.0),R,SVN,GGXCNL,A,2027,-2118091000,9,,3,,,,GNLB,,,,,S13,,,,,,,XDC,,,OL,9/25/2025
dataflow,IMF.RES:WEO(9.0.0),R,SVN,GGXCNL,A,2028,-2236695000,9,,3,,,,GNLB,,,,,S13,,,,,,,XDC,,,OL,9/25/2025
dataflow,IMF.RES:WEO(9.0.0),R,SVN,GGXCNL,A,2029,-2415859000,9,,3,,,,GNLB,,,,,S13,,,,,,,XDC,,,OL,9/25/2025
dataflow,IMF.RES:WEO(9.0.0),R,SVN,GGXCNL,A,2030,-2558576000,9,,3,,,,GNLB,,,,,S13,,,,,,,XDC,,,OL,9/25/2025
dataflow,IMF.RES:WEO(9.0.0),R,SVN,GGXCNL,A,2031,-2678943000,9,,3,,,,GNLB,,,,,S13,,,,,,,XDC,,,OL,9/25/2025
dataflow,IMF.RES:WEO(9.0.0),R,SVN,GGXCNL_NGDP,A,2026,-2.653716,0,,3,,,,GNLB,,,,,S13,,,,,,,PT,,,OL,9/25/2025
dataflow,IMF.RES:WEO(9.0.0),R,SVN,GGXCNL_NGDP,A,2027,-2.763307,0,,3,,,,GNLB,,,,,S13,,,,,,,PT,,,OL,9/25/2025
dataflow,IMF.RES:WEO(9.0.0),R,SVN,GGXCNL_NGDP,A,2028,-2.789213,0,,3,,,,GNLB,,,,,S13,,,,,,,PT,,,OL,9/25/2025
dataflow,IMF.RES:WEO(9.0.0),R,SVN,GGXCNL_NGDP,A,2029,-2.88481,0,,3,,,,GNLB,,,,,S13,,,,,,,PT,,,OL,9/25/2025
dataflow,IMF.RES:WEO(9.0.0),R,SVN,GGXCNL_NGDP,A,2030,-2.927752,0,,3,,,,GNLB,,,,,S13,,,,,,,PT,,,OL,9/25/2025
dataflow,IMF.RES:WEO(9.0.0),R,SVN,GGXCNL_NGDP,A,2031,-2.93946,0,,3,,,,GNLB,,,,,S13,,,,,,,PT,,,OL,9/25/2025
dataflow,IMF.RES:WEO(9.0.0),R,SVN,GGXONLB,A,2026,-1277407000,9,,3,,,,GPB,,,,,S13,,,,,,,XDC,,,OL,9/25/2025
dataflow,IMF.RES:WEO(9.0.0),R,SVN,GGXONLB,A,2027,-1373810000,9,,3,,,,GPB,,,,,S13,,,,,,,XDC,,,OL,9/25/2025
dataflow,IMF.RES:WEO(9.0.0),R,SVN,GGXONLB,A,2028,-1379363000,9,,3,,,,GPB,,,,,S13,,,,,,,XDC,,,OL,9/25/2025
dataflow,IMF.RES:WEO(9.0.0),R,SVN,GGXONLB,A,2029,-1456743000,9,,3,,,,GPB,,,,,S13,,,,,,,XDC,,,OL,9/25/2025
dataflow,IMF.RES:WEO(9.0.0),R,SVN,GGXONLB,A,2030,-1536962000,9,,3,,,,GPB,,,,,S13,,,,,,,XDC,,,OL,9/25/2025
dataflow,IMF.RES:WEO(9.0.0),R,SVN,GGXONLB,A,2031,-1638036000,9,,3,,,,GPB,,,,,S13,,,,,,,XDC,,,OL,9/25/2025
dataflow,IMF.RES:WEO(9.0.0),R,SVN,GGXONLB_NGDP,A,2026,-1.736779,0,,3,,,,GPB,,,,,S13,,,,,,,PT,,,OL,9/25/2025
dataflow,IMF.RES:WEO(9.0.0),R,SVN,GGXONLB_NGDP,A,2027,-1.792302,0,,3,,,,GPB,,,,,S13,,,,,,,PT,,,OL,9/25/2025
dataflow,IMF.RES:WEO(9.0.0),R,SVN,GGXONLB_NGDP,A,2028,-1.720099,0,,3,,,,GPB,,,,,S13,,,,,,,PT,,,OL,9/25/2025
dataflow,IMF.RES:WEO(9.0.0),R,SVN,GGXONLB_NGDP,A,2029,-1.739517,0,,3,,,,GPB,,,,,S13,,,,,,,PT,,,OL,9/25/2025
dataflow,IMF.RES:WEO(9.0.0),R,SVN,GGXONLB_NGDP,A,2030,-1.758729,0,,3,,,,GPB,,,,,S13,,,,,,,PT,,,OL,9/25/2025
dataflow,IMF.RES:WEO(9.0.0),R,SVN,GGXONLB_NGDP,A,2031,-1.797329,0,,3,,,,GPB,,,,,S13,,,,,,,PT,,,OL,9/25/2025
dataflow,IMF.RES:WEO(9.0.0),R,SVN,GGXWDG,A,2026,47924980000,9,,3,,,,G63G,,,,,S13,,,,,,,XDC,,,OL,9/25/2025
dataflow,IMF.RES:WEO(9.0.0),R,SVN,GGXWDG,A,2027,50114979000,9,,3,,,,G63G,,,,,S13,,,,,,,XDC,,,OL,9/25/2025
dataflow,IMF.RES:WEO(9.0.0),R,SVN,GGXWDG,A,2028,52449912000,9,,3,,,,G63G,,,,,S13,,,,,,,XDC,,,OL,9/25/2025
dataflow,IMF.RES:WEO(9.0.0),R,SVN,GGXWDG,A,2029,55138409000,9,,3,,,,G63G,,,,,S13,,,,,,,XDC,,,OL,9/25/2025
dataflow,IMF.RES:WEO(9.0.0),R,SVN,GGXWDG,A,2030,57963929000,9,,3,,,,G63G,,,,,S13,,,,,,,XDC,,,OL,9/25/2025
dataflow,IMF.RES:WEO(9.0.0),R,SVN,GGXWDG,A,2031,61130609000,9,,3,,,,G63G,,,,,S13,,,,,,,XDC,,,OL,9/25/2025
dataflow,IMF.RES:WEO(9.0.0),R,SVN,GGXWDG_NGDP,A,2026,65.159409,0,,3,,,,G63G,,,,,S13,,,,,,,PT,,,OL,9/25/2025
dataflow,IMF.RES:WEO(9.0.0),R,SVN,GGXWDG_NGDP,A,2027,65.381083,0,,3,,,,G63G,,,,,S13,,,,,,,PT,,,OL,9/25/2025
dataflow,IMF.RES:WEO(9.0.0),R,SVN,GGXWDG_NGDP,A,2028,65.406311,0,,3,,,,G63G,,,,,S13,,,,,,,PT,,,OL,9/25/2025
dataflow,IMF.RES:WEO(9.0.0),R,SVN,GGXWDG_NGDP,A,2029,65.841517,0,,3,,,,G63G,,,,,S13,,,,,,,PT,,,OL,9/25/2025
dataflow,IMF.RES:WEO(9.0.0),R,SVN,GGXWDG_NGDP,A,2030,66.327511,0,,3,,,,G63G,,,,,S13,,,,,,,PT,,,OL,9/25/2025
dataflow,IMF.RES:WEO(9.0.0),R,SVN,GGXWDG_NGDP,A,2031,67.075326,0,,3,,,,G63G,,,,,S13,,,,,,,PT,,,OL,9/25/2025
dataflow,IMF.RES:WEO(9.0.0),R,SVN,GGXWDN,A,2026,37215237000,9,,3,,,,G63N,,,,,S13,,,,,,,XDC,,,OL,9/25/2025
dataflow,IMF.RES:WEO(9.0.0),R,SVN,GGXWDN,A,2027,39337062000,9,,3,,,,G63N,,,,,S13,,,,,,,XDC,,,OL,9/25/2025
dataflow,IMF.RES:WEO(9.0.0),R,SVN,GGXWDN,A,2028,41575142000,9,,3,,,,G63N,,,,,S13,,,,,,,XDC,,,OL,9/25/2025
dataflow,IMF.RES:WEO(9.0.0),R,SVN,GGXWDN,A,2029,43991141000,9,,3,,,,G63N,,,,,S13,,,,,,,XDC,,,OL,9/25/2025
dataflow,IMF.RES:WEO(9.0.0),R,SVN,GGXWDN,A,2030,46549769000,9,,3,,,,G63N,,,,,S13,,,,,,,XDC,,,OL,9/25/2025
dataflow,IMF.RES:WEO(9.0.0),R,SVN,GGXWDN,A,2031,49227079000,9,,3,,,,G63N,,,,,S13,,,,,,,XDC,,,OL,9/25/2025
dataflow,IMF.RES:WEO(9.0.0),R,SVN,GGXWDN_NGDP,A,2026,50.598306,0,,3,,,,G63N,,,,,S13,,,,,,,PT,,,OL,9/25/2025
dataflow,IMF.RES:WEO(9.0.0),R,SVN,GGXWDN_NGDP,A,2027,51.319981,0,,3,,,,G63N,,,,,S13,,,,,,,PT,,,OL,9/25/2025
dataflow,IMF.RES:WEO(9.0.0),R,SVN,GGXWDN_NGDP,A,2028,51.845209,0,,3,,,,G63N,,,,,S13,,,,,,,PT,,,OL,9/25/2025
dataflow,IMF.RES:WEO(9.0.0),R,SVN,GGXWDN_NGDP,A,2029,52.530415,0,,3,,,,G63N,,,,,S13,,,,,,,PT,,,OL,9/25/2025
dataflow,IMF.RES:WEO(9.0.0),R,SVN,GGXWDN_NGDP,A,2030,53.266409,0,,3,,,,G63N,,,,,S13,,,,,,,PT,,,OL,9/25/2025
dataflow,IMF.RES:WEO(9.0.0),R,SVN,GGXWDN_NGDP,A,2031,54.014224,0,,3,,,,G63N,,,,,S13,,,,,,,PT,,,OL,9/25/2025
dataflow,IMF.RES:WEO(9.0.0),R,SVN,GGX_NGDP,A,2026,49.628716,0,,3,,,,G2M,,,,,S13,,,,,,,PT,,,OL,9/25/2025
dataflow,IMF.RES:WEO(9.0.0),R,SVN,GGX_NGDP,A,2027,49.538307,0,,3,,,,G2M,,,,,S13,,,,,,,PT,,,OL,9/25/2025
dataflow,IMF.RES:WEO(9.0.0),R,SVN,GGX_NGDP,A,2028,49.634213,0,,3,,,,G2M,,,,,S13,,,,,,,PT,,,OL,9/25/2025
dataflow,IMF.RES:WEO(9.0.0),R,SVN,GGX_NGDP,A,2029,49.39981,0,,3,,,,G2M,,,,,S13,,,,,,,PT,,,OL,9/25/2025
dataflow,IMF.RES:WEO(9.0.0),R,SVN,GGX_NGDP,A,2030,49.442752,0,,3,,,,G2M,,,,,S13,,,,,,,PT,,,OL,9/25/2025
dataflow,IMF.RES:WEO(9.0.0),R,SVN,GGX_NGDP,A,2031,49.45446,0,,3,,,,G2M,,,,,S13,,,,,,,PT,,,OL,9/25/2025
dataflow,IMF.RES:WEO(9.0.0),R,SVN,LE,A,2026,1103047,6,,3,,,,,,,,E,,,,,,,,,,,OL,9/25/2025
dataflow,IMF.RES:WEO(9.0.0),R,SVN,LE,A,2027,1104304,6,,3,,,,,,,,E,,,,,,,,,,,OL,9/25/2025
dataflow,IMF.RES:WEO(9.0.0),R,SVN,LP,A,2026,2134675,6,,3,,,,,,,,POP,,,,,,,,,,,OL,9/25/2025
dataflow,IMF.RES:WEO(9.0.0),R,SVN,LP,A,2027,2137370,6,,3,,,,,,,,POP,,,,,,,,,,,OL,9/25/2025
dataflow,IMF.RES:WEO(9.0.0),R,SVN,LP,A,2028,2138928,6,,3,,,,,,,,POP,,,,,,,,,,,OL,9/25/2025
dataflow,IMF.RES:WEO(9.0.0),R,SVN,LP,A,2029,2139509,6,,3,,,,,,,,POP,,,,,,,,,,,OL,9/25/2025
dataflow,IMF.RES:WEO(9.0.0),R,SVN,LP,A,2030,2139988,6,,3,,,,,,,,POP,,,,,,,,,,,OL,9/25/2025
dataflow,IMF.RES:WEO(9.0.0),R,SVN,LP,A,2031,2140376,6,,3,,,,,,,,POP,,,,,,,,,,,OL,9/25/2025
dataflow,IMF.RES:WEO(9.0.0),R,SVN,LUR,A,2026,3.932462,0,,3,,,,,,,,U,,,,,RT,,,,,,OL,9/25/2025
dataflow,IMF.RES:WEO(9.0.0),R,SVN,LUR,A,2027,3.946281,0,,3,,,,,,,,U,,,,,RT,,,,,,OL,9/25/2025
dataflow,IMF.RES:WEO(9.0.0),R,SVN,LUR,A,2028,3.980664,0,,3,,,,,,,,U,,,,,RT,,,,,,OL,9/25/2025
dataflow,IMF.RES:WEO(9.0.0),R,SVN,LUR,A,2029,4.000908,0,,3,,,,,,,,U,,,,,RT,,,,,,OL,9/25/2025
dataflow,IMF.RES:WEO(9.0.0),R,SVN,LUR,A,2030,4.020668,0,,3,,,,,,,,U,,,,,RT,,,,,,OL,9/25/2025
dataflow,IMF.RES:WEO(9.0.0),R,SVN,LUR,A,2031,4.067289,0,,3,,,,,,,,U,,,,,RT,,,,,,OL,9/25/2025
dataflow,IMF.RES:WEO(9.0.0),R,SVN,NGAP_NPGDP,A,2026,-0.062537,0,,3,,,P1GAP,,,,,,,,,,,,,PT,,,OL,9/25/2025
dataflow,IMF.RES:WEO(9.0.0),R,SVN,NGAP_NPGDP,A,2027,-0.104248,0,,3,,,P1GAP,,,,,,,,,,,,,PT,,,OL,9/25/2025
dataflow,IMF.RES:WEO(9.0.0),R,SVN,NGDP,A,2026,73550360000,9,,3,,,B1GQ,,,,,,,,,V,,,,XDC,,,OL,9/25/2025
dataflow,IMF.RES:WEO(9.0.0),R,SVN,NGDP,A,2027,76650579000,9,,3,,,B1GQ,,,,,,,,,V,,,,XDC,,,OL,9/25/2025
dataflow,IMF.RES:WEO(9.0.0),R,SVN,NGDP,A,2028,80190904000,9,,3,,,B1GQ,,,,,,,,,V,,,,XDC,,,OL,9/25/2025
dataflow,IMF.RES:WEO(9.0.0),R,SVN,NGDP,A,2029,83744134000,9,,3,,,B1GQ,,,,,,,,,V,,,,XDC,,,OL,9/25/2025
dataflow,IMF.RES:WEO(9.0.0),R,SVN,NGDP,A,2030,87390478000,9,,3,,,B1GQ,,,,,,,,,V,,,,XDC,,,OL,9/25/2025
dataflow,IMF.RES:WEO(9.0.0),R,SVN,NGDP,A,2031,91137253000,9,,3,,,B1GQ,,,,,,,,,V,,,,XDC,,,OL,9/25/2025
dataflow,IMF.RES:WEO(9.0.0),R,SVN,NGDPD,A,2026,86731971000,9,,3,,,B1GQ,,,,,,,,,V,,,,USD,,,OL,9/25/2025
dataflow,IMF.RES:WEO(9.0.0),R,SVN,NGDPD,A,2027,90179739000,9,,3,,,B1GQ,,,,,,,,,V,,,,USD,,,OL,9/25/2025
dataflow,IMF.RES:WEO(9.0.0),R,SVN,NGDPD,A,2028,94089888000,9,,3,,,B1GQ,,,,,,,,,V,,,,USD,,,OL,9/25/2025
dataflow,IMF.RES:WEO(9.0.0),R,SVN,NGDPD,A,2029,98206895000,9,,3,,,B1GQ,,,,,,,,,V,,,,USD,,,OL,9/25/2025
dataflow,IMF.RES:WEO(9.0.0),R,SVN,NGDPD,A,2030,102466933000,9,,3,,,B1GQ,,,,,,,,,V,,,,USD,,,OL,9/25/2025
dataflow,IMF.RES:WEO(9.0.0),R,SVN,NGDPD,A,2031,106842494000,9,,3,,,B1GQ,,,,,,,,,V,,,,USD,,,OL,9/25/2025
dataflow,IMF.RES:WEO(9.0.0),R,SVN,NGDPDPC,A,2026,40630.0548,0,,3,,,B1GQ,,,,,,,,,V,,,,USD,,,OL,9/25/2025
dataflow,IMF.RES:WEO(9.0.0),R,SVN,NGDPDPC,A,2027,42191.927301,0,,3,,,B1GQ,,,,,,,,,V,,,,USD,,,OL,9/25/2025
dataflow,IMF.RES:WEO(9.0.0),R,SVN,NGDPDPC,A,2028,43989.276814,0,,3,,,B1GQ,,,,,,,,,V,,,,USD,,,OL,9/25/2025
dataflow,IMF.RES:WEO(9.0.0),R,SVN,NGDPDPC,A,2029,45901.597346,0,,3,,,B1GQ,,,,,,,,,V,,,,USD,,,OL,9/25/2025
dataflow,IMF.RES:WEO(9.0.0),R,SVN,NGDPDPC,A,2030,47882.019331,0,,3,,,B1GQ,,,,,,,,,V,,,,USD,,,OL,9/25/2025
dataflow,IMF.RES:WEO(9.0.0),R,SVN,NGDPDPC,A,2031,49917.627664,0,,3,,,B1GQ,,,,,,,,,V,,,,USD,,,OL,9/25/2025
dataflow,IMF.RES:WEO(9.0.0),R,SVN,NGDPPC,A,2026,34455.058709,0,,3,,,B1GQ,,,,,,,,,V,,,,XDC,,,OL,9/25/2025
dataflow,IMF.RES:WEO(9.0.0),R,SVN,NGDPPC,A,2027,35862.109348,0,,3,,,B1GQ,,,,,,,,,V,,,,XDC,,,OL,9/25/2025
dataflow,IMF.RES:WEO(9.0.0),R,SVN,NGDPPC,A,2028,37491.168998,0,,3,,,B1GQ,,,,,,,,,V,,,,XDC,,,OL,9/25/2025
dataflow,IMF.RES:WEO(9.0.0),R,SVN,NGDPPC,A,2029,39141.748161,0,,3,,,B1GQ,,,,,,,,,V,,,,XDC,,,OL,9/25/2025
dataflow,IMF.RES:WEO(9.0.0),R,SVN,NGDPPC,A,2030,40836.906267,0,,3,,,B1GQ,,,,,,,,,V,,,,XDC,,,OL,9/25/2025
dataflow,IMF.RES:WEO(9.0.0),R,SVN,NGDPPC,A,2031,42580.019154,0,,3,,,B1GQ,,,,,,,,,V,,,,XDC,,,OL,9/25/2025
dataflow,IMF.RES:WEO(9.0.0),R,SVN,NGDPRPC,A,2026,23110.313625,0,,3,,,B1GQ,,,,,,,,,Q,,,,XDC,,,OL,9/25/2025
dataflow,IMF.RES:WEO(9.0.0),R,SVN,NGDPRPC,A,2027,23565.886604,0,,3,,,B1GQ,,,,,,,,,Q,,,,XDC,,,OL,9/25/2025
dataflow,IMF.RES:WEO(9.0.0),R,SVN,NGDPRPC,A,2028,24066.789477,0,,3,,,B1GQ,,,,,,,,,Q,,,,XDC,,,OL,9/25/2025
dataflow,IMF.RES:WEO(9.0.0),R,SVN,NGDPRPC,A,2029,24565.513655,0,,3,,,B1GQ,,,,,,,,,Q,,,,XDC,,,OL,9/25/2025
dataflow,IMF.RES:WEO(9.0.0),R,SVN,NGDPRPC,A,2030,25075.782387,0,,3,,,B1GQ,,,,,,,,,Q,,,,XDC,,,OL,9/25/2025
dataflow,IMF.RES:WEO(9.0.0),R,SVN,NGDPRPC,A,2031,25597.728788,0,,3,,,B1GQ,,,,,,,,,Q,,,,XDC,,,OL,9/25/2025
dataflow,IMF.RES:WEO(9.0.0),R,SVN,NGDPRPPPPC,A,2026,50378.656276,0,,3,,,B1GQ,,,,,,,,,Q,,,,,,,OL,9/25/2025
dataflow,IMF.RES:WEO(9.0.0),R,SVN,NGDPRPPPPC,A,2027,51371.769346,0,,3,,,B1GQ,,,,,,,,,Q,,,,,,,OL,9/25/2025
dataflow,IMF.RES:WEO(9.0.0),R,SVN,NGDPRPPPPC,A,2028,52463.698001,0,,3,,,B1GQ,,,,,,,,,Q,,,,,,,OL,9/25/2025
dataflow,IMF.RES:WEO(9.0.0),R,SVN,NGDPRPPPPC,A,2029,53550.877274,0,,3,,,B1GQ,,,,,,,,,Q,,,,,,,OL,9/25/2025
dataflow,IMF.RES:WEO(9.0.0),R,SVN,NGDPRPPPPC,A,2030,54663.22276,0,,3,,,B1GQ,,,,,,,,,Q,,,,,,,OL,9/25/2025
dataflow,IMF.RES:WEO(9.0.0),R,SVN,NGDPRPPPPC,A,2031,55801.024641,0,,3,,,B1GQ,,,,,,,,,Q,,,,,,,OL,9/25/2025
dataflow,IMF.RES:WEO(9.0.0),R,SVN,NGDP_D,A,2026,149.089533,0,,3,,,B1GQ,,,,,,,,PD,,,,,IX,,,OL,9/25/2025
dataflow,IMF.RES:WEO(9.0.0),R,SVN,NGDP_D,A,2027,152.178061,0,,3,,,B1GQ,,,,,,,,PD,,,,,IX,,,OL,9/25/2025
dataflow,IMF.RES:WEO(9.0.0),R,SVN,NGDP_D,A,2028,155.779686,0,,3,,,B1GQ,,,,,,,,PD,,,,,IX,,,OL,9/25/2025
dataflow,IMF.RES:WEO(9.0.0),R,SVN,NGDP_D,A,2029,159.336168,0,,3,,,B1GQ,,,,,,,,PD,,,,,IX,,,OL,9/25/2025
dataflow,IMF.RES:WEO(9.0.0),R,SVN,NGDP_D,A,2030,162.853967,0,,3,,,B1GQ,,,,,,,,PD,,,,,IX,,,OL,9/25/2025
dataflow,IMF.RES:WEO(9.0.0),R,SVN,NGDP_D,A,2031,166.342958,0,,3,,,B1GQ,,,,,,,,PD,,,,,IX,,,OL,9/25/2025
dataflow,IMF.RES:WEO(9.0.0),R,SVN,NGDP_FY,A,2026,73550360000,9,,3,,,B1GQ,,,,,,,,,V,,,,XDC,,,OL,9/25/2025
dataflow,IMF.RES:WEO(9.0.0),R,SVN,NGDP_FY,A,2027,76650579000,9,,3,,,B1GQ,,,,,,,,,V,,,,XDC,,,OL,9/25/2025
dataflow,IMF.RES:WEO(9.0.0),R,SVN,NGDP_FY,A,2028,80190904000,9,,3,,,B1GQ,,,,,,,,,V,,,,XDC,,,OL,9/25/2025
dataflow,IMF.RES:WEO(9.0.0),R,SVN,NGDP_FY,A,2029,83744134000,9,,3,,,B1GQ,,,,,,,,,V,,,,XDC,,,OL,9/25/2025
dataflow,IMF.RES:WEO(9.0.0),R,SVN,NGDP_FY,A,2030,87390478000,9,,3,,,B1GQ,,,,,,,,,V,,,,XDC,,,OL,9/25/2025
dataflow,IMF.RES:WEO(9.0.0),R,SVN,NGDP_FY,A,2031,91137253000,9,,3,,,B1GQ,,,,,,,,,V,,,,XDC,,,OL,9/25/2025
dataflow,IMF.RES:WEO(9.0.0),R,SVN,NGDP_R,A,2026,49333014000,9,,3,,,B1GQ,,,,,,,,,Q,,,,XDC,,,OL,9/25/2025
dataflow,IMF.RES:WEO(9.0.0),R,SVN,NGDP_R,A,2027,50369007000,9,,3,,,B1GQ,,,,,,,,,Q,,,,XDC,,,OL,9/25/2025
dataflow,IMF.RES:WEO(9.0.0),R,SVN,NGDP_R,A,2028,51477125000,9,,3,,,B1GQ,,,,,,,,,Q,,,,XDC,,,OL,9/25/2025
dataflow,IMF.RES:WEO(9.0.0),R,SVN,NGDP_R,A,2029,52558145000,9,,3,,,B1GQ,,,,,,,,,Q,,,,XDC,,,OL,9/25/2025
dataflow,IMF.RES:WEO(9.0.0),R,SVN,NGDP_R,A,2030,53661866000,9,,3,,,B1GQ,,,,,,,,,Q,,,,XDC,,,OL,9/25/2025
dataflow,IMF.RES:WEO(9.0.0),R,SVN,NGDP_R,A,2031,54788765000,9,,3,,,B1GQ,,,,,,,,,Q,,,,XDC,,,OL,9/25/2025
dataflow,IMF.RES:WEO(9.0.0),R,SVN,NGDP_RPCH,A,2026,2,0,,3,,,B1GQ,,,,,,,,,Q,,,,PT,,,OL,9/25/2025
dataflow,IMF.RES:WEO(9.0.0),R,SVN,NGDP_RPCH,A,2027,2.1,0,,3,,,B1GQ,,,,,,,,,Q,,,,PT,,,OL,9/25/2025
dataflow,IMF.RES:WEO(9.0.0),R,SVN,NGDP_RPCH,A,2028,2.2,0,,3,,,B1GQ,,,,,,,,,Q,,,,PT,,,OL,9/25/2025
dataflow,IMF.RES:WEO(9.0.0),R,SVN,NGDP_RPCH,A,2029,2.1,0,,3,,,B1GQ,,,,,,,,,Q,,,,PT,,,OL,9/25/2025
dataflow,IMF.RES:WEO(9.0.0),R,SVN,NGDP_RPCH,A,2030,2.1,0,,3,,,B1GQ,,,,,,,,,Q,,,,PT,,,OL,9/25/2025
dataflow,IMF.RES:WEO(9.0.0),R,SVN,NGDP_RPCH,A,2031,2.1,0,,3,,,B1GQ,,,,,,,,,Q,,,,PT,,,OL,9/25/2025
dataflow,IMF.RES:WEO(9.0.0),R,SVN,NGSD_NGDP,A,2026,24.866308,0,,3,,,B8GNAT,,,,,,,,,,,,,PT,,,OL,9/25/2025
dataflow,IMF.RES:WEO(9.0.0),R,SVN,NGSD_NGDP,A,2027,24.506939,0,,3,,,B8GNAT,,,,,,,,,,,,,PT,,,OL,9/25/2025
dataflow,IMF.RES:WEO(9.0.0),R,SVN,NGSD_NGDP,A,2028,24.466488,0,,3,,,B8GNAT,,,,,,,,,,,,,PT,,,OL,9/25/2025
dataflow,IMF.RES:WEO(9.0.0),R,SVN,NGSD_NGDP,A,2029,24.483401,0,,3,,,B8GNAT,,,,,,,,,,,,,PT,,,OL,9/25/2025
dataflow,IMF.RES:WEO(9.0.0),R,SVN,NGSD_NGDP,A,2030,24.510547,0,,3,,,B8GNAT,,,,,,,,,,,,,PT,,,OL,9/25/2025
dataflow,IMF.RES:WEO(9.0.0),R,SVN,NGSD_NGDP,A,2031,24.530006,0,,3,,,B8GNAT,,,,,,,,,,,,,PT,,,OL,9/25/2025
dataflow,IMF.RES:WEO(9.0.0),R,SVN,NID_NGDP,A,2026,21.811691,0,,3,,,P5,,,,,,,,,,,,,PT,,,OL,9/25/2025
dataflow,IMF.RES:WEO(9.0.0),R,SVN,NID_NGDP,A,2027,21.837029,0,,3,,,P5,,,,,,,,,,,,,PT,,,OL,9/25/2025
dataflow,IMF.RES:WEO(9.0.0),R,SVN,NID_NGDP,A,2028,21.702014,0,,3,,,P5,,,,,,,,,,,,,PT,,,OL,9/25/2025
dataflow,IMF.RES:WEO(9.0.0),R,SVN,NID_NGDP,A,2029,21.724128,0,,3,,,P5,,,,,,,,,,,,,PT,,,OL,9/25/2025
dataflow,IMF.RES:WEO(9.0.0),R,SVN,NID_NGDP,A,2030,21.785871,0,,3,,,P5,,,,,,,,,,,,,PT,,,OL,9/25/2025
dataflow,IMF.RES:WEO(9.0.0),R,SVN,NID_NGDP,A,2031,21.822728,0,,3,,,P5,,,,,,,,,,,,,PT,,,OL,9/25/2025
dataflow,IMF.RES:WEO(9.0.0),R,SVN,PCPI,A,2026,102.94272,0,,3,,,,,,,,,,,CPI,,,,,IX,,,OL,9/25/2025
dataflow,IMF.RES:WEO(9.0.0),R,SVN,PCPI,A,2027,105.090307,0,,3,,,,,,,,,,,CPI,,,,,IX,,,OL,9/25/2025
dataflow,IMF.RES:WEO(9.0.0),R,SVN,PCPI,A,2028,107.488214,0,,3,,,,,,,,,,,CPI,,,,,IX,,,OL,9/25/2025
dataflow,IMF.RES:WEO(9.0.0),R,SVN,PCPI,A,2029,109.741469,0,,3,,,,,,,,,,,CPI,,,,,IX,,,OL,9/25/2025
dataflow,IMF.RES:WEO(9.0.0),R,SVN,PCPI,A,2030,112.041957,0,,3,,,,,,,,,,,CPI,,,,,IX,,,OL,9/25/2025
dataflow,IMF.RES:WEO(9.0.0),R,SVN,PCPI,A,2031,114.390671,0,,3,,,,,,,,,,,CPI,,,,,IX,,,OL,9/25/2025
dataflow,IMF.RES:WEO(9.0.0),R,SVN,PCPIE,A,2026,103.749317,0,,3,,,,,,,,,,,CPI,,,,,IX,,,OL,9/25/2025
dataflow,IMF.RES:WEO(9.0.0),R,SVN,PCPIE,A,2027,105.935258,0,,3,,,,,,,,,,,CPI,,,,,IX,,,OL,9/25/2025
dataflow,IMF.RES:WEO(9.0.0),R,SVN,PCPIE,A,2028,108.263168,0,,3,,,,,,,,,,,CPI,,,,,IX,,,OL,9/25/2025
dataflow,IMF.RES:WEO(9.0.0),R,SVN,PCPIE,A,2029,110.532668,0,,3,,,,,,,,,,,CPI,,,,,IX,,,OL,9/25/2025
dataflow,IMF.RES:WEO(9.0.0),R,SVN,PCPIE,A,2030,112.849743,0,,3,,,,,,,,,,,CPI,,,,,IX,,,OL,9/25/2025
dataflow,IMF.RES:WEO(9.0.0),R,SVN,PCPIE,A,2031,115.215389,0,,3,,,,,,,,,,,CPI,,,,,IX,,,OL,9/25/2025
dataflow,IMF.RES:WEO(9.0.0),R,SVN,PCPIEPCH,A,2026,2.895286,0,,3,,,,,,,,,,,CPI,,,,,PT,,,OL,9/25/2025
dataflow,IMF.RES:WEO(9.0.0),R,SVN,PCPIEPCH,A,2027,2.106945,0,,3,,,,,,,,,,,CPI,,,,,PT,,,OL,9/25/2025
dataflow,IMF.RES:WEO(9.0.0),R,SVN,PCPIEPCH,A,2028,2.197484,0,,3,,,,,,,,,,,CPI,,,,,PT,,,OL,9/25/2025
dataflow,IMF.RES:WEO(9.0.0),R,SVN,PCPIEPCH,A,2029,2.09628,0,,3,,,,,,,,,,,CPI,,,,,PT,,,OL,9/25/2025
dataflow,IMF.RES:WEO(9.0.0),R,SVN,PCPIEPCH,A,2030,2.09628,0,,3,,,,,,,,,,,CPI,,,,,PT,,,OL,9/25/2025
dataflow,IMF.RES:WEO(9.0.0),R,SVN,PCPIEPCH,A,2031,2.09628,0,,3,,,,,,,,,,,CPI,,,,,PT,,,OL,9/25/2025
dataflow,IMF.RES:WEO(9.0.0),R,SVN,PCPIPCH,A,2026,2.943578,0,,3,,,,,,,,,,,CPI,,,,,PT,,,OL,9/25/2025
dataflow,IMF.RES:WEO(9.0.0),R,SVN,PCPIPCH,A,2027,2.086196,0,,3,,,,,,,,,,,CPI,,,,,PT,,,OL,9/25/2025
dataflow,IMF.RES:WEO(9.0.0),R,SVN,PCPIPCH,A,2028,2.281759,0,,3,,,,,,,,,,,CPI,,,,,PT,,,OL,9/25/2025
dataflow,IMF.RES:WEO(9.0.0),R,SVN,PCPIPCH,A,2029,2.09628,0,,3,,,,,,,,,,,CPI,,,,,PT,,,OL,9/25/2025
dataflow,IMF.RES:WEO(9.0.0),R,SVN,PCPIPCH,A,2030,2.09628,0,,3,,,,,,,,,,,CPI,,,,,PT,,,OL,9/25/2025
dataflow,IMF.RES:WEO(9.0.0),R,SVN,PCPIPCH,A,2031,2.09628,0,,3,,,,,,,,,,,CPI,,,,,PT,,,OL,9/25/2025
dataflow,IMF.RES:WEO(9.0.0),R,SVN,PPPEX,A,2026,0.567966,0,,3,,,,,,,,,,,,,RT,XDC_PU,,,,,OL,9/25/2025
dataflow,IMF.RES:WEO(9.0.0),R,SVN,PPPEX,A,2027,0.567275,0,,3,,,,,,,,,,,,,RT,XDC_PU,,,,,OL,9/25/2025
dataflow,IMF.RES:WEO(9.0.0),R,SVN,PPPEX,A,2028,0.571323,0,,3,,,,,,,,,,,,,RT,XDC_PU,,,,,OL,9/25/2025
dataflow,IMF.RES:WEO(9.0.0),R,SVN,PPPEX,A,2029,0.574158,0,,3,,,,,,,,,,,,,RT,XDC_PU,,,,,OL,9/25/2025
dataflow,IMF.RES:WEO(9.0.0),R,SVN,PPPEX,A,2030,0.576245,0,,3,,,,,,,,,,,,,RT,XDC_PU,,,,,OL,9/25/2025
dataflow,IMF.RES:WEO(9.0.0),R,SVN,PPPEX,A,2031,0.578153,0,,3,,,,,,,,,,,,,RT,XDC_PU,,,,,OL,9/25/2025
dataflow,IMF.RES:WEO(9.0.0),R,SVN,PPPGDP,A,2026,129497805000,9,,3,,,B1GQ,,,,,,,,,V,,,,,,,OL,9/25/2025
dataflow,IMF.RES:WEO(9.0.0),R,SVN,PPPGDP,A,2027,135120621000,9,,3,,,B1GQ,,,,,,,,,V,,,,,,,OL,9/25/2025
dataflow,IMF.RES:WEO(9.0.0),R,SVN,PPPGDP,A,2028,140359924000,9,,3,,,B1GQ,,,,,,,,,V,,,,,,,OL,9/25/2025
dataflow,IMF.RES:WEO(9.0.0),R,SVN,PPPGDP,A,2029,145855645000,9,,3,,,B1GQ,,,,,,,,,V,,,,,,,OL,9/25/2025
dataflow,IMF.RES:WEO(9.0.0),R,SVN,PPPGDP,A,2030,151655033000,9,,3,,,B1GQ,,,,,,,,,V,,,,,,,OL,9/25/2025
dataflow,IMF.RES:WEO(9.0.0),R,SVN,PPPGDP,A,2031,157635114000,9,,3,,,B1GQ,,,,,,,,,V,,,,,,,OL,9/25/2025
dataflow,IMF.RES:WEO(9.0.0),R,SVN,PPPPC,A,2026,60663.937778,0,,3,,,B1GQ,,,,,,,,,,,,,,,,OL,9/25/2025
dataflow,IMF.RES:WEO(9.0.0),R,SVN,PPPPC,A,2027,63218.185021,0,,3,,,B1GQ,,,,,,,,,,,,,,,,OL,9/25/2025
dataflow,IMF.RES:WEO(9.0.0),R,SVN,PPPPC,A,2028,65621.627384,0,,3,,,B1GQ,,,,,,,,,,,,,,,,OL,9/25/2025
dataflow,IMF.RES:WEO(9.0.0),R,SVN,PPPPC,A,2029,68172.475199,0,,3,,,B1GQ,,,,,,,,,,,,,,,,OL,9/25/2025
dataflow,IMF.RES:WEO(9.0.0),R,SVN,PPPPC,A,2030,70867.244918,0,,3,,,B1GQ,,,,,,,,,,,,,,,,OL,9/25/2025
dataflow,IMF.RES:WEO(9.0.0),R,SVN,PPPPC,A,2031,73648.32701,0,,3,,,B1GQ,,,,,,,,,,,,,,,,OL,9/25/2025
dataflow,IMF.RES:WEO(9.0.0),R,SVN,PPPSH,A,2026,0.058133,0,,3,,,B1GQ,,,,,,,,,,,,,PT,,,OL,9/25/2025
dataflow,IMF.RES:WEO(9.0.0),R,SVN,PPPSH,A,2027,0.057519,0,,3,,,B1GQ,,,,,,,,,,,,,PT,,,OL,9/25/2025
dataflow,IMF.RES:WEO(9.0.0),R,SVN,PPPSH,A,2028,0.056956,0,,3,,,B1GQ,,,,,,,,,,,,,PT,,,OL,9/25/2025
dataflow,IMF.RES:WEO(9.0.0),R,SVN,PPPSH,A,2029,0.056388,0,,3,,,B1GQ,,,,,,,,,,,,,PT,,,OL,9/25/2025
dataflow,IMF.RES:WEO(9.0.0),R,SVN,PPPSH,A,2030,0.055871,0,,3,,,B1GQ,,,,,,,,,,,,,PT,,,OL,9/25/2025
dataflow,IMF.RES:WEO(9.0.0),R,SVN,PPPSH,A,2031,0.05536,0,,3,,,B1GQ,,,,,,,,,,,,,PT,,,OL,9/25/2025
dataflow,IMF.RES:WEO(9.0.0),R,SVN,TMG_RPCH,A,2026,2.45,0,,3,,,,,,MG,,,,,,VL,,,,PT,,,OL,9/25/2025
dataflow,IMF.RES:WEO(9.0.0),R,SVN,TMG_RPCH,A,2027,3.11,0,,3,,,,,,MG,,,,,,VL,,,,PT,,,OL,9/25/2025
dataflow,IMF.RES:WEO(9.0.0),R,SVN,TMG_RPCH,A,2028,3.52,0,,3,,,,,,MG,,,,,,VL,,,,PT,,,OL,9/25/2025
dataflow,IMF.RES:WEO(9.0.0),R,SVN,TMG_RPCH,A,2029,3.36,0,,3,,,,,,MG,,,,,,VL,,,,PT,,,OL,9/25/2025
dataflow,IMF.RES:WEO(9.0.0),R,SVN,TMG_RPCH,A,2030,3.36,0,,3,,,,,,MG,,,,,,VL,,,,PT,,,OL,9/25/2025
dataflow,IMF.RES:WEO(9.0.0),R,SVN,TMG_RPCH,A,2031,3.36,0,,3,,,,,,MG,,,,,,VL,,,,PT,,,OL,9/25/2025
dataflow,IMF.RES:WEO(9.0.0),R,SVN,TM_RPCH,A,2026,2.572657,0,,3,,,,,,MGS,,,,,,VL,,,,PT,,,OL,9/25/2025
dataflow,IMF.RES:WEO(9.0.0),R,SVN,TM_RPCH,A,2027,3.208705,0,,3,,,,,,MGS,,,,,,VL,,,,PT,,,OL,9/25/2025
dataflow,IMF.RES:WEO(9.0.0),R,SVN,TM_RPCH,A,2028,3.620821,0,,3,,,,,,MGS,,,,,,VL,,,,PT,,,OL,9/25/2025
dataflow,IMF.RES:WEO(9.0.0),R,SVN,TM_RPCH,A,2029,3.459691,0,,3,,,,,,MGS,,,,,,VL,,,,PT,,,OL,9/25/2025
dataflow,IMF.RES:WEO(9.0.0),R,SVN,TM_RPCH,A,2030,3.460183,0,,3,,,,,,MGS,,,,,,VL,,,,PT,,,OL,9/25/2025
dataflow,IMF.RES:WEO(9.0.0),R,SVN,TM_RPCH,A,2031,3.460677,0,,3,,,,,,MGS,,,,,,VL,,,,PT,,,OL,9/25/2025
dataflow,IMF.RES:WEO(9.0.0),R,SVN,TXG_RPCH,A,2026,2.628987,0,,3,,,,,,XG,,,,,,VL,,,,PT,,,OL,9/25/2025
dataflow,IMF.RES:WEO(9.0.0),R,SVN,TXG_RPCH,A,2027,3.220638,0,,3,,,,,,XG,,,,,,VL,,,,PT,,,OL,9/25/2025
dataflow,IMF.RES:WEO(9.0.0),R,SVN,TXG_RPCH,A,2028,3.514553,0,,3,,,,,,XG,,,,,,VL,,,,PT,,,OL,9/25/2025
dataflow,IMF.RES:WEO(9.0.0),R,SVN,TXG_RPCH,A,2029,3.241188,0,,3,,,,,,XG,,,,,,VL,,,,PT,,,OL,9/25/2025
dataflow,IMF.RES:WEO(9.0.0),R,SVN,TXG_RPCH,A,2030,3.142329,0,,3,,,,,,XG,,,,,,VL,,,,PT,,,OL,9/25/2025
dataflow,IMF.RES:WEO(9.0.0),R,SVN,TXG_RPCH,A,2031,3.25579,0,,3,,,,,,XG,,,,,,VL,,,,PT,,,OL,9/25/2025
dataflow,IMF.RES:WEO(9.0.0),R,SVN,TX_RPCH,A,2026,2.490671,0,,3,,,,,,XGS,,,,,,VL,,,,PT,,,OL,9/25/2025
dataflow,IMF.RES:WEO(9.0.0),R,SVN,TX_RPCH,A,2027,3.316894,0,,3,,,,,,XGS,,,,,,VL,,,,PT,,,OL,9/25/2025
dataflow,IMF.RES:WEO(9.0.0),R,SVN,TX_RPCH,A,2028,3.598136,0,,3,,,,,,XGS,,,,,,VL,,,,PT,,,OL,9/25/2025
dataflow,IMF.RES:WEO(9.0.0),R,SVN,TX_RPCH,A,2029,3.319729,0,,3,,,,,,XGS,,,,,,VL,,,,PT,,,OL,9/25/2025
dataflow,IMF.RES:WEO(9.0.0),R,SVN,TX_RPCH,A,2030,3.314385,0,,3,,,,,,XGS,,,,,,VL,,,,PT,,,OL,9/25/2025
dataflow,IMF.RES:WEO(9.0.0),R,SVN,TX_RPCH,A,2031,3.376156,0,,3,,,,,,XGS,,,,,,VL,,,,PT,,,OL,9/25/2025