dataflow,IMF.RES:WEO(9.0.0),R,SWE,BCA,A,2026,39958159000,9,,3,,CAB,,,,,,,,,,,,,,USD,,,OL,9/24/2025
dataflow,IMF.RES:WEO(9.0.0),R,SWE,BCA,A,2027,37731004000,9,,3,,CAB,,,,,,,,,,,,,,USD,,,OL,9/24/2025
dataflow,IMF.RES:WEO(9.0.0),R,SWE,BCA,A,2028,38677969000,9,,3,,CAB,,,,,,,,,,,,,,USD,,,OL,9/24/2025
dataflow,IMF.RES:WEO(9.0.0),R,SWE,BCA,A,2029,40610229000,9,,3,,CAB,,,,,,,,,,,,,,USD,,,OL,9/24/2025
dataflow,IMF.RES:WEO(9.0.0),R,SWE,BCA,A,2030,43144850000,9,,3,,CAB,,,,,,,,,,,,,,USD,,,OL,9/24/2025
dataflow,IMF.RES:WEO(9.0.0),R,SWE,BCA,A,2031,45844873000,9,,3,,CAB,,,,,,,,,,,,,,USD,,,OL,9/24/2025
dataflow,IMF.RES:WEO(9.0.0),R,SWE,BCA_NGDPD,A,2026,5.254329,0,,3,,CAB,,,,,,,,,,,,,,PT,,,OL,9/24/2025
dataflow,IMF.RES:WEO(9.0.0),R,SWE,BCA_NGDPD,A,2027,4.748607,0,,3,,CAB,,,,,,,,,,,,,,PT,,,OL,9/24/2025
dataflow,IMF.RES:WEO(9.0.0),R,SWE,BCA_NGDPD,A,2028,4.636056,0,,3,,CAB,,,,,,,,,,,,,,PT,,,OL,9/24/2025
dataflow,IMF.RES:WEO(9.0.0),R,SWE,BCA_NGDPD,A,2029,4.662921,0,,3,,CAB,,,,,,,,,,,,,,PT,,,OL,9/24/2025
dataflow,IMF.RES:WEO(9.0.0),R,SWE,BCA_NGDPD,A,2030,4.741774,0,,3,,CAB,,,,,,,,,,,,,,PT,,,OL,9/24/2025
dataflow,IMF.RES:WEO(9.0.0),R,SWE,BCA_NGDPD,A,2031,4.831946,0,,3,,CAB,,,,,,,,,,,,,,PT,,,OL,9/24/2025
dataflow,IMF.RES:WEO(9.0.0),R,SWE,GGR,A,2026,3220160849000,9,,3,,,,G1,,,,,S13,,,,,,,XDC,,,OL,9/24/2025
dataflow,IMF.RES:WEO(9.0.0),R,SWE,GGR,A,2027,3350729844000,9,,3,,,,G1,,,,,S13,,,,,,,XDC,,,OL,9/24/2025
dataflow,IMF.RES:WEO(9.0.0),R,SWE,GGR,A,2028,3568830114000,9,,3,,,,G1,,,,,S13,,,,,,,XDC,,,OL,9/24/2025
dataflow,IMF.RES:WEO(9.0.0),R,SWE,GGR,A,2029,3716543362000,9,,3,,,,G1,,,,,S13,,,,,,,XDC,,,OL,9/24/2025
dataflow,IMF.RES:WEO(9.0.0),R,SWE,GGR,A,2030,3873871484000,9,,3,,,,G1,,,,,S13,,,,,,,XDC,,,OL,9/24/2025
dataflow,IMF.RES:WEO(9.0.0),R,SWE,GGR,A,2031,4033669044000,9,,3,,,,G1,,,,,S13,,,,,,,XDC,,,OL,9/24/2025
dataflow,IMF.RES:WEO(9.0.0),R,SWE,GGR_NGDP,A,2026,47,0,,3,,,,G1,,,,,S13,,,,,,,PT,,,OL,9/24/2025
dataflow,IMF.RES:WEO(9.0.0),R,SWE,GGR_NGDP,A,2027,47,0,,3,,,,G1,,,,,S13,,,,,,,PT,,,OL,9/24/2025
dataflow,IMF.RES:WEO(9.0.0),R,SWE,GGR_NGDP,A,2028,47.8,0,,3,,,,G1,,,,,S13,,,,,,,PT,,,OL,9/24/2025
dataflow,IMF.RES:WEO(9.0.0),R,SWE,GGR_NGDP,A,2029,47.8,0,,3,,,,G1,,,,,S13,,,,,,,PT,,,OL,9/24/2025
dataflow,IMF.RES:WEO(9.0.0),R,SWE,GGR_NGDP,A,2030,47.8,0,,3,,,,G1,,,,,S13,,,,,,,PT,,,OL,9/24/2025
dataflow,IMF.RES:WEO(9.0.0),R,SWE,GGR_NGDP,A,2031,47.8,0,,3,,,,G1,,,,,S13,,,,,,,PT,,,OL,9/24/2025
dataflow,IMF.RES:WEO(9.0.0),R,SWE,GGSB,A,2026,-141061145000,9,,3,,,,SB,,,,,S13,,,,,,,XDC,,,OL,9/24/2025
dataflow,IMF.RES:WEO(9.0.0),R,SWE,GGSB,A,2027,-111519953000,9,,3,,,,SB,,,,,S13,,,,,,,XDC,,,OL,9/24/2025
dataflow,IMF.RES:WEO(9.0.0),R,SWE,GGSB,A,2028,-78828979000,9,,3,,,,SB,,,,,S13,,,,,,,XDC,,,OL,9/24/2025
dataflow,IMF.RES:WEO(9.0.0),R,SWE,GGSB,A,2029,-38647381000,9,,3,,,,SB,,,,,S13,,,,,,,XDC,,,OL,9/24/2025
dataflow,IMF.RES:WEO(9.0.0),R,SWE,GGSB,A,2030,-43769649000,9,,3,,,,SB,,,,,S13,,,,,,,XDC,,,OL,9/24/2025
dataflow,IMF.RES:WEO(9.0.0),R,SWE,GGSB,A,2031,-47382292000,9,,3,,,,SB,,,,,S13,,,,,,,XDC,,,OL,9/24/2025
dataflow,IMF.RES:WEO(9.0.0),R,SWE,GGSB_NPGDP,A,2026,-2.04836,0,,3,,,,SB,,,,,S13,,,,,,,PT,,,OL,9/24/2025
dataflow,IMF.RES:WEO(9.0.0),R,SWE,GGSB_NPGDP,A,2027,-1.562861,0,,3,,,,SB,,,,,S13,,,,,,,PT,,,OL,9/24/2025
dataflow,IMF.RES:WEO(9.0.0),R,SWE,GGSB_NPGDP,A,2028,-1.060553,0,,3,,,,SB,,,,,S13,,,,,,,PT,,,OL,9/24/2025
dataflow,IMF.RES:WEO(9.0.0),R,SWE,GGSB_NPGDP,A,2029,-0.50034,0,,3,,,,SB,,,,,S13,,,,,,,PT,,,OL,9/24/2025
dataflow,IMF.RES:WEO(9.0.0),R,SWE,GGSB_NPGDP,A,2030,-0.543413,0,,3,,,,SB,,,,,S13,,,,,,,PT,,,OL,9/24/2025
dataflow,IMF.RES:WEO(9.0.0),R,SWE,GGSB_NPGDP,A,2031,-0.56429,0,,3,,,,SB,,,,,S13,,,,,,,PT,,,OL,9/24/2025
dataflow,IMF.RES:WEO(9.0.0),R,SWE,GGX,A,2026,3385831478000,9,,3,,,,G2M,,,,,S13,,,,,,,XDC,,,OL,9/24/2025
dataflow,IMF.RES:WEO(9.0.0),R,SWE,GGX,A,2027,3484034225000,9,,3,,,,G2M,,,,,S13,,,,,,,XDC,,,OL,9/24/2025
dataflow,IMF.RES:WEO(9.0.0),R,SWE,GGX,A,2028,3657754177000,9,,3,,,,G2M,,,,,S13,,,,,,,XDC,,,OL,9/24/2025
dataflow,IMF.RES:WEO(9.0.0),R,SWE,GGX,A,2029,3759147977000,9,,3,,,,G2M,,,,,S13,,,,,,,XDC,,,OL,9/24/2025
dataflow,IMF.RES:WEO(9.0.0),R,SWE,GGX,A,2030,3918279630000,9,,3,,,,G2M,,,,,S13,,,,,,,XDC,,,OL,9/24/2025
dataflow,IMF.RES:WEO(9.0.0),R,SWE,GGX,A,2031,4079909030000,9,,3,,,,G2M,,,,,S13,,,,,,,XDC,,,OL,9/24/2025
dataflow,IMF.RES:WEO(9.0.0),R,SWE,GGXCNL,A,2026,-165670629000,9,,3,,,,GNLB,,,,,S13,,,,,,,XDC,,,OL,9/24/2025
dataflow,IMF.RES:WEO(9.0.0),R,SWE,GGXCNL,A,2027,-133304381000,9,,3,,,,GNLB,,,,,S13,,,,,,,XDC,,,OL,9/24/2025
dataflow,IMF.RES:WEO(9.0.0),R,SWE,GGXCNL,A,2028,-88924063000,9,,3,,,,GNLB,,,,,S13,,,,,,,XDC,,,OL,9/24/2025
dataflow,IMF.RES:WEO(9.0.0),R,SWE,GGXCNL,A,2029,-42604614000,9,,3,,,,GNLB,,,,,S13,,,,,,,XDC,,,OL,9/24/2025
dataflow,IMF.RES:WEO(9.0.0),R,SWE,GGXCNL,A,2030,-44408146000,9,,3,,,,GNLB,,,,,S13,,,,,,,XDC,,,OL,9/24/2025
dataflow,IMF.RES:WEO(9.0.0),R,SWE,GGXCNL,A,2031,-46239986000,9,,3,,,,GNLB,,,,,S13,,,,,,,XDC,,,OL,9/24/2025
dataflow,IMF.RES:WEO(9.0.0),R,SWE,GGXCNL_NGDP,A,2026,-2.418053,0,,3,,,,GNLB,,,,,S13,,,,,,,PT,,,OL,9/24/2025
dataflow,IMF.RES:WEO(9.0.0),R,SWE,GGXCNL_NGDP,A,2027,-1.869833,0,,3,,,,GNLB,,,,,S13,,,,,,,PT,,,OL,9/24/2025
dataflow,IMF.RES:WEO(9.0.0),R,SWE,GGXCNL_NGDP,A,2028,-1.191026,0,,3,,,,GNLB,,,,,S13,,,,,,,PT,,,OL,9/24/2025
dataflow,IMF.RES:WEO(9.0.0),R,SWE,GGXCNL_NGDP,A,2029,-0.547956,0,,3,,,,GNLB,,,,,S13,,,,,,,PT,,,OL,9/24/2025
dataflow,IMF.RES:WEO(9.0.0),R,SWE,GGXCNL_NGDP,A,2030,-0.547956,0,,3,,,,GNLB,,,,,S13,,,,,,,PT,,,OL,9/24/2025
dataflow,IMF.RES:WEO(9.0.0),R,SWE,GGXCNL_NGDP,A,2031,-0.547956,0,,3,,,,GNLB,,,,,S13,,,,,,,PT,,,OL,9/24/2025
dataflow,IMF.RES:WEO(9.0.0),R,SWE,GGXONLB,A,2026,-170735914000,9,,3,,,,GPB,,,,,S13,,,,,,,XDC,,,OL,9/24/2025
dataflow,IMF.RES:WEO(9.0.0),R,SWE,GGXONLB,A,2027,-139055161000,9,,3,,,,GPB,,,,,S13,,,,,,,XDC,,,OL,9/24/2025
dataflow,IMF.RES:WEO(9.0.0),R,SWE,GGXONLB,A,2028,-97791210000,9,,3,,,,GPB,,,,,S13,,,,,,,XDC,,,OL,9/24/2025
dataflow,IMF.RES:WEO(9.0.0),R,SWE,GGXONLB,A,2029,-53176797000,9,,3,,,,GPB,,,,,S13,,,,,,,XDC,,,OL,9/24/2025
dataflow,IMF.RES:WEO(9.0.0),R,SWE,GGXONLB,A,2030,-56796347000,9,,3,,,,GPB,,,,,S13,,,,,,,XDC,,,OL,9/24/2025
dataflow,IMF.RES:WEO(9.0.0),R,SWE,GGXONLB,A,2031,-60472711000,9,,3,,,,GPB,,,,,S13,,,,,,,XDC,,,OL,9/24/2025
dataflow,IMF.RES:WEO(9.0.0),R,SWE,GGXONLB_NGDP,A,2026,-2.491984,0,,3,,,,GPB,,,,,S13,,,,,,,PT,,,OL,9/24/2025
dataflow,IMF.RES:WEO(9.0.0),R,SWE,GGXONLB_NGDP,A,2027,-1.950498,0,,3,,,,GPB,,,,,S13,,,,,,,PT,,,OL,9/24/2025
dataflow,IMF.RES:WEO(9.0.0),R,SWE,GGXONLB_NGDP,A,2028,-1.309791,0,,3,,,,GPB,,,,,S13,,,,,,,PT,,,OL,9/24/2025
dataflow,IMF.RES:WEO(9.0.0),R,SWE,GGXONLB_NGDP,A,2029,-0.683929,0,,3,,,,GPB,,,,,S13,,,,,,,PT,,,OL,9/24/2025
dataflow,IMF.RES:WEO(9.0.0),R,SWE,GGXONLB_NGDP,A,2030,-0.700815,0,,3,,,,GPB,,,,,S13,,,,,,,PT,,,OL,9/24/2025
dataflow,IMF.RES:WEO(9.0.0),R,SWE,GGXONLB_NGDP,A,2031,-0.716617,0,,3,,,,GPB,,,,,S13,,,,,,,PT,,,OL,9/24/2025
dataflow,IMF.RES:WEO(9.0.0),R,SWE,GGXWDG,A,2026,2516610873000,9,,3,,,,G63G,,,,,S13,,,,,,,XDC,,,OL,9/24/2025
dataflow,IMF.RES:WEO(9.0.0),R,SWE,GGXWDG,A,2027,2720179570000,9,,3,,,,G63G,,,,,S13,,,,,,,XDC,,,OL,9/24/2025
dataflow,IMF.RES:WEO(9.0.0),R,SWE,GGXWDG,A,2028,2857555131000,9,,3,,,,G63G,,,,,S13,,,,,,,XDC,,,OL,9/24/2025
dataflow,IMF.RES:WEO(9.0.0),R,SWE,GGXWDG,A,2029,2939360898000,9,,3,,,,G63G,,,,,S13,,,,,,,XDC,,,OL,9/24/2025
dataflow,IMF.RES:WEO(9.0.0),R,SWE,GGXWDG,A,2030,3013903192000,9,,3,,,,G63G,,,,,S13,,,,,,,XDC,,,OL,9/24/2025
dataflow,IMF.RES:WEO(9.0.0),R,SWE,GGXWDG,A,2031,3085288362000,9,,3,,,,G63G,,,,,S13,,,,,,,XDC,,,OL,9/24/2025
dataflow,IMF.RES:WEO(9.0.0),R,SWE,GGXWDG_NGDP,A,2026,36.731305,0,,3,,,,G63G,,,,,S13,,,,,,,PT,,,OL,9/24/2025
dataflow,IMF.RES:WEO(9.0.0),R,SWE,GGXWDG_NGDP,A,2027,38.155401,0,,3,,,,G63G,,,,,S13,,,,,,,PT,,,OL,9/24/2025
dataflow,IMF.RES:WEO(9.0.0),R,SWE,GGXWDG_NGDP,A,2028,38.273364,0,,3,,,,G63G,,,,,S13,,,,,,,PT,,,OL,9/24/2025
dataflow,IMF.RES:WEO(9.0.0),R,SWE,GGXWDG_NGDP,A,2029,37.804335,0,,3,,,,G63G,,,,,S13,,,,,,,PT,,,OL,9/24/2025
dataflow,IMF.RES:WEO(9.0.0),R,SWE,GGXWDG_NGDP,A,2030,37.188785,0,,3,,,,G63G,,,,,S13,,,,,,,PT,,,OL,9/24/2025
dataflow,IMF.RES:WEO(9.0.0),R,SWE,GGXWDG_NGDP,A,2031,36.561449,0,,3,,,,G63G,,,,,S13,,,,,,,PT,,,OL,9/24/2025
dataflow,IMF.RES:WEO(9.0.0),R,SWE,GGXWDN,A,2026,1023597873000,9,,3,,,,G63N,,,,,S13,,,,,,,XDC,,,OL,9/24/2025
dataflow,IMF.RES:WEO(9.0.0),R,SWE,GGXWDN,A,2027,1227166570000,9,,3,,,,G63N,,,,,S13,,,,,,,XDC,,,OL,9/24/2025
dataflow,IMF.RES:WEO(9.0.0),R,SWE,GGXWDN,A,2028,1364542131000,9,,3,,,,G63N,,,,,S13,,,,,,,XDC,,,OL,9/24/2025
dataflow,IMF.RES:WEO(9.0.0),R,SWE,GGXWDN,A,2029,1446347898000,9,,3,,,,G63N,,,,,S13,,,,,,,XDC,,,OL,9/24/2025
dataflow,IMF.RES:WEO(9.0.0),R,SWE,GGXWDN,A,2030,1520890192000,9,,3,,,,G63N,,,,,S13,,,,,,,XDC,,,OL,9/24/2025
dataflow,IMF.RES:WEO(9.0.0),R,SWE,GGXWDN,A,2031,1592275362000,9,,3,,,,G63N,,,,,S13,,,,,,,XDC,,,OL,9/24/2025
dataflow,IMF.RES:WEO(9.0.0),R,SWE,GGXWDN_NGDP,A,2026,14.939968,0,,3,,,,G63N,,,,,S13,,,,,,,PT,,,OL,9/24/2025
dataflow,IMF.RES:WEO(9.0.0),R,SWE,GGXWDN_NGDP,A,2027,17.213214,0,,3,,,,G63N,,,,,S13,,,,,,,PT,,,OL,9/24/2025
dataflow,IMF.RES:WEO(9.0.0),R,SWE,GGXWDN_NGDP,A,2028,18.276329,0,,3,,,,G63N,,,,,S13,,,,,,,PT,,,OL,9/24/2025
dataflow,IMF.RES:WEO(9.0.0),R,SWE,GGXWDN_NGDP,A,2029,18.602078,0,,3,,,,G63N,,,,,S13,,,,,,,PT,,,OL,9/24/2025
dataflow,IMF.RES:WEO(9.0.0),R,SWE,GGXWDN_NGDP,A,2030,18.766382,0,,3,,,,G63N,,,,,S13,,,,,,,PT,,,OL,9/24/2025
dataflow,IMF.RES:WEO(9.0.0),R,SWE,GGXWDN_NGDP,A,2031,18.868866,0,,3,,,,G63N,,,,,S13,,,,,,,PT,,,OL,9/24/2025
dataflow,IMF.RES:WEO(9.0.0),R,SWE,GGX_NGDP,A,2026,49.418053,0,,3,,,,G2M,,,,,S13,,,,,,,PT,,,OL,9/24/2025
dataflow,IMF.RES:WEO(9.0.0),R,SWE,GGX_NGDP,A,2027,48.869833,0,,3,,,,G2M,,,,,S13,,,,,,,PT,,,OL,9/24/2025
dataflow,IMF.RES:WEO(9.0.0),R,SWE,GGX_NGDP,A,2028,48.991026,0,,3,,,,G2M,,,,,S13,,,,,,,PT,,,OL,9/24/2025
dataflow,IMF.RES:WEO(9.0.0),R,SWE,GGX_NGDP,A,2029,48.347956,0,,3,,,,G2M,,,,,S13,,,,,,,PT,,,OL,9/24/2025
dataflow,IMF.RES:WEO(9.0.0),R,SWE,GGX_NGDP,A,2030,48.347956,0,,3,,,,G2M,,,,,S13,,,,,,,PT,,,OL,9/24/2025
dataflow,IMF.RES:WEO(9.0.0),R,SWE,GGX_NGDP,A,2031,48.347956,0,,3,,,,G2M,,,,,S13,,,,,,,PT,,,OL,9/24/2025
dataflow,IMF.RES:WEO(9.0.0),R,SWE,LE,A,2026,5277867,6,,3,,,,,,,,E,,,,,,,,,,,OL,9/24/2025
dataflow,IMF.RES:WEO(9.0.0),R,SWE,LE,A,2027,5319051,6,,3,,,,,,,,E,,,,,,,,,,,OL,9/24/2025
dataflow,IMF.RES:WEO(9.0.0),R,SWE,LP,A,2026,10760151,6,,3,,,,,,,,POP,,,,,,,,,,,OL,9/24/2025
dataflow,IMF.RES:WEO(9.0.0),R,SWE,LP,A,2027,10838885,6,,3,,,,,,,,POP,,,,,,,,,,,OL,9/24/2025
dataflow,IMF.RES:WEO(9.0.0),R,SWE,LP,A,2028,10913063,6,,3,,,,,,,,POP,,,,,,,,,,,OL,9/24/2025
dataflow,IMF.RES:WEO(9.0.0),R,SWE,LP,A,2029,10982982,6,,3,,,,,,,,POP,,,,,,,,,,,OL,9/24/2025
dataflow,IMF.RES:WEO(9.0.0),R,SWE,LP,A,2030,11048881,6,,3,,,,,,,,POP,,,,,,,,,,,OL,9/24/2025
dataflow,IMF.RES:WEO(9.0.0),R,SWE,LP,A,2031,11111325,6,,3,,,,,,,,POP,,,,,,,,,,,OL,9/24/2025
dataflow,IMF.RES:WEO(9.0.0),R,SWE,LUR,A,2026,8.619745,0,,3,,,,,,,,U,,,,,RT,,,,,,OL,9/24/2025
dataflow,IMF.RES:WEO(9.0.0),R,SWE,LUR,A,2027,7.989808,0,,3,,,,,,,,U,,,,,RT,,,,,,OL,9/24/2025
dataflow,IMF.RES:WEO(9.0.0),R,SWE,LUR,A,2028,7.539955,0,,3,,,,,,,,U,,,,,RT,,,,,,OL,9/24/2025
dataflow,IMF.RES:WEO(9.0.0),R,SWE,LUR,A,2029,7.539955,0,,3,,,,,,,,U,,,,,RT,,,,,,OL,9/24/2025
dataflow,IMF.RES:WEO(9.0.0),R,SWE,LUR,A,2030,7.539955,0,,3,,,,,,,,U,,,,,RT,,,,,,OL,9/24/2025
dataflow,IMF.RES:WEO(9.0.0),R,SWE,LUR,A,2031,7.539955,0,,3,,,,,,,,U,,,,,RT,,,,,,OL,9/24/2025
dataflow,IMF.RES:WEO(9.0.0),R,SWE,NGAP_NPGDP,A,2026,-0.510178,0,,3,,,P1GAP,,,,,,,,,,,,,PT,,,OL,9/24/2025
dataflow,IMF.RES:WEO(9.0.0),R,SWE,NGAP_NPGDP,A,2027,-0.08989,0,,3,,,P1GAP,,,,,,,,,,,,,PT,,,OL,9/24/2025
dataflow,IMF.RES:WEO(9.0.0),R,SWE,NGDP,A,2026,6851406061000,9,,3,,,B1GQ,,,,,,,,,V,,,,XDC,,,OL,9/24/2025
dataflow,IMF.RES:WEO(9.0.0),R,SWE,NGDP,A,2027,7129212435000,9,,3,,,B1GQ,,,,,,,,,V,,,,XDC,,,OL,9/24/2025
dataflow,IMF.RES:WEO(9.0.0),R,SWE,NGDP,A,2028,7466171787000,9,,3,,,B1GQ,,,,,,,,,V,,,,XDC,,,OL,9/24/2025
dataflow,IMF.RES:WEO(9.0.0),R,SWE,NGDP,A,2029,7775195319000,9,,3,,,B1GQ,,,,,,,,,V,,,,XDC,,,OL,9/24/2025
dataflow,IMF.RES:WEO(9.0.0),R,SWE,NGDP,A,2030,8104333649000,9,,3,,,B1GQ,,,,,,,,,V,,,,XDC,,,OL,9/24/2025
dataflow,IMF.RES:WEO(9.0.0),R,SWE,NGDP,A,2031,8438638167000,9,,3,,,B1GQ,,,,,,,,,V,,,,XDC,,,OL,9/24/2025
dataflow,IMF.RES:WEO(9.0.0),R,SWE,NGDPD,A,2026,760480743000,9,,3,,,B1GQ,,,,,,,,,V,,,,USD,,,OL,9/24/2025
dataflow,IMF.RES:WEO(9.0.0),R,SWE,NGDPD,A,2027,794569885000,9,,3,,,B1GQ,,,,,,,,,V,,,,USD,,,OL,9/24/2025
dataflow,IMF.RES:WEO(9.0.0),R,SWE,NGDPD,A,2028,834286008000,9,,3,,,B1GQ,,,,,,,,,V,,,,USD,,,OL,9/24/2025
dataflow,IMF.RES:WEO(9.0.0),R,SWE,NGDPD,A,2029,870918139000,9,,3,,,B1GQ,,,,,,,,,V,,,,USD,,,OL,9/24/2025
dataflow,IMF.RES:WEO(9.0.0),R,SWE,NGDPD,A,2030,909888394000,9,,3,,,B1GQ,,,,,,,,,V,,,,USD,,,OL,9/24/2025
dataflow,IMF.RES:WEO(9.0.0),R,SWE,NGDPD,A,2031,948786971000,9,,3,,,B1GQ,,,,,,,,,V,,,,USD,,,OL,9/24/2025
dataflow,IMF.RES:WEO(9.0.0),R,SWE,NGDPDPC,A,2026,70675.656634,0,,3,,,B1GQ,,,,,,,,,V,,,,USD,,,OL,9/24/2025
dataflow,IMF.RES:WEO(9.0.0),R,SWE,NGDPDPC,A,2027,73307.345471,0,,3,,,B1GQ,,,,,,,,,V,,,,USD,,,OL,9/24/2025
dataflow,IMF.RES:WEO(9.0.0),R,SWE,NGDPDPC,A,2028,76448.378511,0,,3,,,B1GQ,,,,,,,,,V,,,,USD,,,OL,9/24/2025
dataflow,IMF.RES:WEO(9.0.0),R,SWE,NGDPDPC,A,2029,79297.058536,0,,3,,,B1GQ,,,,,,,,,V,,,,USD,,,OL,9/24/2025
dataflow,IMF.RES:WEO(9.0.0),R,SWE,NGDPDPC,A,2030,82351.179557,0,,3,,,B1GQ,,,,,,,,,V,,,,USD,,,OL,9/24/2025
dataflow,IMF.RES:WEO(9.0.0),R,SWE,NGDPDPC,A,2031,85389.18542,0,,3,,,B1GQ,,,,,,,,,V,,,,USD,,,OL,9/24/2025
dataflow,IMF.RES:WEO(9.0.0),R,SWE,NGDPPC,A,2026,636738.83479,0,,3,,,B1GQ,,,,,,,,,V,,,,XDC,,,OL,9/24/2025
dataflow,IMF.RES:WEO(9.0.0),R,SWE,NGDPPC,A,2027,657744.08152,0,,3,,,B1GQ,,,,,,,,,V,,,,XDC,,,OL,9/24/2025
dataflow,IMF.RES:WEO(9.0.0),R,SWE,NGDPPC,A,2028,684149.945643,0,,3,,,B1GQ,,,,,,,,,V,,,,XDC,,,OL,9/24/2025
dataflow,IMF.RES:WEO(9.0.0),R,SWE,NGDPPC,A,2029,707931.194374,0,,3,,,B1GQ,,,,,,,,,V,,,,XDC,,,OL,9/24/2025
dataflow,IMF.RES:WEO(9.0.0),R,SWE,NGDPPC,A,2030,733498.130405,0,,3,,,B1GQ,,,,,,,,,V,,,,XDC,,,OL,9/24/2025
dataflow,IMF.RES:WEO(9.0.0),R,SWE,NGDPPC,A,2031,759462.831024,0,,3,,,B1GQ,,,,,,,,,V,,,,XDC,,,OL,9/24/2025
dataflow,IMF.RES:WEO(9.0.0),R,SWE,NGDPRPC,A,2026,615012.174791,0,,3,,,B1GQ,,,,,,,,,Q,,,,XDC,,,OL,9/24/2025
dataflow,IMF.RES:WEO(9.0.0),R,SWE,NGDPRPC,A,2027,622183.966102,0,,3,,,B1GQ,,,,,,,,,Q,,,,XDC,,,OL,9/24/2025
dataflow,IMF.RES:WEO(9.0.0),R,SWE,NGDPRPC,A,2028,631076.49159,0,,3,,,B1GQ,,,,,,,,,Q,,,,XDC,,,OL,9/24/2025
dataflow,IMF.RES:WEO(9.0.0),R,SWE,NGDPRPC,A,2029,638738.773992,0,,3,,,B1GQ,,,,,,,,,Q,,,,XDC,,,OL,9/24/2025
dataflow,IMF.RES:WEO(9.0.0),R,SWE,NGDPRPC,A,2030,646568.988597,0,,3,,,B1GQ,,,,,,,,,Q,,,,XDC,,,OL,9/24/2025
dataflow,IMF.RES:WEO(9.0.0),R,SWE,NGDPRPC,A,2031,654214.516424,0,,3,,,B1GQ,,,,,,,,,Q,,,,XDC,,,OL,9/24/2025
dataflow,IMF.RES:WEO(9.0.0),R,SWE,NGDPRPPPPC,A,2026,64022.802453,0,,3,,,B1GQ,,,,,,,,,Q,,,,,,,OL,9/24/2025
dataflow,IMF.RES:WEO(9.0.0),R,SWE,NGDPRPPPPC,A,2027,64769.386338,0,,3,,,B1GQ,,,,,,,,,Q,,,,,,,OL,9/24/2025
dataflow,IMF.RES:WEO(9.0.0),R,SWE,NGDPRPPPPC,A,2028,65695.098748,0,,3,,,B1GQ,,,,,,,,,Q,,,,,,,OL,9/24/2025
dataflow,IMF.RES:WEO(9.0.0),R,SWE,NGDPRPPPPC,A,2029,66492.742782,0,,3,,,B1GQ,,,,,,,,,Q,,,,,,,OL,9/24/2025
dataflow,IMF.RES:WEO(9.0.0),R,SWE,NGDPRPPPPC,A,2030,67307.868569,0,,3,,,B1GQ,,,,,,,,,Q,,,,,,,OL,9/24/2025
dataflow,IMF.RES:WEO(9.0.0),R,SWE,NGDPRPPPPC,A,2031,68103.768452,0,,3,,,B1GQ,,,,,,,,,Q,,,,,,,OL,9/24/2025
dataflow,IMF.RES:WEO(9.0.0),R,SWE,NGDP_D,A,2026,103.53272,0,,3,,,B1GQ,,,,,,,,PD,,,,,IX,,,OL,9/24/2025
dataflow,IMF.RES:WEO(9.0.0),R,SWE,NGDP_D,A,2027,105.71537,0,,3,,,B1GQ,,,,,,,,PD,,,,,IX,,,OL,9/24/2025
dataflow,IMF.RES:WEO(9.0.0),R,SWE,NGDP_D,A,2028,108.409987,0,,3,,,B1GQ,,,,,,,,PD,,,,,IX,,,OL,9/24/2025
dataflow,IMF.RES:WEO(9.0.0),R,SWE,NGDP_D,A,2029,110.832663,0,,3,,,B1GQ,,,,,,,,PD,,,,,IX,,,OL,9/24/2025
dataflow,IMF.RES:WEO(9.0.0),R,SWE,NGDP_D,A,2030,113.444682,0,,3,,,B1GQ,,,,,,,,PD,,,,,IX,,,OL,9/24/2025
dataflow,IMF.RES:WEO(9.0.0),R,SWE,NGDP_D,A,2031,116.087738,0,,3,,,B1GQ,,,,,,,,PD,,,,,IX,,,OL,9/24/2025
dataflow,IMF.RES:WEO(9.0.0),R,SWE,NGDP_FY,A,2026,6851406061000,9,,3,,,B1GQ,,,,,,,,,V,,,,XDC,,,OL,9/24/2025
dataflow,IMF.RES:WEO(9.0.0),R,SWE,NGDP_FY,A,2027,7129212435000,9,,3,,,B1GQ,,,,,,,,,V,,,,XDC,,,OL,9/24/2025
dataflow,IMF.RES:WEO(9.0.0),R,SWE,NGDP_FY,A,2028,7466171787000,9,,3,,,B1GQ,,,,,,,,,V,,,,XDC,,,OL,9/24/2025
dataflow,IMF.RES:WEO(9.0.0),R,SWE,NGDP_FY,A,2029,7775195319000,9,,3,,,B1GQ,,,,,,,,,V,,,,XDC,,,OL,9/24/2025
dataflow,IMF.RES:WEO(9.0.0),R,SWE,NGDP_FY,A,2030,8104333649000,9,,3,,,B1GQ,,,,,,,,,V,,,,XDC,,,OL,9/24/2025
dataflow,IMF.RES:WEO(9.0.0),R,SWE,NGDP_FY,A,2031,8438638167000,9,,3,,,B1GQ,,,,,,,,,V,,,,XDC,,,OL,9/24/2025
dataflow,IMF.RES:WEO(9.0.0),R,SWE,NGDP_R,A,2026,6617623917000,9,,3,,,B1GQ,,,,,,,,,Q,,,,XDC,,,OL,9/24/2025
dataflow,IMF.RES:WEO(9.0.0),R,SWE,NGDP_R,A,2027,6743780435000,9,,3,,,B1GQ,,,,,,,,,Q,,,,XDC,,,OL,9/24/2025
dataflow,IMF.RES:WEO(9.0.0),R,SWE,NGDP_R,A,2028,6886977813000,9,,3,,,B1GQ,,,,,,,,,Q,,,,XDC,,,OL,9/24/2025
dataflow,IMF.RES:WEO(9.0.0),R,SWE,NGDP_R,A,2029,7015256235000,9,,3,,,B1GQ,,,,,,,,,Q,,,,XDC,,,OL,9/24/2025
dataflow,IMF.RES:WEO(9.0.0),R,SWE,NGDP_R,A,2030,7143863895000,9,,3,,,B1GQ,,,,,,,,,Q,,,,XDC,,,OL,9/24/2025
dataflow,IMF.RES:WEO(9.0.0),R,SWE,NGDP_R,A,2031,7269189962000,9,,3,,,B1GQ,,,,,,,,,Q,,,,XDC,,,OL,9/24/2025
dataflow,IMF.RES:WEO(9.0.0),R,SWE,NGDP_RPCH,A,2026,1.962872,0,,3,,,B1GQ,,,,,,,,,Q,,,,PT,,,OL,9/24/2025
dataflow,IMF.RES:WEO(9.0.0),R,SWE,NGDP_RPCH,A,2027,1.906372,0,,3,,,B1GQ,,,,,,,,,Q,,,,PT,,,OL,9/24/2025
dataflow,IMF.RES:WEO(9.0.0),R,SWE,NGDP_RPCH,A,2028,2.123399,0,,3,,,B1GQ,,,,,,,,,Q,,,,PT,,,OL,9/24/2025
dataflow,IMF.RES:WEO(9.0.0),R,SWE,NGDP_RPCH,A,2029,1.862623,0,,3,,,B1GQ,,,,,,,,,Q,,,,PT,,,OL,9/24/2025
dataflow,IMF.RES:WEO(9.0.0),R,SWE,NGDP_RPCH,A,2030,1.833257,0,,3,,,B1GQ,,,,,,,,,Q,,,,PT,,,OL,9/24/2025
dataflow,IMF.RES:WEO(9.0.0),R,SWE,NGDP_RPCH,A,2031,1.754318,0,,3,,,B1GQ,,,,,,,,,Q,,,,PT,,,OL,9/24/2025
dataflow,IMF.RES:WEO(9.0.0),R,SWE,NGSD_NGDP,A,2026,30.504991,0,,3,,,B8GNAT,,,,,,,,,,,,,PT,,,OL,9/24/2025
dataflow,IMF.RES:WEO(9.0.0),R,SWE,NGSD_NGDP,A,2027,30.037322,0,,3,,,B8GNAT,,,,,,,,,,,,,PT,,,OL,9/24/2025
dataflow,IMF.RES:WEO(9.0.0),R,SWE,NGSD_NGDP,A,2028,30.000236,0,,3,,,B8GNAT,,,,,,,,,,,,,PT,,,OL,9/24/2025
dataflow,IMF.RES:WEO(9.0.0),R,SWE,NGSD_NGDP,A,2029,30.091157,0,,3,,,B8GNAT,,,,,,,,,,,,,PT,,,OL,9/24/2025
dataflow,IMF.RES:WEO(9.0.0),R,SWE,NGSD_NGDP,A,2030,30.119113,0,,3,,,B8GNAT,,,,,,,,,,,,,PT,,,OL,9/24/2025
dataflow,IMF.RES:WEO(9.0.0),R,SWE,NGSD_NGDP,A,2031,30.181872,0,,3,,,B8GNAT,,,,,,,,,,,,,PT,,,OL,9/24/2025
dataflow,IMF.RES:WEO(9.0.0),R,SWE,NID_NGDP,A,2026,25.250663,0,,3,,,P5,,,,,,,,,,,,,PT,,,OL,9/24/2025
dataflow,IMF.RES:WEO(9.0.0),R,SWE,NID_NGDP,A,2027,25.288714,0,,3,,,P5,,,,,,,,,,,,,PT,,,OL,9/24/2025
dataflow,IMF.RES:WEO(9.0.0),R,SWE,NID_NGDP,A,2028,25.36418,0,,3,,,P5,,,,,,,,,,,,,PT,,,OL,9/24/2025
dataflow,IMF.RES:WEO(9.0.0),R,SWE,NID_NGDP,A,2029,25.428235,0,,3,,,P5,,,,,,,,,,,,,PT,,,OL,9/24/2025
dataflow,IMF.RES:WEO(9.0.0),R,SWE,NID_NGDP,A,2030,25.377339,0,,3,,,P5,,,,,,,,,,,,,PT,,,OL,9/24/2025
dataflow,IMF.RES:WEO(9.0.0),R,SWE,NID_NGDP,A,2031,25.349926,0,,3,,,P5,,,,,,,,,,,,,PT,,,OL,9/24/2025
dataflow,IMF.RES:WEO(9.0.0),R,SWE,PCPI,A,2026,101.4578,0,,3,,,,,,,,,,,CPI,,,,,IX,,,OL,9/24/2025
dataflow,IMF.RES:WEO(9.0.0),R,SWE,PCPI,A,2027,103.317194,0,,3,,,,,,,,,,,CPI,,,,,IX,,,OL,9/24/2025
dataflow,IMF.RES:WEO(9.0.0),R,SWE,PCPI,A,2028,106.03627,0,,3,,,,,,,,,,,CPI,,,,,IX,,,OL,9/24/2025
dataflow,IMF.RES:WEO(9.0.0),R,SWE,PCPI,A,2029,108.156995,0,,3,,,,,,,,,,,CPI,,,,,IX,,,OL,9/24/2025
dataflow,IMF.RES:WEO(9.0.0),R,SWE,PCPI,A,2030,110.320135,0,,3,,,,,,,,,,,CPI,,,,,IX,,,OL,9/24/2025
dataflow,IMF.RES:WEO(9.0.0),R,SWE,PCPI,A,2031,112.526538,0,,3,,,,,,,,,,,CPI,,,,,IX,,,OL,9/24/2025
dataflow,IMF.RES:WEO(9.0.0),R,SWE,PCPIE,A,2026,134.695289,0,,3,,,,,,,,,,,CPI,,,,,IX,,,OL,9/24/2025
dataflow,IMF.RES:WEO(9.0.0),R,SWE,PCPIE,A,2027,136.937609,0,,3,,,,,,,,,,,CPI,,,,,IX,,,OL,9/24/2025
dataflow,IMF.RES:WEO(9.0.0),R,SWE,PCPIE,A,2028,140.859163,0,,3,,,,,,,,,,,CPI,,,,,IX,,,OL,9/24/2025
dataflow,IMF.RES:WEO(9.0.0),R,SWE,PCPIE,A,2029,143.676346,0,,3,,,,,,,,,,,CPI,,,,,IX,,,OL,9/24/2025
dataflow,IMF.RES:WEO(9.0.0),R,SWE,PCPIE,A,2030,146.549873,0,,3,,,,,,,,,,,CPI,,,,,IX,,,OL,9/24/2025
dataflow,IMF.RES:WEO(9.0.0),R,SWE,PCPIE,A,2031,149.48087,0,,3,,,,,,,,,,,CPI,,,,,IX,,,OL,9/24/2025
dataflow,IMF.RES:WEO(9.0.0),R,SWE,PCPIEPCH,A,2026,1.471919,0,,3,,,,,,,,,,,CPI,,,,,PT,,,OL,9/24/2025
dataflow,IMF.RES:WEO(9.0.0),R,SWE,PCPIEPCH,A,2027,1.664735,0,,3,,,,,,,,,,,CPI,,,,,PT,,,OL,9/24/2025
dataflow,IMF.RES:WEO(9.0.0),R,SWE,PCPIEPCH,A,2028,2.863752,0,,3,,,,,,,,,,,CPI,,,,,PT,,,OL,9/24/2025
dataflow,IMF.RES:WEO(9.0.0),R,SWE,PCPIEPCH,A,2029,2,0,,3,,,,,,,,,,,CPI,,,,,PT,,,OL,9/24/2025
dataflow,IMF.RES:WEO(9.0.0),R,SWE,PCPIEPCH,A,2030,2,0,,3,,,,,,,,,,,CPI,,,,,PT,,,OL,9/24/2025
dataflow,IMF.RES:WEO(9.0.0),R,SWE,PCPIEPCH,A,2031,2,0,,3,,,,,,,,,,,CPI,,,,,PT,,,OL,9/24/2025
dataflow,IMF.RES:WEO(9.0.0),R,SWE,PCPIPCH,A,2026,1.4578,0,,3,,,,,,,,,,,CPI,,,,,PT,,,OL,9/24/2025
dataflow,IMF.RES:WEO(9.0.0),R,SWE,PCPIPCH,A,2027,1.832678,0,,3,,,,,,,,,,,CPI,,,,,PT,,,OL,9/24/2025
dataflow,IMF.RES:WEO(9.0.0),R,SWE,PCPIPCH,A,2028,2.631775,0,,3,,,,,,,,,,,CPI,,,,,PT,,,OL,9/24/2025
dataflow,IMF.RES:WEO(9.0.0),R,SWE,PCPIPCH,A,2029,2,0,,3,,,,,,,,,,,CPI,,,,,PT,,,OL,9/24/2025
dataflow,IMF.RES:WEO(9.0.0),R,SWE,PCPIPCH,A,2030,2,0,,3,,,,,,,,,,,CPI,,,,,PT,,,OL,9/24/2025
dataflow,IMF.RES:WEO(9.0.0),R,SWE,PCPIPCH,A,2031,2,0,,3,,,,,,,,,,,CPI,,,,,PT,,,OL,9/24/2025
dataflow,IMF.RES:WEO(9.0.0),R,SWE,PPPEX,A,2026,8.259289,0,,3,,,,,,,,,,,,,RT,XDC_PU,,,,,OL,9/24/2025
dataflow,IMF.RES:WEO(9.0.0),R,SWE,PPPEX,A,2027,8.252199,0,,3,,,,,,,,,,,,,RT,XDC_PU,,,,,OL,9/24/2025
dataflow,IMF.RES:WEO(9.0.0),R,SWE,PPPEX,A,2028,8.325882,0,,3,,,,,,,,,,,,,RT,XDC_PU,,,,,OL,9/24/2025
dataflow,IMF.RES:WEO(9.0.0),R,SWE,PPPEX,A,2029,8.363236,0,,3,,,,,,,,,,,,,RT,XDC_PU,,,,,OL,9/24/2025
dataflow,IMF.RES:WEO(9.0.0),R,SWE,PPPEX,A,2030,8.405874,0,,3,,,,,,,,,,,,,RT,XDC_PU,,,,,OL,9/24/2025
dataflow,IMF.RES:WEO(9.0.0),R,SWE,PPPEX,A,2031,8.449182,0,,3,,,,,,,,,,,,,RT,XDC_PU,,,,,OL,9/24/2025
dataflow,IMF.RES:WEO(9.0.0),R,SWE,PPPGDP,A,2026,829539494000,9,,3,,,B1GQ,,,,,,,,,V,,,,,,,OL,9/24/2025
dataflow,IMF.RES:WEO(9.0.0),R,SWE,PPPGDP,A,2027,863916738000,9,,3,,,B1GQ,,,,,,,,,V,,,,,,,OL,9/24/2025
dataflow,IMF.RES:WEO(9.0.0),R,SWE,PPPGDP,A,2028,896742490000,9,,3,,,B1GQ,,,,,,,,,V,,,,,,,OL,9/24/2025
dataflow,IMF.RES:WEO(9.0.0),R,SWE,PPPGDP,A,2029,929687472000,9,,3,,,B1GQ,,,,,,,,,V,,,,,,,OL,9/24/2025
dataflow,IMF.RES:WEO(9.0.0),R,SWE,PPPGDP,A,2030,964127467000,9,,3,,,B1GQ,,,,,,,,,V,,,,,,,OL,9/24/2025
dataflow,IMF.RES:WEO(9.0.0),R,SWE,PPPGDP,A,2031,998752082000,9,,3,,,B1GQ,,,,,,,,,V,,,,,,,OL,9/24/2025
dataflow,IMF.RES:WEO(9.0.0),R,SWE,PPPPC,A,2026,77093.666078,0,,3,,,B1GQ,,,,,,,,,,,,,,,,OL,9/24/2025
dataflow,IMF.RES:WEO(9.0.0),R,SWE,PPPPC,A,2027,79705.314831,0,,3,,,B1GQ,,,,,,,,,,,,,,,,OL,9/24/2025
dataflow,IMF.RES:WEO(9.0.0),R,SWE,PPPPC,A,2028,82171.471993,0,,3,,,B1GQ,,,,,,,,,,,,,,,,OL,9/24/2025
dataflow,IMF.RES:WEO(9.0.0),R,SWE,PPPPC,A,2029,84648.003712,0,,3,,,B1GQ,,,,,,,,,,,,,,,,OL,9/24/2025
dataflow,IMF.RES:WEO(9.0.0),R,SWE,PPPPC,A,2030,87260.19005,0,,3,,,B1GQ,,,,,,,,,,,,,,,,OL,9/24/2025
dataflow,IMF.RES:WEO(9.0.0),R,SWE,PPPPC,A,2031,89885.958938,0,,3,,,B1GQ,,,,,,,,,,,,,,,,OL,9/24/2025
dataflow,IMF.RES:WEO(9.0.0),R,SWE,PPPSH,A,2026,0.372392,0,,3,,,B1GQ,,,,,,,,,,,,,PT,,,OL,9/24/2025
dataflow,IMF.RES:WEO(9.0.0),R,SWE,PPPSH,A,2027,0.367756,0,,3,,,B1GQ,,,,,,,,,,,,,PT,,,OL,9/24/2025
dataflow,IMF.RES:WEO(9.0.0),R,SWE,PPPSH,A,2028,0.363887,0,,3,,,B1GQ,,,,,,,,,,,,,PT,,,OL,9/24/2025
dataflow,IMF.RES:WEO(9.0.0),R,SWE,PPPSH,A,2029,0.359416,0,,3,,,B1GQ,,,,,,,,,,,,,PT,,,OL,9/24/2025
dataflow,IMF.RES:WEO(9.0.0),R,SWE,PPPSH,A,2030,0.355191,0,,3,,,B1GQ,,,,,,,,,,,,,PT,,,OL,9/24/2025
dataflow,IMF.RES:WEO(9.0.0),R,SWE,PPPSH,A,2031,0.350753,0,,3,,,B1GQ,,,,,,,,,,,,,PT,,,OL,9/24/2025
dataflow,IMF.RES:WEO(9.0.0),R,SWE,TMG_RPCH,A,2026,3.49189,0,,3,,,,,,MG,,,,,,VL,,,,PT,,,OL,9/24/2025
dataflow,IMF.RES:WEO(9.0.0),R,SWE,TMG_RPCH,A,2027,2.669812,0,,3,,,,,,MG,,,,,,VL,,,,PT,,,OL,9/24/2025
dataflow,IMF.RES:WEO(9.0.0),R,SWE,TMG_RPCH,A,2028,2.449416,0,,3,,,,,,MG,,,,,,VL,,,,PT,,,OL,9/24/2025
dataflow,IMF.RES:WEO(9.0.0),R,SWE,TMG_RPCH,A,2029,2.522107,0,,3,,,,,,MG,,,,,,VL,,,,PT,,,OL,9/24/2025
dataflow,IMF.RES:WEO(9.0.0),R,SWE,TMG_RPCH,A,2030,2.571923,0,,3,,,,,,MG,,,,,,VL,,,,PT,,,OL,9/24/2025
dataflow,IMF.RES:WEO(9.0.0),R,SWE,TMG_RPCH,A,2031,2.485293,0,,3,,,,,,MG,,,,,,VL,,,,PT,,,OL,9/24/2025
dataflow,IMF.RES:WEO(9.0.0),R,SWE,TM_RPCH,A,2026,0.690123,0,,3,,,,,,MGS,,,,,,VL,,,,PT,,,OL,9/24/2025
dataflow,IMF.RES:WEO(9.0.0),R,SWE,TM_RPCH,A,2027,2.312637,0,,3,,,,,,MGS,,,,,,VL,,,,PT,,,OL,9/24/2025
dataflow,IMF.RES:WEO(9.0.0),R,SWE,TM_RPCH,A,2028,2.199477,0,,3,,,,,,MGS,,,,,,VL,,,,PT,,,OL,9/24/2025
dataflow,IMF.RES:WEO(9.0.0),R,SWE,TM_RPCH,A,2029,2.394454,0,,3,,,,,,MGS,,,,,,VL,,,,PT,,,OL,9/24/2025
dataflow,IMF.RES:WEO(9.0.0),R,SWE,TM_RPCH,A,2030,2.392182,0,,3,,,,,,MGS,,,,,,VL,,,,PT,,,OL,9/24/2025
dataflow,IMF.RES:WEO(9.0.0),R,SWE,TM_RPCH,A,2031,2.396115,0,,3,,,,,,MGS,,,,,,VL,,,,PT,,,OL,9/24/2025
dataflow,IMF.RES:WEO(9.0.0),R,SWE,TXG_RPCH,A,2026,3.522911,0,,3,,,,,,XG,,,,,,VL,,,,PT,,,OL,9/24/2025
dataflow,IMF.RES:WEO(9.0.0),R,SWE,TXG_RPCH,A,2027,2.046491,0,,3,,,,,,XG,,,,,,VL,,,,PT,,,OL,9/24/2025
dataflow,IMF.RES:WEO(9.0.0),R,SWE,TXG_RPCH,A,2028,2.271188,0,,3,,,,,,XG,,,,,,VL,,,,PT,,,OL,9/24/2025
dataflow,IMF.RES:WEO(9.0.0),R,SWE,TXG_RPCH,A,2029,2.140953,0,,3,,,,,,XG,,,,,,VL,,,,PT,,,OL,9/24/2025
dataflow,IMF.RES:WEO(9.0.0),R,SWE,TXG_RPCH,A,2030,2.141882,0,,3,,,,,,XG,,,,,,VL,,,,PT,,,OL,9/24/2025
dataflow,IMF.RES:WEO(9.0.0),R,SWE,TXG_RPCH,A,2031,2.093014,0,,3,,,,,,XG,,,,,,VL,,,,PT,,,OL,9/24/2025
dataflow,IMF.RES:WEO(9.0.0),R,SWE,TX_RPCH,A,2026,-0.596668,0,,3,,,,,,XGS,,,,,,VL,,,,PT,,,OL,9/24/2025
dataflow,IMF.RES:WEO(9.0.0),R,SWE,TX_RPCH,A,2027,1.579272,0,,3,,,,,,XGS,,,,,,VL,,,,PT,,,OL,9/24/2025
dataflow,IMF.RES:WEO(9.0.0),R,SWE,TX_RPCH,A,2028,2.441417,0,,3,,,,,,XGS,,,,,,VL,,,,PT,,,OL,9/24/2025
dataflow,IMF.RES:WEO(9.0.0),R,SWE,TX_RPCH,A,2029,2.460849,0,,3,,,,,,XGS,,,,,,VL,,,,PT,,,OL,9/24/2025
dataflow,IMF.RES:WEO(9.0.0),R,SWE,TX_RPCH,A,2030,2.458384,0,,3,,,,,,XGS,,,,,,VL,,,,PT,,,OL,9/24/2025
dataflow,IMF.RES:WEO(9.0.0),R,SWE,TX_RPCH,A,2031,2.467685,0,,3,,,,,,XGS,,,,,,VL,,,,PT,,,OL,9/24/2025