dataflow,IMF.RES:WEO(9.0.0),R,TGO,BCA,A,2026,-427005000,9,,3,,CAB,,,,,,,,,,,,,,USD,,,OL,9/25/2025
dataflow,IMF.RES:WEO(9.0.0),R,TGO,BCA,A,2027,-400555000,9,,3,,CAB,,,,,,,,,,,,,,USD,,,OL,9/25/2025
dataflow,IMF.RES:WEO(9.0.0),R,TGO,BCA,A,2028,-401850000,9,,3,,CAB,,,,,,,,,,,,,,USD,,,OL,9/25/2025
dataflow,IMF.RES:WEO(9.0.0),R,TGO,BCA,A,2029,-401806000,9,,3,,CAB,,,,,,,,,,,,,,USD,,,OL,9/25/2025
dataflow,IMF.RES:WEO(9.0.0),R,TGO,BCA,A,2030,-366891000,9,,3,,CAB,,,,,,,,,,,,,,USD,,,OL,9/25/2025
dataflow,IMF.RES:WEO(9.0.0),R,TGO,BCA,A,2031,-325694000,9,,3,,CAB,,,,,,,,,,,,,,USD,,,OL,9/25/2025
dataflow,IMF.RES:WEO(9.0.0),R,TGO,BCA_NGDPD,A,2026,-3.177815,0,,3,,CAB,,,,,,,,,,,,,,PT,,,OL,9/25/2025
dataflow,IMF.RES:WEO(9.0.0),R,TGO,BCA_NGDPD,A,2027,-2.773674,0,,3,,CAB,,,,,,,,,,,,,,PT,,,OL,9/25/2025
dataflow,IMF.RES:WEO(9.0.0),R,TGO,BCA_NGDPD,A,2028,-2.592867,0,,3,,CAB,,,,,,,,,,,,,,PT,,,OL,9/25/2025
dataflow,IMF.RES:WEO(9.0.0),R,TGO,BCA_NGDPD,A,2029,-2.410517,0,,3,,CAB,,,,,,,,,,,,,,PT,,,OL,9/25/2025
dataflow,IMF.RES:WEO(9.0.0),R,TGO,BCA_NGDPD,A,2030,-2.045399,0,,3,,CAB,,,,,,,,,,,,,,PT,,,OL,9/25/2025
dataflow,IMF.RES:WEO(9.0.0),R,TGO,BCA_NGDPD,A,2031,-1.687323,0,,3,,CAB,,,,,,,,,,,,,,PT,,,OL,9/25/2025
dataflow,IMF.RES:WEO(9.0.0),R,TGO,GGR,A,2026,1248852745000,9,,3,,,,G1,,,,,S13,,,,,,,XDC,,,OL,9/25/2025
dataflow,IMF.RES:WEO(9.0.0),R,TGO,GGR,A,2027,1384290174000,9,,3,,,,G1,,,,,S13,,,,,,,XDC,,,OL,9/25/2025
dataflow,IMF.RES:WEO(9.0.0),R,TGO,GGR,A,2028,1542441024000,9,,3,,,,G1,,,,,S13,,,,,,,XDC,,,OL,9/25/2025
dataflow,IMF.RES:WEO(9.0.0),R,TGO,GGR,A,2029,1696999348000,9,,3,,,,G1,,,,,S13,,,,,,,XDC,,,OL,9/25/2025
dataflow,IMF.RES:WEO(9.0.0),R,TGO,GGR,A,2030,1869821340000,9,,3,,,,G1,,,,,S13,,,,,,,XDC,,,OL,9/25/2025
dataflow,IMF.RES:WEO(9.0.0),R,TGO,GGR,A,2031,2060205596000,9,,3,,,,G1,,,,,S13,,,,,,,XDC,,,OL,9/25/2025
dataflow,IMF.RES:WEO(9.0.0),R,TGO,GGR_NGDP,A,2026,16.708072,0,,3,,,,G1,,,,,S13,,,,,,,PT,,,OL,9/25/2025
dataflow,IMF.RES:WEO(9.0.0),R,TGO,GGR_NGDP,A,2027,17.192469,0,,3,,,,G1,,,,,S13,,,,,,,PT,,,OL,9/25/2025
dataflow,IMF.RES:WEO(9.0.0),R,TGO,GGR_NGDP,A,2028,17.801928,0,,3,,,,G1,,,,,S13,,,,,,,PT,,,OL,9/25/2025
dataflow,IMF.RES:WEO(9.0.0),R,TGO,GGR_NGDP,A,2029,18.200676,0,,3,,,,G1,,,,,S13,,,,,,,PT,,,OL,9/25/2025
dataflow,IMF.RES:WEO(9.0.0),R,TGO,GGR_NGDP,A,2030,18.636027,0,,3,,,,G1,,,,,S13,,,,,,,PT,,,OL,9/25/2025
dataflow,IMF.RES:WEO(9.0.0),R,TGO,GGR_NGDP,A,2031,19.08144,0,,3,,,,G1,,,,,S13,,,,,,,PT,,,OL,9/25/2025
dataflow,IMF.RES:WEO(9.0.0),R,TGO,GGX,A,2026,1749558011000,9,,3,,,,G2M,,,,,S13,,,,,,,XDC,,,OL,9/25/2025
dataflow,IMF.RES:WEO(9.0.0),R,TGO,GGX,A,2027,1628301284000,9,,3,,,,G2M,,,,,S13,,,,,,,XDC,,,OL,9/25/2025
dataflow,IMF.RES:WEO(9.0.0),R,TGO,GGX,A,2028,1805126927000,9,,3,,,,G2M,,,,,S13,,,,,,,XDC,,,OL,9/25/2025
dataflow,IMF.RES:WEO(9.0.0),R,TGO,GGX,A,2029,1979614536000,9,,3,,,,G2M,,,,,S13,,,,,,,XDC,,,OL,9/25/2025
dataflow,IMF.RES:WEO(9.0.0),R,TGO,GGX,A,2030,2173221225000,9,,3,,,,G2M,,,,,S13,,,,,,,XDC,,,OL,9/25/2025
dataflow,IMF.RES:WEO(9.0.0),R,TGO,GGX,A,2031,2384247862000,9,,3,,,,G2M,,,,,S13,,,,,,,XDC,,,OL,9/25/2025
dataflow,IMF.RES:WEO(9.0.0),R,TGO,GGXCNL,A,2026,-500705266000,9,,3,,,,GNLB,,,,,S13,,,,,,,XDC,,,OL,9/25/2025
dataflow,IMF.RES:WEO(9.0.0),R,TGO,GGXCNL,A,2027,-244011109000,9,,3,,,,GNLB,,,,,S13,,,,,,,XDC,,,OL,9/25/2025
dataflow,IMF.RES:WEO(9.0.0),R,TGO,GGXCNL,A,2028,-262685903000,9,,3,,,,GNLB,,,,,S13,,,,,,,XDC,,,OL,9/25/2025
dataflow,IMF.RES:WEO(9.0.0),R,TGO,GGXCNL,A,2029,-282615188000,9,,3,,,,GNLB,,,,,S13,,,,,,,XDC,,,OL,9/25/2025
dataflow,IMF.RES:WEO(9.0.0),R,TGO,GGXCNL,A,2030,-303399885000,9,,3,,,,GNLB,,,,,S13,,,,,,,XDC,,,OL,9/25/2025
dataflow,IMF.RES:WEO(9.0.0),R,TGO,GGXCNL,A,2031,-324042266000,9,,3,,,,GNLB,,,,,S13,,,,,,,XDC,,,OL,9/25/2025
dataflow,IMF.RES:WEO(9.0.0),R,TGO,GGXCNL_NGDP,A,2026,-6.698804,0,,3,,,,GNLB,,,,,S13,,,,,,,PT,,,OL,9/25/2025
dataflow,IMF.RES:WEO(9.0.0),R,TGO,GGXCNL_NGDP,A,2027,-3.030545,0,,3,,,,GNLB,,,,,S13,,,,,,,PT,,,OL,9/25/2025
dataflow,IMF.RES:WEO(9.0.0),R,TGO,GGXCNL_NGDP,A,2028,-3.031763,0,,3,,,,GNLB,,,,,S13,,,,,,,PT,,,OL,9/25/2025
dataflow,IMF.RES:WEO(9.0.0),R,TGO,GGXCNL_NGDP,A,2029,-3.031108,0,,3,,,,GNLB,,,,,S13,,,,,,,PT,,,OL,9/25/2025
dataflow,IMF.RES:WEO(9.0.0),R,TGO,GGXCNL_NGDP,A,2030,-3.023908,0,,3,,,,GNLB,,,,,S13,,,,,,,PT,,,OL,9/25/2025
dataflow,IMF.RES:WEO(9.0.0),R,TGO,GGXCNL_NGDP,A,2031,-3.00125,0,,3,,,,GNLB,,,,,S13,,,,,,,PT,,,OL,9/25/2025
dataflow,IMF.RES:WEO(9.0.0),R,TGO,GGXONLB,A,2026,-310472736000,9,,3,,,,GPB,,,,,S13,,,,,,,XDC,,,OL,9/25/2025
dataflow,IMF.RES:WEO(9.0.0),R,TGO,GGXONLB,A,2027,-32206897000,9,,3,,,,GPB,,,,,S13,,,,,,,XDC,,,OL,9/25/2025
dataflow,IMF.RES:WEO(9.0.0),R,TGO,GGXONLB,A,2028,-41935988000,9,,3,,,,GPB,,,,,S13,,,,,,,XDC,,,OL,9/25/2025
dataflow,IMF.RES:WEO(9.0.0),R,TGO,GGXONLB,A,2029,-65266781000,9,,3,,,,GPB,,,,,S13,,,,,,,XDC,,,OL,9/25/2025
dataflow,IMF.RES:WEO(9.0.0),R,TGO,GGXONLB,A,2030,-80266952000,9,,3,,,,GPB,,,,,S13,,,,,,,XDC,,,OL,9/25/2025
dataflow,IMF.RES:WEO(9.0.0),R,TGO,GGXONLB,A,2031,-97172175000,9,,3,,,,GPB,,,,,S13,,,,,,,XDC,,,OL,9/25/2025
dataflow,IMF.RES:WEO(9.0.0),R,TGO,GGXONLB_NGDP,A,2026,-4.153733,0,,3,,,,GPB,,,,,S13,,,,,,,PT,,,OL,9/25/2025
dataflow,IMF.RES:WEO(9.0.0),R,TGO,GGXONLB_NGDP,A,2027,-0.4,0,,3,,,,GPB,,,,,S13,,,,,,,PT,,,OL,9/25/2025
dataflow,IMF.RES:WEO(9.0.0),R,TGO,GGXONLB_NGDP,A,2028,-0.484,0,,3,,,,GPB,,,,,S13,,,,,,,PT,,,OL,9/25/2025
dataflow,IMF.RES:WEO(9.0.0),R,TGO,GGXONLB_NGDP,A,2029,-0.7,0,,3,,,,GPB,,,,,S13,,,,,,,PT,,,OL,9/25/2025
dataflow,IMF.RES:WEO(9.0.0),R,TGO,GGXONLB_NGDP,A,2030,-0.8,0,,3,,,,GPB,,,,,S13,,,,,,,PT,,,OL,9/25/2025
dataflow,IMF.RES:WEO(9.0.0),R,TGO,GGXONLB_NGDP,A,2031,-0.9,0,,3,,,,GPB,,,,,S13,,,,,,,PT,,,OL,9/25/2025
dataflow,IMF.RES:WEO(9.0.0),R,TGO,GGXWDG,A,2026,4835010133000,9,,3,,,,G63G,,,,,S13,,,,,,,XDC,,,OL,9/25/2025
dataflow,IMF.RES:WEO(9.0.0),R,TGO,GGXWDG,A,2027,5076862944000,9,,3,,,,G63G,,,,,S13,,,,,,,XDC,,,OL,9/25/2025
dataflow,IMF.RES:WEO(9.0.0),R,TGO,GGXWDG,A,2028,5332390229000,9,,3,,,,G63G,,,,,S13,,,,,,,XDC,,,OL,9/25/2025
dataflow,IMF.RES:WEO(9.0.0),R,TGO,GGXWDG,A,2029,5614036629000,9,,3,,,,G63G,,,,,S13,,,,,,,XDC,,,OL,9/25/2025
dataflow,IMF.RES:WEO(9.0.0),R,TGO,GGXWDG,A,2030,5845657001000,9,,3,,,,G63G,,,,,S13,,,,,,,XDC,,,OL,9/25/2025
dataflow,IMF.RES:WEO(9.0.0),R,TGO,GGXWDG,A,2031,6123259156000,9,,3,,,,G63G,,,,,S13,,,,,,,XDC,,,OL,9/25/2025
dataflow,IMF.RES:WEO(9.0.0),R,TGO,GGXWDG_NGDP,A,2026,64.686329,0,,3,,,,G63G,,,,,S13,,,,,,,PT,,,OL,9/25/2025
dataflow,IMF.RES:WEO(9.0.0),R,TGO,GGXWDG_NGDP,A,2027,63.053115,0,,3,,,,G63G,,,,,S13,,,,,,,PT,,,OL,9/25/2025
dataflow,IMF.RES:WEO(9.0.0),R,TGO,GGXWDG_NGDP,A,2028,61.543247,0,,3,,,,G63G,,,,,S13,,,,,,,PT,,,OL,9/25/2025
dataflow,IMF.RES:WEO(9.0.0),R,TGO,GGXWDG_NGDP,A,2029,60.211728,0,,3,,,,G63G,,,,,S13,,,,,,,PT,,,OL,9/25/2025
dataflow,IMF.RES:WEO(9.0.0),R,TGO,GGXWDG_NGDP,A,2030,58.262155,0,,3,,,,G63G,,,,,S13,,,,,,,PT,,,OL,9/25/2025
dataflow,IMF.RES:WEO(9.0.0),R,TGO,GGXWDG_NGDP,A,2031,56.713079,0,,3,,,,G63G,,,,,S13,,,,,,,PT,,,OL,9/25/2025
dataflow,IMF.RES:WEO(9.0.0),R,TGO,GGX_NGDP,A,2026,23.406876,0,,3,,,,G2M,,,,,S13,,,,,,,PT,,,OL,9/25/2025
dataflow,IMF.RES:WEO(9.0.0),R,TGO,GGX_NGDP,A,2027,20.223014,0,,3,,,,G2M,,,,,S13,,,,,,,PT,,,OL,9/25/2025
dataflow,IMF.RES:WEO(9.0.0),R,TGO,GGX_NGDP,A,2028,20.833691,0,,3,,,,G2M,,,,,S13,,,,,,,PT,,,OL,9/25/2025
dataflow,IMF.RES:WEO(9.0.0),R,TGO,GGX_NGDP,A,2029,21.231784,0,,3,,,,G2M,,,,,S13,,,,,,,PT,,,OL,9/25/2025
dataflow,IMF.RES:WEO(9.0.0),R,TGO,GGX_NGDP,A,2030,21.659935,0,,3,,,,G2M,,,,,S13,,,,,,,PT,,,OL,9/25/2025
dataflow,IMF.RES:WEO(9.0.0),R,TGO,GGX_NGDP,A,2031,22.082691,0,,3,,,,G2M,,,,,S13,,,,,,,PT,,,OL,9/25/2025
dataflow,IMF.RES:WEO(9.0.0),R,TGO,LP,A,2026,10020018,6,,3,,,,,,,,POP,,,,,,,,,,,OL,9/25/2025
dataflow,IMF.RES:WEO(9.0.0),R,TGO,LP,A,2027,10264688,6,,3,,,,,,,,POP,,,,,,,,,,,OL,9/25/2025
dataflow,IMF.RES:WEO(9.0.0),R,TGO,LP,A,2028,10515332,6,,3,,,,,,,,POP,,,,,,,,,,,OL,9/25/2025
dataflow,IMF.RES:WEO(9.0.0),R,TGO,LP,A,2029,10772097,6,,3,,,,,,,,POP,,,,,,,,,,,OL,9/25/2025
dataflow,IMF.RES:WEO(9.0.0),R,TGO,LP,A,2030,11035131,6,,3,,,,,,,,POP,,,,,,,,,,,OL,9/25/2025
dataflow,IMF.RES:WEO(9.0.0),R,TGO,LP,A,2031,11304588,6,,3,,,,,,,,POP,,,,,,,,,,,OL,9/25/2025
dataflow,IMF.RES:WEO(9.0.0),R,TGO,NGDP,A,2026,7474547123000,9,,3,,,B1GQ,,,,,,,,,V,,,,XDC,,,OL,9/25/2025
dataflow,IMF.RES:WEO(9.0.0),R,TGO,NGDP,A,2027,8051724177000,9,,3,,,B1GQ,,,,,,,,,V,,,,XDC,,,OL,9/25/2025
dataflow,IMF.RES:WEO(9.0.0),R,TGO,NGDP,A,2028,8664460387000,9,,3,,,B1GQ,,,,,,,,,V,,,,XDC,,,OL,9/25/2025
dataflow,IMF.RES:WEO(9.0.0),R,TGO,NGDP,A,2029,9323825822000,9,,3,,,B1GQ,,,,,,,,,V,,,,XDC,,,OL,9/25/2025
dataflow,IMF.RES:WEO(9.0.0),R,TGO,NGDP,A,2030,10033368967000,9,,3,,,B1GQ,,,,,,,,,V,,,,XDC,,,OL,9/25/2025
dataflow,IMF.RES:WEO(9.0.0),R,TGO,NGDP,A,2031,10796908346000,9,,3,,,B1GQ,,,,,,,,,V,,,,XDC,,,OL,9/25/2025
dataflow,IMF.RES:WEO(9.0.0),R,TGO,NGDPD,A,2026,13437050000,9,,3,,,B1GQ,,,,,,,,,V,,,,USD,,,OL,9/25/2025
dataflow,IMF.RES:WEO(9.0.0),R,TGO,NGDPD,A,2027,14441325000,9,,3,,,B1GQ,,,,,,,,,V,,,,USD,,,OL,9/25/2025
dataflow,IMF.RES:WEO(9.0.0),R,TGO,NGDPD,A,2028,15498297000,9,,3,,,B1GQ,,,,,,,,,V,,,,USD,,,OL,9/25/2025
dataflow,IMF.RES:WEO(9.0.0),R,TGO,NGDPD,A,2029,16668878000,9,,3,,,B1GQ,,,,,,,,,V,,,,USD,,,OL,9/25/2025
dataflow,IMF.RES:WEO(9.0.0),R,TGO,NGDPD,A,2030,17937379000,9,,3,,,B1GQ,,,,,,,,,V,,,,USD,,,OL,9/25/2025
dataflow,IMF.RES:WEO(9.0.0),R,TGO,NGDPD,A,2031,19302414000,9,,3,,,B1GQ,,,,,,,,,V,,,,USD,,,OL,9/25/2025
dataflow,IMF.RES:WEO(9.0.0),R,TGO,NGDPDPC,A,2026,1341.020474,0,,3,,,B1GQ,,,,,,,,,V,,,,USD,,,OL,9/25/2025
dataflow,IMF.RES:WEO(9.0.0),R,TGO,NGDPDPC,A,2027,1406.893723,0,,3,,,B1GQ,,,,,,,,,V,,,,USD,,,OL,9/25/2025
dataflow,IMF.RES:WEO(9.0.0),R,TGO,NGDPDPC,A,2028,1473.876141,0,,3,,,B1GQ,,,,,,,,,V,,,,USD,,,OL,9/25/2025
dataflow,IMF.RES:WEO(9.0.0),R,TGO,NGDPDPC,A,2029,1547.412566,0,,3,,,B1GQ,,,,,,,,,V,,,,USD,,,OL,9/25/2025
dataflow,IMF.RES:WEO(9.0.0),R,TGO,NGDPDPC,A,2030,1625.479548,0,,3,,,B1GQ,,,,,,,,,V,,,,USD,,,OL,9/25/2025
dataflow,IMF.RES:WEO(9.0.0),R,TGO,NGDPDPC,A,2031,1707.48501,0,,3,,,B1GQ,,,,,,,,,V,,,,USD,,,OL,9/25/2025
dataflow,IMF.RES:WEO(9.0.0),R,TGO,NGDPPC,A,2026,745961.417448,0,,3,,,B1GQ,,,,,,,,,V,,,,XDC,,,OL,9/25/2025
dataflow,IMF.RES:WEO(9.0.0),R,TGO,NGDPPC,A,2027,784410.01376,0,,3,,,B1GQ,,,,,,,,,V,,,,XDC,,,OL,9/25/2025
dataflow,IMF.RES:WEO(9.0.0),R,TGO,NGDPPC,A,2028,823983.508075,0,,3,,,B1GQ,,,,,,,,,V,,,,XDC,,,OL,9/25/2025
dataflow,IMF.RES:WEO(9.0.0),R,TGO,NGDPPC,A,2029,865553.485637,0,,3,,,B1GQ,,,,,,,,,V,,,,XDC,,,OL,9/25/2025
dataflow,IMF.RES:WEO(9.0.0),R,TGO,NGDPPC,A,2030,909220.669051,0,,3,,,B1GQ,,,,,,,,,V,,,,XDC,,,OL,9/25/2025
dataflow,IMF.RES:WEO(9.0.0),R,TGO,NGDPPC,A,2031,955090.862376,0,,3,,,B1GQ,,,,,,,,,V,,,,XDC,,,OL,9/25/2025
dataflow,IMF.RES:WEO(9.0.0),R,TGO,NGDPRPC,A,2026,588484.431413,0,,3,,,B1GQ,,,,,,,,,Q,,,,XDC,,,OL,9/25/2025
dataflow,IMF.RES:WEO(9.0.0),R,TGO,NGDPRPC,A,2027,604903.514677,0,,3,,,B1GQ,,,,,,,,,Q,,,,XDC,,,OL,9/25/2025
dataflow,IMF.RES:WEO(9.0.0),R,TGO,NGDPRPC,A,2028,622961.670613,0,,3,,,B1GQ,,,,,,,,,Q,,,,XDC,,,OL,9/25/2025
dataflow,IMF.RES:WEO(9.0.0),R,TGO,NGDPRPC,A,2029,641558.915822,0,,3,,,B1GQ,,,,,,,,,Q,,,,XDC,,,OL,9/25/2025
dataflow,IMF.RES:WEO(9.0.0),R,TGO,NGDPRPC,A,2030,660711.34371,0,,3,,,B1GQ,,,,,,,,,Q,,,,XDC,,,OL,9/25/2025
dataflow,IMF.RES:WEO(9.0.0),R,TGO,NGDPRPC,A,2031,680435.52812,0,,3,,,B1GQ,,,,,,,,,Q,,,,XDC,,,OL,9/25/2025
dataflow,IMF.RES:WEO(9.0.0),R,TGO,NGDPRPPPPC,A,2026,3119.956307,0,,3,,,B1GQ,,,,,,,,,Q,,,,,,,OL,9/25/2025
dataflow,IMF.RES:WEO(9.0.0),R,TGO,NGDPRPPPPC,A,2027,3207.005037,0,,3,,,B1GQ,,,,,,,,,Q,,,,,,,OL,9/25/2025
dataflow,IMF.RES:WEO(9.0.0),R,TGO,NGDPRPPPPC,A,2028,3302.743606,0,,3,,,B1GQ,,,,,,,,,Q,,,,,,,OL,9/25/2025
dataflow,IMF.RES:WEO(9.0.0),R,TGO,NGDPRPPPPC,A,2029,3401.340255,0,,3,,,B1GQ,,,,,,,,,Q,,,,,,,OL,9/25/2025
dataflow,IMF.RES:WEO(9.0.0),R,TGO,NGDPRPPPPC,A,2030,3502.880304,0,,3,,,B1GQ,,,,,,,,,Q,,,,,,,OL,9/25/2025
dataflow,IMF.RES:WEO(9.0.0),R,TGO,NGDPRPPPPC,A,2031,3607.451623,0,,3,,,B1GQ,,,,,,,,,Q,,,,,,,OL,9/25/2025
dataflow,IMF.RES:WEO(9.0.0),R,TGO,NGDP_D,A,2026,126.759754,0,,3,,,B1GQ,,,,,,,,PD,,,,,IX,,,OL,9/25/2025
dataflow,IMF.RES:WEO(9.0.0),R,TGO,NGDP_D,A,2027,129.675228,0,,3,,,B1GQ,,,,,,,,PD,,,,,IX,,,OL,9/25/2025
dataflow,IMF.RES:WEO(9.0.0),R,TGO,NGDP_D,A,2028,132.268733,0,,3,,,B1GQ,,,,,,,,PD,,,,,IX,,,OL,9/25/2025
dataflow,IMF.RES:WEO(9.0.0),R,TGO,NGDP_D,A,2029,134.914108,0,,3,,,B1GQ,,,,,,,,PD,,,,,IX,,,OL,9/25/2025
dataflow,IMF.RES:WEO(9.0.0),R,TGO,NGDP_D,A,2030,137.61239,0,,3,,,B1GQ,,,,,,,,PD,,,,,IX,,,OL,9/25/2025
dataflow,IMF.RES:WEO(9.0.0),R,TGO,NGDP_D,A,2031,140.364637,0,,3,,,B1GQ,,,,,,,,PD,,,,,IX,,,OL,9/25/2025
dataflow,IMF.RES:WEO(9.0.0),R,TGO,NGDP_FY,A,2026,7474547123000,9,,3,,,B1GQ,,,,,,,,,V,,,,XDC,,,OL,9/25/2025
dataflow,IMF.RES:WEO(9.0.0),R,TGO,NGDP_FY,A,2027,8051724177000,9,,3,,,B1GQ,,,,,,,,,V,,,,XDC,,,OL,9/25/2025
dataflow,IMF.RES:WEO(9.0.0),R,TGO,NGDP_FY,A,2028,8664460387000,9,,3,,,B1GQ,,,,,,,,,V,,,,XDC,,,OL,9/25/2025
dataflow,IMF.RES:WEO(9.0.0),R,TGO,NGDP_FY,A,2029,9323825822000,9,,3,,,B1GQ,,,,,,,,,V,,,,XDC,,,OL,9/25/2025
dataflow,IMF.RES:WEO(9.0.0),R,TGO,NGDP_FY,A,2030,10033368967000,9,,3,,,B1GQ,,,,,,,,,V,,,,XDC,,,OL,9/25/2025
dataflow,IMF.RES:WEO(9.0.0),R,TGO,NGDP_FY,A,2031,10796908346000,9,,3,,,B1GQ,,,,,,,,,V,,,,XDC,,,OL,9/25/2025
dataflow,IMF.RES:WEO(9.0.0),R,TGO,NGDP_R,A,2026,5896624826000,9,,3,,,B1GQ,,,,,,,,,Q,,,,XDC,,,OL,9/25/2025
dataflow,IMF.RES:WEO(9.0.0),R,TGO,NGDP_R,A,2027,6209145942000,9,,3,,,B1GQ,,,,,,,,,Q,,,,XDC,,,OL,9/25/2025
dataflow,IMF.RES:WEO(9.0.0),R,TGO,NGDP_R,A,2028,6550648969000,9,,3,,,B1GQ,,,,,,,,,Q,,,,XDC,,,OL,9/25/2025
dataflow,IMF.RES:WEO(9.0.0),R,TGO,NGDP_R,A,2029,6910934662000,9,,3,,,B1GQ,,,,,,,,,Q,,,,XDC,,,OL,9/25/2025
dataflow,IMF.RES:WEO(9.0.0),R,TGO,NGDP_R,A,2030,7291036069000,9,,3,,,B1GQ,,,,,,,,,Q,,,,XDC,,,OL,9/25/2025
dataflow,IMF.RES:WEO(9.0.0),R,TGO,NGDP_R,A,2031,7692043052000,9,,3,,,B1GQ,,,,,,,,,Q,,,,XDC,,,OL,9/25/2025
dataflow,IMF.RES:WEO(9.0.0),R,TGO,NGDP_RPCH,A,2026,5,0,,3,,,B1GQ,,,,,,,,,Q,,,,PT,,,OL,9/25/2025
dataflow,IMF.RES:WEO(9.0.0),R,TGO,NGDP_RPCH,A,2027,5.3,0,,3,,,B1GQ,,,,,,,,,Q,,,,PT,,,OL,9/25/2025
dataflow,IMF.RES:WEO(9.0.0),R,TGO,NGDP_RPCH,A,2028,5.5,0,,3,,,B1GQ,,,,,,,,,Q,,,,PT,,,OL,9/25/2025
dataflow,IMF.RES:WEO(9.0.0),R,TGO,NGDP_RPCH,A,2029,5.5,0,,3,,,B1GQ,,,,,,,,,Q,,,,PT,,,OL,9/25/2025
dataflow,IMF.RES:WEO(9.0.0),R,TGO,NGDP_RPCH,A,2030,5.5,0,,3,,,B1GQ,,,,,,,,,Q,,,,PT,,,OL,9/25/2025
dataflow,IMF.RES:WEO(9.0.0),R,TGO,NGDP_RPCH,A,2031,5.5,0,,3,,,B1GQ,,,,,,,,,Q,,,,PT,,,OL,9/25/2025
dataflow,IMF.RES:WEO(9.0.0),R,TGO,NGSD_NGDP,A,2026,21.023462,0,,3,,,B8GNAT,,,,,,,,,,,,,PT,,,OL,9/25/2025
dataflow,IMF.RES:WEO(9.0.0),R,TGO,NGSD_NGDP,A,2027,22.057778,0,,3,,,B8GNAT,,,,,,,,,,,,,PT,,,OL,9/25/2025
dataflow,IMF.RES:WEO(9.0.0),R,TGO,NGSD_NGDP,A,2028,23.232045,0,,3,,,B8GNAT,,,,,,,,,,,,,PT,,,OL,9/25/2025
dataflow,IMF.RES:WEO(9.0.0),R,TGO,NGSD_NGDP,A,2029,24.00471,0,,3,,,B8GNAT,,,,,,,,,,,,,PT,,,OL,9/25/2025
dataflow,IMF.RES:WEO(9.0.0),R,TGO,NGSD_NGDP,A,2030,24.90897,0,,3,,,B8GNAT,,,,,,,,,,,,,PT,,,OL,9/25/2025
dataflow,IMF.RES:WEO(9.0.0),R,TGO,NGSD_NGDP,A,2031,25.730711,0,,3,,,B8GNAT,,,,,,,,,,,,,PT,,,OL,9/25/2025
dataflow,IMF.RES:WEO(9.0.0),R,TGO,NID_NGDP,A,2026,24.201278,0,,3,,,P5,,,,,,,,,,,,,PT,,,OL,9/25/2025
dataflow,IMF.RES:WEO(9.0.0),R,TGO,NID_NGDP,A,2027,24.831452,0,,3,,,P5,,,,,,,,,,,,,PT,,,OL,9/25/2025
dataflow,IMF.RES:WEO(9.0.0),R,TGO,NID_NGDP,A,2028,25.824912,0,,3,,,P5,,,,,,,,,,,,,PT,,,OL,9/25/2025
dataflow,IMF.RES:WEO(9.0.0),R,TGO,NID_NGDP,A,2029,26.415228,0,,3,,,P5,,,,,,,,,,,,,PT,,,OL,9/25/2025
dataflow,IMF.RES:WEO(9.0.0),R,TGO,NID_NGDP,A,2030,26.95437,0,,3,,,P5,,,,,,,,,,,,,PT,,,OL,9/25/2025
dataflow,IMF.RES:WEO(9.0.0),R,TGO,NID_NGDP,A,2031,27.418034,0,,3,,,P5,,,,,,,,,,,,,PT,,,OL,9/25/2025
dataflow,IMF.RES:WEO(9.0.0),R,TGO,PCPI,A,2026,106.199026,0,,3,,,,,,,,,,,CPI,,,,,IX,,,OL,9/25/2025
dataflow,IMF.RES:WEO(9.0.0),R,TGO,PCPI,A,2027,108.641604,0,,3,,,,,,,,,,,CPI,,,,,IX,,,OL,9/25/2025
dataflow,IMF.RES:WEO(9.0.0),R,TGO,PCPI,A,2028,110.814436,0,,3,,,,,,,,,,,CPI,,,,,IX,,,OL,9/25/2025
dataflow,IMF.RES:WEO(9.0.0),R,TGO,PCPI,A,2029,113.030725,0,,3,,,,,,,,,,,CPI,,,,,IX,,,OL,9/25/2025
dataflow,IMF.RES:WEO(9.0.0),R,TGO,PCPI,A,2030,115.291339,0,,3,,,,,,,,,,,CPI,,,,,IX,,,OL,9/25/2025
dataflow,IMF.RES:WEO(9.0.0),R,TGO,PCPI,A,2031,117.597166,0,,3,,,,,,,,,,,CPI,,,,,IX,,,OL,9/25/2025
dataflow,IMF.RES:WEO(9.0.0),R,TGO,PCPIE,A,2026,101.369019,0,,3,,,,,,,,,,,CPI,,,,,IX,,,OL,9/25/2025
dataflow,IMF.RES:WEO(9.0.0),R,TGO,PCPIE,A,2027,102.514273,0,,3,,,,,,,,,,,CPI,,,,,IX,,,OL,9/25/2025
dataflow,IMF.RES:WEO(9.0.0),R,TGO,PCPIE,A,2028,103.28742,0,,3,,,,,,,,,,,CPI,,,,,IX,,,OL,9/25/2025
dataflow,IMF.RES:WEO(9.0.0),R,TGO,PCPIE,A,2029,100.772421,0,,3,,,,,,,,,,,CPI,,,,,IX,,,OL,9/25/2025
dataflow,IMF.RES:WEO(9.0.0),R,TGO,PCPIE,A,2030,100.600798,0,,3,,,,,,,,,,,CPI,,,,,IX,,,OL,9/25/2025
dataflow,IMF.RES:WEO(9.0.0),R,TGO,PCPIE,A,2031,100.14699,0,,3,,,,,,,,,,,CPI,,,,,IX,,,OL,9/25/2025
dataflow,IMF.RES:WEO(9.0.0),R,TGO,PCPIEPCH,A,2026,-0.835944,0,,3,,,,,,,,,,,CPI,,,,,PT,,,OL,9/25/2025
dataflow,IMF.RES:WEO(9.0.0),R,TGO,PCPIEPCH,A,2027,1.129787,0,,3,,,,,,,,,,,CPI,,,,,PT,,,OL,9/25/2025
dataflow,IMF.RES:WEO(9.0.0),R,TGO,PCPIEPCH,A,2028,0.754185,0,,3,,,,,,,,,,,CPI,,,,,PT,,,OL,9/25/2025
dataflow,IMF.RES:WEO(9.0.0),R,TGO,PCPIEPCH,A,2029,-2.434952,0,,3,,,,,,,,,,,CPI,,,,,PT,,,OL,9/25/2025
dataflow,IMF.RES:WEO(9.0.0),R,TGO,PCPIEPCH,A,2030,-0.170308,0,,3,,,,,,,,,,,CPI,,,,,PT,,,OL,9/25/2025
dataflow,IMF.RES:WEO(9.0.0),R,TGO,PCPIEPCH,A,2031,-0.451097,0,,3,,,,,,,,,,,CPI,,,,,PT,,,OL,9/25/2025
dataflow,IMF.RES:WEO(9.0.0),R,TGO,PCPIPCH,A,2026,2.8,0,,3,,,,,,,,,,,CPI,,,,,PT,,,OL,9/25/2025
dataflow,IMF.RES:WEO(9.0.0),R,TGO,PCPIPCH,A,2027,2.3,0,,3,,,,,,,,,,,CPI,,,,,PT,,,OL,9/25/2025
dataflow,IMF.RES:WEO(9.0.0),R,TGO,PCPIPCH,A,2028,2,0,,3,,,,,,,,,,,CPI,,,,,PT,,,OL,9/25/2025
dataflow,IMF.RES:WEO(9.0.0),R,TGO,PCPIPCH,A,2029,2,0,,3,,,,,,,,,,,CPI,,,,,PT,,,OL,9/25/2025
dataflow,IMF.RES:WEO(9.0.0),R,TGO,PCPIPCH,A,2030,2,0,,3,,,,,,,,,,,CPI,,,,,PT,,,OL,9/25/2025
dataflow,IMF.RES:WEO(9.0.0),R,TGO,PCPIPCH,A,2031,2,0,,3,,,,,,,,,,,CPI,,,,,PT,,,OL,9/25/2025
dataflow,IMF.RES:WEO(9.0.0),R,TGO,PPPEX,A,2026,198.556375,0,,3,,,,,,,,,,,,,RT,XDC_PU,,,,,OL,9/25/2025
dataflow,IMF.RES:WEO(9.0.0),R,TGO,PPPEX,A,2027,198.758627,0,,3,,,,,,,,,,,,,RT,XDC_PU,,,,,OL,9/25/2025
dataflow,IMF.RES:WEO(9.0.0),R,TGO,PPPEX,A,2028,199.459884,0,,3,,,,,,,,,,,,,RT,XDC_PU,,,,,OL,9/25/2025
dataflow,IMF.RES:WEO(9.0.0),R,TGO,PPPEX,A,2029,199.894736,0,,3,,,,,,,,,,,,,RT,XDC_PU,,,,,OL,9/25/2025
dataflow,IMF.RES:WEO(9.0.0),R,TGO,PPPEX,A,2030,200.213651,0,,3,,,,,,,,,,,,,RT,XDC_PU,,,,,OL,9/25/2025
dataflow,IMF.RES:WEO(9.0.0),R,TGO,PPPEX,A,2031,200.596551,0,,3,,,,,,,,,,,,,RT,XDC_PU,,,,,OL,9/25/2025
dataflow,IMF.RES:WEO(9.0.0),R,TGO,PPPGDP,A,2026,37644458000,9,,3,,,B1GQ,,,,,,,,,V,,,,,,,OL,9/25/2025
dataflow,IMF.RES:WEO(9.0.0),R,TGO,PPPGDP,A,2027,40510061000,9,,3,,,B1GQ,,,,,,,,,V,,,,,,,OL,9/25/2025
dataflow,IMF.RES:WEO(9.0.0),R,TGO,PPPGDP,A,2028,43439614000,9,,3,,,B1GQ,,,,,,,,,V,,,,,,,OL,9/25/2025
dataflow,IMF.RES:WEO(9.0.0),R,TGO,PPPGDP,A,2029,46643679000,9,,3,,,B1GQ,,,,,,,,,V,,,,,,,OL,9/25/2025
dataflow,IMF.RES:WEO(9.0.0),R,TGO,PPPGDP,A,2030,50113311000,9,,3,,,B1GQ,,,,,,,,,V,,,,,,,OL,9/25/2025
dataflow,IMF.RES:WEO(9.0.0),R,TGO,PPPGDP,A,2031,53823998000,9,,3,,,B1GQ,,,,,,,,,V,,,,,,,OL,9/25/2025
dataflow,IMF.RES:WEO(9.0.0),R,TGO,PPPPC,A,2026,3756.925041,0,,3,,,B1GQ,,,,,,,,,,,,,,,,OL,9/25/2025
dataflow,IMF.RES:WEO(9.0.0),R,TGO,PPPPC,A,2027,3946.545746,0,,3,,,B1GQ,,,,,,,,,,,,,,,,OL,9/25/2025
dataflow,IMF.RES:WEO(9.0.0),R,TGO,PPPPC,A,2028,4131.073838,0,,3,,,B1GQ,,,,,,,,,,,,,,,,OL,9/25/2025
dataflow,IMF.RES:WEO(9.0.0),R,TGO,PPPPC,A,2029,4330.046415,0,,3,,,B1GQ,,,,,,,,,,,,,,,,OL,9/25/2025
dataflow,IMF.RES:WEO(9.0.0),R,TGO,PPPPC,A,2030,4541.252123,0,,3,,,B1GQ,,,,,,,,,,,,,,,,OL,9/25/2025
dataflow,IMF.RES:WEO(9.0.0),R,TGO,PPPPC,A,2031,4761.252657,0,,3,,,B1GQ,,,,,,,,,,,,,,,,OL,9/25/2025
dataflow,IMF.RES:WEO(9.0.0),R,TGO,PPPSH,A,2026,0.016899,0,,3,,,B1GQ,,,,,,,,,,,,,PT,,,OL,9/25/2025
dataflow,IMF.RES:WEO(9.0.0),R,TGO,PPPSH,A,2027,0.017244,0,,3,,,B1GQ,,,,,,,,,,,,,PT,,,OL,9/25/2025
dataflow,IMF.RES:WEO(9.0.0),R,TGO,PPPSH,A,2028,0.017627,0,,3,,,B1GQ,,,,,,,,,,,,,PT,,,OL,9/25/2025
dataflow,IMF.RES:WEO(9.0.0),R,TGO,PPPSH,A,2029,0.018032,0,,3,,,B1GQ,,,,,,,,,,,,,PT,,,OL,9/25/2025
dataflow,IMF.RES:WEO(9.0.0),R,TGO,PPPSH,A,2030,0.018462,0,,3,,,B1GQ,,,,,,,,,,,,,PT,,,OL,9/25/2025
dataflow,IMF.RES:WEO(9.0.0),R,TGO,PPPSH,A,2031,0.018903,0,,3,,,B1GQ,,,,,,,,,,,,,PT,,,OL,9/25/2025
dataflow,IMF.RES:WEO(9.0.0),R,TGO,TMG_RPCH,A,2026,5.26726,0,,3,,,,,,MG,,,,,,VL,,,,PT,,,OL,9/25/2025
dataflow,IMF.RES:WEO(9.0.0),R,TGO,TMG_RPCH,A,2027,5.809508,0,,3,,,,,,MG,,,,,,VL,,,,PT,,,OL,9/25/2025
dataflow,IMF.RES:WEO(9.0.0),R,TGO,TMG_RPCH,A,2028,6.370119,0,,3,,,,,,MG,,,,,,VL,,,,PT,,,OL,9/25/2025
dataflow,IMF.RES:WEO(9.0.0),R,TGO,TMG_RPCH,A,2029,6.09935,0,,3,,,,,,MG,,,,,,VL,,,,PT,,,OL,9/25/2025
dataflow,IMF.RES:WEO(9.0.0),R,TGO,TMG_RPCH,A,2030,6.035221,0,,3,,,,,,MG,,,,,,VL,,,,PT,,,OL,9/25/2025
dataflow,IMF.RES:WEO(9.0.0),R,TGO,TMG_RPCH,A,2031,5.953731,0,,3,,,,,,MG,,,,,,VL,,,,PT,,,OL,9/25/2025
dataflow,IMF.RES:WEO(9.0.0),R,TGO,TM_RPCH,A,2026,6.106863,0,,3,,,,,,MGS,,,,,,VL,,,,PT,,,OL,9/25/2025
dataflow,IMF.RES:WEO(9.0.0),R,TGO,TM_RPCH,A,2027,5.538227,0,,3,,,,,,MGS,,,,,,VL,,,,PT,,,OL,9/25/2025
dataflow,IMF.RES:WEO(9.0.0),R,TGO,TM_RPCH,A,2028,6.151744,0,,3,,,,,,MGS,,,,,,VL,,,,PT,,,OL,9/25/2025
dataflow,IMF.RES:WEO(9.0.0),R,TGO,TM_RPCH,A,2029,5.89681,0,,3,,,,,,MGS,,,,,,VL,,,,PT,,,OL,9/25/2025
dataflow,IMF.RES:WEO(9.0.0),R,TGO,TM_RPCH,A,2030,5.875382,0,,3,,,,,,MGS,,,,,,VL,,,,PT,,,OL,9/25/2025
dataflow,IMF.RES:WEO(9.0.0),R,TGO,TM_RPCH,A,2031,5.797883,0,,3,,,,,,MGS,,,,,,VL,,,,PT,,,OL,9/25/2025
dataflow,IMF.RES:WEO(9.0.0),R,TGO,TXG_RPCH,A,2026,7.647654,0,,3,,,,,,XG,,,,,,VL,,,,PT,,,OL,9/25/2025
dataflow,IMF.RES:WEO(9.0.0),R,TGO,TXG_RPCH,A,2027,8.233041,0,,3,,,,,,XG,,,,,,VL,,,,PT,,,OL,9/25/2025
dataflow,IMF.RES:WEO(9.0.0),R,TGO,TXG_RPCH,A,2028,6.781036,0,,3,,,,,,XG,,,,,,VL,,,,PT,,,OL,9/25/2025
dataflow,IMF.RES:WEO(9.0.0),R,TGO,TXG_RPCH,A,2029,6.092535,0,,3,,,,,,XG,,,,,,VL,,,,PT,,,OL,9/25/2025
dataflow,IMF.RES:WEO(9.0.0),R,TGO,TXG_RPCH,A,2030,7.229876,0,,3,,,,,,XG,,,,,,VL,,,,PT,,,OL,9/25/2025
dataflow,IMF.RES:WEO(9.0.0),R,TGO,TXG_RPCH,A,2031,7.028463,0,,3,,,,,,XG,,,,,,VL,,,,PT,,,OL,9/25/2025
dataflow,IMF.RES:WEO(9.0.0),R,TGO,TX_RPCH,A,2026,8.731188,0,,3,,,,,,XGS,,,,,,VL,,,,PT,,,OL,9/25/2025
dataflow,IMF.RES:WEO(9.0.0),R,TGO,TX_RPCH,A,2027,7.197294,0,,3,,,,,,XGS,,,,,,VL,,,,PT,,,OL,9/25/2025
dataflow,IMF.RES:WEO(9.0.0),R,TGO,TX_RPCH,A,2028,6.229572,0,,3,,,,,,XGS,,,,,,VL,,,,PT,,,OL,9/25/2025
dataflow,IMF.RES:WEO(9.0.0),R,TGO,TX_RPCH,A,2029,5.757863,0,,3,,,,,,XGS,,,,,,VL,,,,PT,,,OL,9/25/2025
dataflow,IMF.RES:WEO(9.0.0),R,TGO,TX_RPCH,A,2030,6.716036,0,,3,,,,,,XGS,,,,,,VL,,,,PT,,,OL,9/25/2025
dataflow,IMF.RES:WEO(9.0.0),R,TGO,TX_RPCH,A,2031,6.567405,0,,3,,,,,,XGS,,,,,,VL,,,,PT,,,OL,9/25/2025