dataflow,IMF.RES:WEO(9.0.0),R,THA,BCA,A,2026,4104923000,9,,3,,CAB,,,,,,,,,,,,,,USD,,,OL,9/26/2025
dataflow,IMF.RES:WEO(9.0.0),R,THA,BCA,A,2027,8230526000,9,,3,,CAB,,,,,,,,,,,,,,USD,,,OL,9/26/2025
dataflow,IMF.RES:WEO(9.0.0),R,THA,BCA,A,2028,11415820000,9,,3,,CAB,,,,,,,,,,,,,,USD,,,OL,9/26/2025
dataflow,IMF.RES:WEO(9.0.0),R,THA,BCA,A,2029,14422840000,9,,3,,CAB,,,,,,,,,,,,,,USD,,,OL,9/26/2025
dataflow,IMF.RES:WEO(9.0.0),R,THA,BCA,A,2030,16068161000,9,,3,,CAB,,,,,,,,,,,,,,USD,,,OL,9/26/2025
dataflow,IMF.RES:WEO(9.0.0),R,THA,BCA,A,2031,18022224000,9,,3,,CAB,,,,,,,,,,,,,,USD,,,OL,9/26/2025
dataflow,IMF.RES:WEO(9.0.0),R,THA,BCA_NGDPD,A,2026,0.707751,0,,3,,CAB,,,,,,,,,,,,,,PT,,,OL,9/26/2025
dataflow,IMF.RES:WEO(9.0.0),R,THA,BCA_NGDPD,A,2027,1.409229,0,,3,,CAB,,,,,,,,,,,,,,PT,,,OL,9/26/2025
dataflow,IMF.RES:WEO(9.0.0),R,THA,BCA_NGDPD,A,2028,1.905001,0,,3,,CAB,,,,,,,,,,,,,,PT,,,OL,9/26/2025
dataflow,IMF.RES:WEO(9.0.0),R,THA,BCA_NGDPD,A,2029,2.316498,0,,3,,CAB,,,,,,,,,,,,,,PT,,,OL,9/26/2025
dataflow,IMF.RES:WEO(9.0.0),R,THA,BCA_NGDPD,A,2030,2.481489,0,,3,,CAB,,,,,,,,,,,,,,PT,,,OL,9/26/2025
dataflow,IMF.RES:WEO(9.0.0),R,THA,BCA_NGDPD,A,2031,2.668577,0,,3,,CAB,,,,,,,,,,,,,,PT,,,OL,9/26/2025
dataflow,IMF.RES:WEO(9.0.0),R,THA,GGR,A,2026,4063629417000,9,,3,,,,G1,,,,,S13,,,,,,,XDC,,,OL,9/26/2025
dataflow,IMF.RES:WEO(9.0.0),R,THA,GGR,A,2027,4201378649000,9,,3,,,,G1,,,,,S13,,,,,,,XDC,,,OL,9/26/2025
dataflow,IMF.RES:WEO(9.0.0),R,THA,GGR,A,2028,4340481962000,9,,3,,,,G1,,,,,S13,,,,,,,XDC,,,OL,9/26/2025
dataflow,IMF.RES:WEO(9.0.0),R,THA,GGR,A,2029,4503696380000,9,,3,,,,G1,,,,,S13,,,,,,,XDC,,,OL,9/26/2025
dataflow,IMF.RES:WEO(9.0.0),R,THA,GGR,A,2030,4680302871000,9,,3,,,,G1,,,,,S13,,,,,,,XDC,,,OL,9/26/2025
dataflow,IMF.RES:WEO(9.0.0),R,THA,GGR,A,2031,4875965414000,9,,3,,,,G1,,,,,S13,,,,,,,XDC,,,OL,9/26/2025
dataflow,IMF.RES:WEO(9.0.0),R,THA,GGR_NGDP,A,2026,21.037836,0,,3,,,,G1,,,,,S13,,,,,,,PT,,,OL,9/26/2025
dataflow,IMF.RES:WEO(9.0.0),R,THA,GGR_NGDP,A,2027,21.131557,0,,3,,,,G1,,,,,S13,,,,,,,PT,,,OL,9/26/2025
dataflow,IMF.RES:WEO(9.0.0),R,THA,GGR_NGDP,A,2028,21.112464,0,,3,,,,G1,,,,,S13,,,,,,,PT,,,OL,9/26/2025
dataflow,IMF.RES:WEO(9.0.0),R,THA,GGR_NGDP,A,2029,21.104096,0,,3,,,,G1,,,,,S13,,,,,,,PT,,,OL,9/26/2025
dataflow,IMF.RES:WEO(9.0.0),R,THA,GGR_NGDP,A,2030,21.093104,0,,3,,,,G1,,,,,S13,,,,,,,PT,,,OL,9/26/2025
dataflow,IMF.RES:WEO(9.0.0),R,THA,GGR_NGDP,A,2031,21.084001,0,,3,,,,G1,,,,,S13,,,,,,,PT,,,OL,9/26/2025
dataflow,IMF.RES:WEO(9.0.0),R,THA,GGSB,A,2026,-405571911000,9,,3,,,,SB,,,,,S13,,,,,,,XDC,,,OL,9/26/2025
dataflow,IMF.RES:WEO(9.0.0),R,THA,GGSB,A,2027,-378441774000,9,,3,,,,SB,,,,,S13,,,,,,,XDC,,,OL,9/26/2025
dataflow,IMF.RES:WEO(9.0.0),R,THA,GGSB,A,2028,-419602032000,9,,3,,,,SB,,,,,S13,,,,,,,XDC,,,OL,9/26/2025
dataflow,IMF.RES:WEO(9.0.0),R,THA,GGSB,A,2029,-467224533000,9,,3,,,,SB,,,,,S13,,,,,,,XDC,,,OL,9/26/2025
dataflow,IMF.RES:WEO(9.0.0),R,THA,GGSB,A,2030,-488962120000,9,,3,,,,SB,,,,,S13,,,,,,,XDC,,,OL,9/26/2025
dataflow,IMF.RES:WEO(9.0.0),R,THA,GGSB,A,2031,-512421436000,9,,3,,,,SB,,,,,S13,,,,,,,XDC,,,OL,9/26/2025
dataflow,IMF.RES:WEO(9.0.0),R,THA,GGSB_NPGDP,A,2026,-2.086806,0,,3,,,,SB,,,,,S13,,,,,,,PT,,,OL,9/26/2025
dataflow,IMF.RES:WEO(9.0.0),R,THA,GGSB_NPGDP,A,2027,-1.899959,0,,3,,,,SB,,,,,S13,,,,,,,PT,,,OL,9/26/2025
dataflow,IMF.RES:WEO(9.0.0),R,THA,GGSB_NPGDP,A,2028,-2.040654,0,,3,,,,SB,,,,,S13,,,,,,,PT,,,OL,9/26/2025
dataflow,IMF.RES:WEO(9.0.0),R,THA,GGSB_NPGDP,A,2029,-2.189391,0,,3,,,,SB,,,,,S13,,,,,,,PT,,,OL,9/26/2025
dataflow,IMF.RES:WEO(9.0.0),R,THA,GGSB_NPGDP,A,2030,-2.203646,0,,3,,,,SB,,,,,S13,,,,,,,PT,,,OL,9/26/2025
dataflow,IMF.RES:WEO(9.0.0),R,THA,GGSB_NPGDP,A,2031,-2.215745,0,,3,,,,SB,,,,,S13,,,,,,,PT,,,OL,9/26/2025
dataflow,IMF.RES:WEO(9.0.0),R,THA,GGX,A,2026,4494286751000,9,,3,,,,G2M,,,,,S13,,,,,,,XDC,,,OL,9/26/2025
dataflow,IMF.RES:WEO(9.0.0),R,THA,GGX,A,2027,4587512501000,9,,3,,,,G2M,,,,,S13,,,,,,,XDC,,,OL,9/26/2025
dataflow,IMF.RES:WEO(9.0.0),R,THA,GGX,A,2028,4760775213000,9,,3,,,,G2M,,,,,S13,,,,,,,XDC,,,OL,9/26/2025
dataflow,IMF.RES:WEO(9.0.0),R,THA,GGX,A,2029,4970920912000,9,,3,,,,G2M,,,,,S13,,,,,,,XDC,,,OL,9/26/2025
dataflow,IMF.RES:WEO(9.0.0),R,THA,GGX,A,2030,5169264991000,9,,3,,,,G2M,,,,,S13,,,,,,,XDC,,,OL,9/26/2025
dataflow,IMF.RES:WEO(9.0.0),R,THA,GGX,A,2031,5388386850000,9,,3,,,,G2M,,,,,S13,,,,,,,XDC,,,OL,9/26/2025
dataflow,IMF.RES:WEO(9.0.0),R,THA,GGXCNL,A,2026,-430657333000,9,,3,,,,GNLB,,,,,S13,,,,,,,XDC,,,OL,9/26/2025
dataflow,IMF.RES:WEO(9.0.0),R,THA,GGXCNL,A,2027,-386133852000,9,,3,,,,GNLB,,,,,S13,,,,,,,XDC,,,OL,9/26/2025
dataflow,IMF.RES:WEO(9.0.0),R,THA,GGXCNL,A,2028,-420293251000,9,,3,,,,GNLB,,,,,S13,,,,,,,XDC,,,OL,9/26/2025
dataflow,IMF.RES:WEO(9.0.0),R,THA,GGXCNL,A,2029,-467224533000,9,,3,,,,GNLB,,,,,S13,,,,,,,XDC,,,OL,9/26/2025
dataflow,IMF.RES:WEO(9.0.0),R,THA,GGXCNL,A,2030,-488962120000,9,,3,,,,GNLB,,,,,S13,,,,,,,XDC,,,OL,9/26/2025
dataflow,IMF.RES:WEO(9.0.0),R,THA,GGXCNL,A,2031,-512421436000,9,,3,,,,GNLB,,,,,S13,,,,,,,XDC,,,OL,9/26/2025
dataflow,IMF.RES:WEO(9.0.0),R,THA,GGXCNL_NGDP,A,2026,-2.229558,0,,3,,,,GNLB,,,,,S13,,,,,,,PT,,,OL,9/26/2025
dataflow,IMF.RES:WEO(9.0.0),R,THA,GGXCNL_NGDP,A,2027,-1.942127,0,,3,,,,GNLB,,,,,S13,,,,,,,PT,,,OL,9/26/2025
dataflow,IMF.RES:WEO(9.0.0),R,THA,GGXCNL_NGDP,A,2028,-2.044341,0,,3,,,,GNLB,,,,,S13,,,,,,,PT,,,OL,9/26/2025
dataflow,IMF.RES:WEO(9.0.0),R,THA,GGXCNL_NGDP,A,2029,-2.189391,0,,3,,,,GNLB,,,,,S13,,,,,,,PT,,,OL,9/26/2025
dataflow,IMF.RES:WEO(9.0.0),R,THA,GGXCNL_NGDP,A,2030,-2.203646,0,,3,,,,GNLB,,,,,S13,,,,,,,PT,,,OL,9/26/2025
dataflow,IMF.RES:WEO(9.0.0),R,THA,GGXCNL_NGDP,A,2031,-2.215745,0,,3,,,,GNLB,,,,,S13,,,,,,,PT,,,OL,9/26/2025
dataflow,IMF.RES:WEO(9.0.0),R,THA,GGXONLB,A,2026,-198116295000,9,,3,,,,GPB,,,,,S13,,,,,,,XDC,,,OL,9/26/2025
dataflow,IMF.RES:WEO(9.0.0),R,THA,GGXONLB,A,2027,-143701337000,9,,3,,,,GPB,,,,,S13,,,,,,,XDC,,,OL,9/26/2025
dataflow,IMF.RES:WEO(9.0.0),R,THA,GGXONLB,A,2028,-154315121000,9,,3,,,,GPB,,,,,S13,,,,,,,XDC,,,OL,9/26/2025
dataflow,IMF.RES:WEO(9.0.0),R,THA,GGXONLB,A,2029,-163506707000,9,,3,,,,GPB,,,,,S13,,,,,,,XDC,,,OL,9/26/2025
dataflow,IMF.RES:WEO(9.0.0),R,THA,GGXONLB,A,2030,-171885467000,9,,3,,,,GPB,,,,,S13,,,,,,,XDC,,,OL,9/26/2025
dataflow,IMF.RES:WEO(9.0.0),R,THA,GGXONLB,A,2031,-180586809000,9,,3,,,,GPB,,,,,S13,,,,,,,XDC,,,OL,9/26/2025
dataflow,IMF.RES:WEO(9.0.0),R,THA,GGXONLB_NGDP,A,2026,-1.025669,0,,3,,,,GPB,,,,,S13,,,,,,,PT,,,OL,9/26/2025
dataflow,IMF.RES:WEO(9.0.0),R,THA,GGXONLB_NGDP,A,2027,-0.722771,0,,3,,,,GPB,,,,,S13,,,,,,,PT,,,OL,9/26/2025
dataflow,IMF.RES:WEO(9.0.0),R,THA,GGXONLB_NGDP,A,2028,-0.750602,0,,3,,,,GPB,,,,,S13,,,,,,,PT,,,OL,9/26/2025
dataflow,IMF.RES:WEO(9.0.0),R,THA,GGXONLB_NGDP,A,2029,-0.766184,0,,3,,,,GPB,,,,,S13,,,,,,,PT,,,OL,9/26/2025
dataflow,IMF.RES:WEO(9.0.0),R,THA,GGXONLB_NGDP,A,2030,-0.77465,0,,3,,,,GPB,,,,,S13,,,,,,,PT,,,OL,9/26/2025
dataflow,IMF.RES:WEO(9.0.0),R,THA,GGXONLB_NGDP,A,2031,-0.780869,0,,3,,,,GPB,,,,,S13,,,,,,,PT,,,OL,9/26/2025
dataflow,IMF.RES:WEO(9.0.0),R,THA,GGXWDG,A,2026,12902700511000,9,,3,,,,G63G,,,,,S13,,,,,,,XDC,,,OL,9/26/2025
dataflow,IMF.RES:WEO(9.0.0),R,THA,GGXWDG,A,2027,13483995356000,9,,3,,,,G63G,,,,,S13,,,,,,,XDC,,,OL,9/26/2025
dataflow,IMF.RES:WEO(9.0.0),R,THA,GGXWDG,A,2028,14095364744000,9,,3,,,,G63G,,,,,S13,,,,,,,XDC,,,OL,9/26/2025
dataflow,IMF.RES:WEO(9.0.0),R,THA,GGXWDG,A,2029,14751023582000,9,,3,,,,G63G,,,,,S13,,,,,,,XDC,,,OL,9/26/2025
dataflow,IMF.RES:WEO(9.0.0),R,THA,GGXWDG,A,2030,15425177546000,9,,3,,,,G63G,,,,,S13,,,,,,,XDC,,,OL,9/26/2025
dataflow,IMF.RES:WEO(9.0.0),R,THA,GGXWDG,A,2031,16118945272000,9,,3,,,,G63G,,,,,S13,,,,,,,XDC,,,OL,9/26/2025
dataflow,IMF.RES:WEO(9.0.0),R,THA,GGXWDG_NGDP,A,2026,66.798634,0,,3,,,,G63G,,,,,S13,,,,,,,PT,,,OL,9/26/2025
dataflow,IMF.RES:WEO(9.0.0),R,THA,GGXWDG_NGDP,A,2027,67.820074,0,,3,,,,G63G,,,,,S13,,,,,,,PT,,,OL,9/26/2025
dataflow,IMF.RES:WEO(9.0.0),R,THA,GGXWDG_NGDP,A,2028,68.561022,0,,3,,,,G63G,,,,,S13,,,,,,,PT,,,OL,9/26/2025
dataflow,IMF.RES:WEO(9.0.0),R,THA,GGXWDG_NGDP,A,2029,69.122559,0,,3,,,,G63G,,,,,S13,,,,,,,PT,,,OL,9/26/2025
dataflow,IMF.RES:WEO(9.0.0),R,THA,GGXWDG_NGDP,A,2030,69.517911,0,,3,,,,G63G,,,,,S13,,,,,,,PT,,,OL,9/26/2025
dataflow,IMF.RES:WEO(9.0.0),R,THA,GGXWDG_NGDP,A,2031,69.699399,0,,3,,,,G63G,,,,,S13,,,,,,,PT,,,OL,9/26/2025
dataflow,IMF.RES:WEO(9.0.0),R,THA,GGX_NGDP,A,2026,23.267394,0,,3,,,,G2M,,,,,S13,,,,,,,PT,,,OL,9/26/2025
dataflow,IMF.RES:WEO(9.0.0),R,THA,GGX_NGDP,A,2027,23.073683,0,,3,,,,G2M,,,,,S13,,,,,,,PT,,,OL,9/26/2025
dataflow,IMF.RES:WEO(9.0.0),R,THA,GGX_NGDP,A,2028,23.156805,0,,3,,,,G2M,,,,,S13,,,,,,,PT,,,OL,9/26/2025
dataflow,IMF.RES:WEO(9.0.0),R,THA,GGX_NGDP,A,2029,23.293487,0,,3,,,,G2M,,,,,S13,,,,,,,PT,,,OL,9/26/2025
dataflow,IMF.RES:WEO(9.0.0),R,THA,GGX_NGDP,A,2030,23.29675,0,,3,,,,G2M,,,,,S13,,,,,,,PT,,,OL,9/26/2025
dataflow,IMF.RES:WEO(9.0.0),R,THA,GGX_NGDP,A,2031,23.299746,0,,3,,,,G2M,,,,,S13,,,,,,,PT,,,OL,9/26/2025
dataflow,IMF.RES:WEO(9.0.0),R,THA,LP,A,2026,71559614,6,,3,,,,,,,,POP,,,,,,,,,,,OL,9/26/2025
dataflow,IMF.RES:WEO(9.0.0),R,THA,LP,A,2027,71488156,6,,3,,,,,,,,POP,,,,,,,,,,,OL,9/26/2025
dataflow,IMF.RES:WEO(9.0.0),R,THA,LP,A,2028,71406994,6,,3,,,,,,,,POP,,,,,,,,,,,OL,9/26/2025
dataflow,IMF.RES:WEO(9.0.0),R,THA,LP,A,2029,71316193,6,,3,,,,,,,,POP,,,,,,,,,,,OL,9/26/2025
dataflow,IMF.RES:WEO(9.0.0),R,THA,LP,A,2030,71215022,6,,3,,,,,,,,POP,,,,,,,,,,,OL,9/26/2025
dataflow,IMF.RES:WEO(9.0.0),R,THA,LP,A,2031,71104021,6,,3,,,,,,,,POP,,,,,,,,,,,OL,9/26/2025
dataflow,IMF.RES:WEO(9.0.0),R,THA,LUR,A,2026,1,0,,3,,,,,,,,U,,,,,RT,,,,,,OL,9/26/2025
dataflow,IMF.RES:WEO(9.0.0),R,THA,LUR,A,2027,1,0,,3,,,,,,,,U,,,,,RT,,,,,,OL,9/26/2025
dataflow,IMF.RES:WEO(9.0.0),R,THA,LUR,A,2028,1,0,,3,,,,,,,,U,,,,,RT,,,,,,OL,9/26/2025
dataflow,IMF.RES:WEO(9.0.0),R,THA,LUR,A,2029,1,0,,3,,,,,,,,U,,,,,RT,,,,,,OL,9/26/2025
dataflow,IMF.RES:WEO(9.0.0),R,THA,LUR,A,2030,1,0,,3,,,,,,,,U,,,,,RT,,,,,,OL,9/26/2025
dataflow,IMF.RES:WEO(9.0.0),R,THA,LUR,A,2031,1,0,,3,,,,,,,,U,,,,,RT,,,,,,OL,9/26/2025
dataflow,IMF.RES:WEO(9.0.0),R,THA,NGDP,A,2026,19429850049000,9,,3,,,B1GQ,,,,,,,,,V,,,,XDC,,,OL,9/26/2025
dataflow,IMF.RES:WEO(9.0.0),R,THA,NGDP,A,2027,20032732855000,9,,3,,,B1GQ,,,,,,,,,V,,,,XDC,,,OL,9/26/2025
dataflow,IMF.RES:WEO(9.0.0),R,THA,NGDP,A,2028,20734235938000,9,,3,,,B1GQ,,,,,,,,,V,,,,XDC,,,OL,9/26/2025
dataflow,IMF.RES:WEO(9.0.0),R,THA,NGDP,A,2029,21542441239000,9,,3,,,B1GQ,,,,,,,,,V,,,,XDC,,,OL,9/26/2025
dataflow,IMF.RES:WEO(9.0.0),R,THA,NGDP,A,2030,22404228469000,9,,3,,,B1GQ,,,,,,,,,V,,,,XDC,,,OL,9/26/2025
dataflow,IMF.RES:WEO(9.0.0),R,THA,NGDP,A,2031,23367092268000,9,,3,,,B1GQ,,,,,,,,,V,,,,XDC,,,OL,9/26/2025
dataflow,IMF.RES:WEO(9.0.0),R,THA,NGDPD,A,2026,579995524000,9,,3,,,B1GQ,,,,,,,,,V,,,,USD,,,OL,9/26/2025
dataflow,IMF.RES:WEO(9.0.0),R,THA,NGDPD,A,2027,584044690000,9,,3,,,B1GQ,,,,,,,,,V,,,,USD,,,OL,9/26/2025
dataflow,IMF.RES:WEO(9.0.0),R,THA,NGDPD,A,2028,599255374000,9,,3,,,B1GQ,,,,,,,,,V,,,,USD,,,OL,9/26/2025
dataflow,IMF.RES:WEO(9.0.0),R,THA,NGDPD,A,2029,622613909000,9,,3,,,B1GQ,,,,,,,,,V,,,,USD,,,OL,9/26/2025
dataflow,IMF.RES:WEO(9.0.0),R,THA,NGDPD,A,2030,647521054000,9,,3,,,B1GQ,,,,,,,,,V,,,,USD,,,OL,9/26/2025
dataflow,IMF.RES:WEO(9.0.0),R,THA,NGDPD,A,2031,675349488000,9,,3,,,B1GQ,,,,,,,,,V,,,,USD,,,OL,9/26/2025
dataflow,IMF.RES:WEO(9.0.0),R,THA,NGDPDPC,A,2026,8105.067809,0,,3,,,B1GQ,,,,,,,,,V,,,,USD,,,OL,9/26/2025
dataflow,IMF.RES:WEO(9.0.0),R,THA,NGDPDPC,A,2027,8169.81053,0,,3,,,B1GQ,,,,,,,,,V,,,,USD,,,OL,9/26/2025
dataflow,IMF.RES:WEO(9.0.0),R,THA,NGDPDPC,A,2028,8392.110357,0,,3,,,B1GQ,,,,,,,,,V,,,,USD,,,OL,9/26/2025
dataflow,IMF.RES:WEO(9.0.0),R,THA,NGDPDPC,A,2029,8730.330132,0,,3,,,B1GQ,,,,,,,,,V,,,,USD,,,OL,9/26/2025
dataflow,IMF.RES:WEO(9.0.0),R,THA,NGDPDPC,A,2030,9092.478467,0,,3,,,B1GQ,,,,,,,,,V,,,,USD,,,OL,9/26/2025
dataflow,IMF.RES:WEO(9.0.0),R,THA,NGDPDPC,A,2031,9498.049168,0,,3,,,B1GQ,,,,,,,,,V,,,,USD,,,OL,9/26/2025
dataflow,IMF.RES:WEO(9.0.0),R,THA,NGDPPC,A,2026,271519.7716,0,,3,,,B1GQ,,,,,,,,,V,,,,XDC,,,OL,9/26/2025
dataflow,IMF.RES:WEO(9.0.0),R,THA,NGDPPC,A,2027,280224.501181,0,,3,,,B1GQ,,,,,,,,,V,,,,XDC,,,OL,9/26/2025
dataflow,IMF.RES:WEO(9.0.0),R,THA,NGDPPC,A,2028,290367.018368,0,,3,,,B1GQ,,,,,,,,,V,,,,XDC,,,OL,9/26/2025
dataflow,IMF.RES:WEO(9.0.0),R,THA,NGDPPC,A,2029,302069.422565,0,,3,,,B1GQ,,,,,,,,,V,,,,XDC,,,OL,9/26/2025
dataflow,IMF.RES:WEO(9.0.0),R,THA,NGDPPC,A,2030,314599.754942,0,,3,,,B1GQ,,,,,,,,,V,,,,XDC,,,OL,9/26/2025
dataflow,IMF.RES:WEO(9.0.0),R,THA,NGDPPC,A,2031,328632.501222,0,,3,,,B1GQ,,,,,,,,,V,,,,XDC,,,OL,9/26/2025
dataflow,IMF.RES:WEO(9.0.0),R,THA,NGDPRPC,A,2026,163481.099409,0,,3,,,B1GQ,,,,,,,,,Q,,,,XDC,,,OL,9/26/2025
dataflow,IMF.RES:WEO(9.0.0),R,THA,NGDPRPC,A,2027,167081.938754,0,,3,,,B1GQ,,,,,,,,,Q,,,,XDC,,,OL,9/26/2025
dataflow,IMF.RES:WEO(9.0.0),R,THA,NGDPRPC,A,2028,171105.624227,0,,3,,,B1GQ,,,,,,,,,Q,,,,XDC,,,OL,9/26/2025
dataflow,IMF.RES:WEO(9.0.0),R,THA,NGDPRPC,A,2029,175531.779169,0,,3,,,B1GQ,,,,,,,,,Q,,,,XDC,,,OL,9/26/2025
dataflow,IMF.RES:WEO(9.0.0),R,THA,NGDPRPC,A,2030,180170.280962,0,,3,,,B1GQ,,,,,,,,,Q,,,,XDC,,,OL,9/26/2025
dataflow,IMF.RES:WEO(9.0.0),R,THA,NGDPRPC,A,2031,184962.855618,0,,3,,,B1GQ,,,,,,,,,Q,,,,XDC,,,OL,9/26/2025
dataflow,IMF.RES:WEO(9.0.0),R,THA,NGDPRPPPPC,A,2026,22788.367647,0,,3,,,B1GQ,,,,,,,,,Q,,,,,,,OL,9/26/2025
dataflow,IMF.RES:WEO(9.0.0),R,THA,NGDPRPPPPC,A,2027,23290.304881,0,,3,,,B1GQ,,,,,,,,,Q,,,,,,,OL,9/26/2025
dataflow,IMF.RES:WEO(9.0.0),R,THA,NGDPRPPPPC,A,2028,23851.184544,0,,3,,,B1GQ,,,,,,,,,Q,,,,,,,OL,9/26/2025
dataflow,IMF.RES:WEO(9.0.0),R,THA,NGDPRPPPPC,A,2029,24468.16624,0,,3,,,B1GQ,,,,,,,,,Q,,,,,,,OL,9/26/2025
dataflow,IMF.RES:WEO(9.0.0),R,THA,NGDPRPPPPC,A,2030,25114.747922,0,,3,,,B1GQ,,,,,,,,,Q,,,,,,,OL,9/26/2025
dataflow,IMF.RES:WEO(9.0.0),R,THA,NGDPRPPPPC,A,2031,25782.806515,0,,3,,,B1GQ,,,,,,,,,Q,,,,,,,OL,9/26/2025
dataflow,IMF.RES:WEO(9.0.0),R,THA,NGDP_D,A,2026,166.086338,0,,3,,,B1GQ,,,,,,,,PD,,,,,IX,,,OL,9/26/2025
dataflow,IMF.RES:WEO(9.0.0),R,THA,NGDP_D,A,2027,167.716812,0,,3,,,B1GQ,,,,,,,,PD,,,,,IX,,,OL,9/26/2025
dataflow,IMF.RES:WEO(9.0.0),R,THA,NGDP_D,A,2028,169.700452,0,,3,,,B1GQ,,,,,,,,PD,,,,,IX,,,OL,9/26/2025
dataflow,IMF.RES:WEO(9.0.0),R,THA,NGDP_D,A,2029,172.088168,0,,3,,,B1GQ,,,,,,,,PD,,,,,IX,,,OL,9/26/2025
dataflow,IMF.RES:WEO(9.0.0),R,THA,NGDP_D,A,2030,174.612457,0,,3,,,B1GQ,,,,,,,,PD,,,,,IX,,,OL,9/26/2025
dataflow,IMF.RES:WEO(9.0.0),R,THA,NGDP_D,A,2031,177.674863,0,,3,,,B1GQ,,,,,,,,PD,,,,,IX,,,OL,9/26/2025
dataflow,IMF.RES:WEO(9.0.0),R,THA,NGDP_FY,A,2026,19315814787000,9,,3,,,B1GQ,,,,,,,,,V,,,,XDC,,,OL,9/26/2025
dataflow,IMF.RES:WEO(9.0.0),R,THA,NGDP_FY,A,2027,19882012154000,9,,3,,,B1GQ,,,,,,,,,V,,,,XDC,,,OL,9/26/2025
dataflow,IMF.RES:WEO(9.0.0),R,THA,NGDP_FY,A,2028,20558860168000,9,,3,,,B1GQ,,,,,,,,,V,,,,XDC,,,OL,9/26/2025
dataflow,IMF.RES:WEO(9.0.0),R,THA,NGDP_FY,A,2029,21340389914000,9,,3,,,B1GQ,,,,,,,,,V,,,,XDC,,,OL,9/26/2025
dataflow,IMF.RES:WEO(9.0.0),R,THA,NGDP_FY,A,2030,22188781662000,9,,3,,,B1GQ,,,,,,,,,V,,,,XDC,,,OL,9/26/2025
dataflow,IMF.RES:WEO(9.0.0),R,THA,NGDP_FY,A,2031,23126376318000,9,,3,,,B1GQ,,,,,,,,,V,,,,XDC,,,OL,9/26/2025
dataflow,IMF.RES:WEO(9.0.0),R,THA,NGDP_R,A,2026,11698644370000,9,,3,,,B1GQ,,,,,,,,,Q,,,,XDC,,,OL,9/26/2025
dataflow,IMF.RES:WEO(9.0.0),R,THA,NGDP_R,A,2027,11944379702000,9,,3,,,B1GQ,,,,,,,,,Q,,,,XDC,,,OL,9/26/2025
dataflow,IMF.RES:WEO(9.0.0),R,THA,NGDP_R,A,2028,12218138283000,9,,3,,,B1GQ,,,,,,,,,Q,,,,XDC,,,OL,9/26/2025
dataflow,IMF.RES:WEO(9.0.0),R,THA,NGDP_R,A,2029,12518258241000,9,,3,,,B1GQ,,,,,,,,,Q,,,,XDC,,,OL,9/26/2025
dataflow,IMF.RES:WEO(9.0.0),R,THA,NGDP_R,A,2030,12830830522000,9,,3,,,B1GQ,,,,,,,,,Q,,,,XDC,,,OL,9/26/2025
dataflow,IMF.RES:WEO(9.0.0),R,THA,NGDP_R,A,2031,13151602770000,9,,3,,,B1GQ,,,,,,,,,Q,,,,XDC,,,OL,9/26/2025
dataflow,IMF.RES:WEO(9.0.0),R,THA,NGDP_RPCH,A,2026,1.5,0,,3,,,B1GQ,,,,,,,,,Q,,,,PT,,,OL,9/26/2025
dataflow,IMF.RES:WEO(9.0.0),R,THA,NGDP_RPCH,A,2027,2.100545,0,,3,,,B1GQ,,,,,,,,,Q,,,,PT,,,OL,9/26/2025
dataflow,IMF.RES:WEO(9.0.0),R,THA,NGDP_RPCH,A,2028,2.291945,0,,3,,,B1GQ,,,,,,,,,Q,,,,PT,,,OL,9/26/2025
dataflow,IMF.RES:WEO(9.0.0),R,THA,NGDP_RPCH,A,2029,2.456348,0,,3,,,B1GQ,,,,,,,,,Q,,,,PT,,,OL,9/26/2025
dataflow,IMF.RES:WEO(9.0.0),R,THA,NGDP_RPCH,A,2030,2.496931,0,,3,,,B1GQ,,,,,,,,,Q,,,,PT,,,OL,9/26/2025
dataflow,IMF.RES:WEO(9.0.0),R,THA,NGDP_RPCH,A,2031,2.500012,0,,3,,,B1GQ,,,,,,,,,Q,,,,PT,,,OL,9/26/2025
dataflow,IMF.RES:WEO(9.0.0),R,THA,NGSD_NGDP,A,2026,22.829154,0,,3,,,B8GNAT,,,,,,,,,,,,,PT,,,OL,9/26/2025
dataflow,IMF.RES:WEO(9.0.0),R,THA,NGSD_NGDP,A,2027,23.311366,0,,3,,,B8GNAT,,,,,,,,,,,,,PT,,,OL,9/26/2025
dataflow,IMF.RES:WEO(9.0.0),R,THA,NGSD_NGDP,A,2028,23.691301,0,,3,,,B8GNAT,,,,,,,,,,,,,PT,,,OL,9/26/2025
dataflow,IMF.RES:WEO(9.0.0),R,THA,NGSD_NGDP,A,2029,23.907824,0,,3,,,B8GNAT,,,,,,,,,,,,,PT,,,OL,9/26/2025
dataflow,IMF.RES:WEO(9.0.0),R,THA,NGSD_NGDP,A,2030,23.855933,0,,3,,,B8GNAT,,,,,,,,,,,,,PT,,,OL,9/26/2025
dataflow,IMF.RES:WEO(9.0.0),R,THA,NGSD_NGDP,A,2031,23.804778,0,,3,,,B8GNAT,,,,,,,,,,,,,PT,,,OL,9/26/2025
dataflow,IMF.RES:WEO(9.0.0),R,THA,NID_NGDP,A,2026,22.121403,0,,3,,,P5,,,,,,,,,,,,,PT,,,OL,9/26/2025
dataflow,IMF.RES:WEO(9.0.0),R,THA,NID_NGDP,A,2027,21.902137,0,,3,,,P5,,,,,,,,,,,,,PT,,,OL,9/26/2025
dataflow,IMF.RES:WEO(9.0.0),R,THA,NID_NGDP,A,2028,21.7863,0,,3,,,P5,,,,,,,,,,,,,PT,,,OL,9/26/2025
dataflow,IMF.RES:WEO(9.0.0),R,THA,NID_NGDP,A,2029,21.591326,0,,3,,,P5,,,,,,,,,,,,,PT,,,OL,9/26/2025
dataflow,IMF.RES:WEO(9.0.0),R,THA,NID_NGDP,A,2030,21.374444,0,,3,,,P5,,,,,,,,,,,,,PT,,,OL,9/26/2025
dataflow,IMF.RES:WEO(9.0.0),R,THA,NID_NGDP,A,2031,21.1362,0,,3,,,P5,,,,,,,,,,,,,PT,,,OL,9/26/2025
dataflow,IMF.RES:WEO(9.0.0),R,THA,PCPI,A,2026,101.18246,0,,3,,,,,,,,,,,CPI,,,,,IX,,,OL,9/26/2025
dataflow,IMF.RES:WEO(9.0.0),R,THA,PCPI,A,2027,102.200104,0,,3,,,,,,,,,,,CPI,,,,,IX,,,OL,9/26/2025
dataflow,IMF.RES:WEO(9.0.0),R,THA,PCPI,A,2028,103.426505,0,,3,,,,,,,,,,,CPI,,,,,IX,,,OL,9/26/2025
dataflow,IMF.RES:WEO(9.0.0),R,THA,PCPI,A,2029,104.874477,0,,3,,,,,,,,,,,CPI,,,,,IX,,,OL,9/26/2025
dataflow,IMF.RES:WEO(9.0.0),R,THA,PCPI,A,2030,106.447594,0,,3,,,,,,,,,,,CPI,,,,,IX,,,OL,9/26/2025
dataflow,IMF.RES:WEO(9.0.0),R,THA,PCPI,A,2031,108.36365,0,,3,,,,,,,,,,,CPI,,,,,IX,,,OL,9/26/2025
dataflow,IMF.RES:WEO(9.0.0),R,THA,PCPIE,A,2026,101.717592,0,,3,,,,,,,,,,,CPI,,,,,IX,,,OL,9/26/2025
dataflow,IMF.RES:WEO(9.0.0),R,THA,PCPIE,A,2027,102.53673,0,,3,,,,,,,,,,,CPI,,,,,IX,,,OL,9/26/2025
dataflow,IMF.RES:WEO(9.0.0),R,THA,PCPIE,A,2028,104.279854,0,,3,,,,,,,,,,,CPI,,,,,IX,,,OL,9/26/2025
dataflow,IMF.RES:WEO(9.0.0),R,THA,PCPIE,A,2029,106.052612,0,,3,,,,,,,,,,,CPI,,,,,IX,,,OL,9/26/2025
dataflow,IMF.RES:WEO(9.0.0),R,THA,PCPIE,A,2030,107.961559,0,,3,,,,,,,,,,,CPI,,,,,IX,,,OL,9/26/2025
dataflow,IMF.RES:WEO(9.0.0),R,THA,PCPIE,A,2031,110.12079,0,,3,,,,,,,,,,,CPI,,,,,IX,,,OL,9/26/2025
dataflow,IMF.RES:WEO(9.0.0),R,THA,PCPIEPCH,A,2026,1.524695,0,,3,,,,,,,,,,,CPI,,,,,PT,,,OL,9/26/2025
dataflow,IMF.RES:WEO(9.0.0),R,THA,PCPIEPCH,A,2027,0.805306,0,,3,,,,,,,,,,,CPI,,,,,PT,,,OL,9/26/2025
dataflow,IMF.RES:WEO(9.0.0),R,THA,PCPIEPCH,A,2028,1.7,0,,3,,,,,,,,,,,CPI,,,,,PT,,,OL,9/26/2025
dataflow,IMF.RES:WEO(9.0.0),R,THA,PCPIEPCH,A,2029,1.7,0,,3,,,,,,,,,,,CPI,,,,,PT,,,OL,9/26/2025
dataflow,IMF.RES:WEO(9.0.0),R,THA,PCPIEPCH,A,2030,1.8,0,,3,,,,,,,,,,,CPI,,,,,PT,,,OL,9/26/2025
dataflow,IMF.RES:WEO(9.0.0),R,THA,PCPIEPCH,A,2031,2,0,,3,,,,,,,,,,,CPI,,,,,PT,,,OL,9/26/2025
dataflow,IMF.RES:WEO(9.0.0),R,THA,PCPIPCH,A,2026,0.915874,0,,3,,,,,,,,,,,CPI,,,,,PT,,,OL,9/26/2025
dataflow,IMF.RES:WEO(9.0.0),R,THA,PCPIPCH,A,2027,1.005752,0,,3,,,,,,,,,,,CPI,,,,,PT,,,OL,9/26/2025
dataflow,IMF.RES:WEO(9.0.0),R,THA,PCPIPCH,A,2028,1.2,0,,3,,,,,,,,,,,CPI,,,,,PT,,,OL,9/26/2025
dataflow,IMF.RES:WEO(9.0.0),R,THA,PCPIPCH,A,2029,1.4,0,,3,,,,,,,,,,,CPI,,,,,PT,,,OL,9/26/2025
dataflow,IMF.RES:WEO(9.0.0),R,THA,PCPIPCH,A,2030,1.5,0,,3,,,,,,,,,,,CPI,,,,,PT,,,OL,9/26/2025
dataflow,IMF.RES:WEO(9.0.0),R,THA,PCPIPCH,A,2031,1.8,0,,3,,,,,,,,,,,CPI,,,,,PT,,,OL,9/26/2025
dataflow,IMF.RES:WEO(9.0.0),R,THA,PPPEX,A,2026,9.894736,0,,3,,,,,,,,,,,,,RT,XDC_PU,,,,,OL,9/26/2025
dataflow,IMF.RES:WEO(9.0.0),R,THA,PPPEX,A,2027,9.777176,0,,3,,,,,,,,,,,,,RT,XDC_PU,,,,,OL,9/26/2025
dataflow,IMF.RES:WEO(9.0.0),R,THA,PPPEX,A,2028,9.733056,0,,3,,,,,,,,,,,,,RT,XDC_PU,,,,,OL,9/26/2025
dataflow,IMF.RES:WEO(9.0.0),R,THA,PPPEX,A,2029,9.697569,0,,3,,,,,,,,,,,,,RT,XDC_PU,,,,,OL,9/26/2025
dataflow,IMF.RES:WEO(9.0.0),R,THA,PPPEX,A,2030,9.662272,0,,3,,,,,,,,,,,,,RT,XDC_PU,,,,,OL,9/26/2025
dataflow,IMF.RES:WEO(9.0.0),R,THA,PPPEX,A,2031,9.657386,0,,3,,,,,,,,,,,,,RT,XDC_PU,,,,,OL,9/26/2025
dataflow,IMF.RES:WEO(9.0.0),R,THA,PPPGDP,A,2026,1963655166000,9,,3,,,B1GQ,,,,,,,,,V,,,,,,,OL,9/26/2025
dataflow,IMF.RES:WEO(9.0.0),R,THA,PPPGDP,A,2027,2048928332000,9,,3,,,B1GQ,,,,,,,,,V,,,,,,,OL,9/26/2025
dataflow,IMF.RES:WEO(9.0.0),R,THA,PPPGDP,A,2028,2130290354000,9,,3,,,B1GQ,,,,,,,,,V,,,,,,,OL,9/26/2025
dataflow,IMF.RES:WEO(9.0.0),R,THA,PPPGDP,A,2029,2221427004000,9,,3,,,B1GQ,,,,,,,,,V,,,,,,,OL,9/26/2025
dataflow,IMF.RES:WEO(9.0.0),R,THA,PPPGDP,A,2030,2318733053000,9,,3,,,B1GQ,,,,,,,,,V,,,,,,,OL,9/26/2025
dataflow,IMF.RES:WEO(9.0.0),R,THA,PPPGDP,A,2031,2419608285000,9,,3,,,B1GQ,,,,,,,,,V,,,,,,,OL,9/26/2025
dataflow,IMF.RES:WEO(9.0.0),R,THA,PPPPC,A,2026,27440.829494,0,,3,,,B1GQ,,,,,,,,,,,,,,,,OL,9/26/2025
dataflow,IMF.RES:WEO(9.0.0),R,THA,PPPPC,A,2027,28661.088024,0,,3,,,B1GQ,,,,,,,,,,,,,,,,OL,9/26/2025
dataflow,IMF.RES:WEO(9.0.0),R,THA,PPPPC,A,2028,29833.07705,0,,3,,,B1GQ,,,,,,,,,,,,,,,,OL,9/26/2025
dataflow,IMF.RES:WEO(9.0.0),R,THA,PPPPC,A,2029,31148.984687,0,,3,,,B1GQ,,,,,,,,,,,,,,,,OL,9/26/2025
dataflow,IMF.RES:WEO(9.0.0),R,THA,PPPPC,A,2030,32559.605932,0,,3,,,B1GQ,,,,,,,,,,,,,,,,OL,9/26/2025
dataflow,IMF.RES:WEO(9.0.0),R,THA,PPPPC,A,2031,34029.134369,0,,3,,,B1GQ,,,,,,,,,,,,,,,,OL,9/26/2025
dataflow,IMF.RES:WEO(9.0.0),R,THA,PPPSH,A,2026,0.881513,0,,3,,,B1GQ,,,,,,,,,,,,,PT,,,OL,9/26/2025
dataflow,IMF.RES:WEO(9.0.0),R,THA,PPPSH,A,2027,0.872197,0,,3,,,B1GQ,,,,,,,,,,,,,PT,,,OL,9/26/2025
dataflow,IMF.RES:WEO(9.0.0),R,THA,PPPSH,A,2028,0.864446,0,,3,,,B1GQ,,,,,,,,,,,,,PT,,,OL,9/26/2025
dataflow,IMF.RES:WEO(9.0.0),R,THA,PPPSH,A,2029,0.858802,0,,3,,,B1GQ,,,,,,,,,,,,,PT,,,OL,9/26/2025
dataflow,IMF.RES:WEO(9.0.0),R,THA,PPPSH,A,2030,0.854237,0,,3,,,B1GQ,,,,,,,,,,,,,PT,,,OL,9/26/2025
dataflow,IMF.RES:WEO(9.0.0),R,THA,PPPSH,A,2031,0.849746,0,,3,,,B1GQ,,,,,,,,,,,,,PT,,,OL,9/26/2025
dataflow,IMF.RES:WEO(9.0.0),R,THA,TMG_RPCH,A,2026,0.297314,0,,3,,,,,,MG,,,,,,VL,,,,PT,,,OL,9/26/2025
dataflow,IMF.RES:WEO(9.0.0),R,THA,TMG_RPCH,A,2027,3.029283,0,,3,,,,,,MG,,,,,,VL,,,,PT,,,OL,9/26/2025
dataflow,IMF.RES:WEO(9.0.0),R,THA,TMG_RPCH,A,2028,3.06149,0,,3,,,,,,MG,,,,,,VL,,,,PT,,,OL,9/26/2025
dataflow,IMF.RES:WEO(9.0.0),R,THA,TMG_RPCH,A,2029,2.837888,0,,3,,,,,,MG,,,,,,VL,,,,PT,,,OL,9/26/2025
dataflow,IMF.RES:WEO(9.0.0),R,THA,TMG_RPCH,A,2030,2.788552,0,,3,,,,,,MG,,,,,,VL,,,,PT,,,OL,9/26/2025
dataflow,IMF.RES:WEO(9.0.0),R,THA,TMG_RPCH,A,2031,3.018918,0,,3,,,,,,MG,,,,,,VL,,,,PT,,,OL,9/26/2025
dataflow,IMF.RES:WEO(9.0.0),R,THA,TM_RPCH,A,2026,0.45023,0,,3,,,,,,MGS,,,,,,VL,,,,PT,,,OL,9/26/2025
dataflow,IMF.RES:WEO(9.0.0),R,THA,TM_RPCH,A,2027,2.674943,0,,3,,,,,,MGS,,,,,,VL,,,,PT,,,OL,9/26/2025
dataflow,IMF.RES:WEO(9.0.0),R,THA,TM_RPCH,A,2028,2.595236,0,,3,,,,,,MGS,,,,,,VL,,,,PT,,,OL,9/26/2025
dataflow,IMF.RES:WEO(9.0.0),R,THA,TM_RPCH,A,2029,2.645974,0,,3,,,,,,MGS,,,,,,VL,,,,PT,,,OL,9/26/2025
dataflow,IMF.RES:WEO(9.0.0),R,THA,TM_RPCH,A,2030,2.652237,0,,3,,,,,,MGS,,,,,,VL,,,,PT,,,OL,9/26/2025
dataflow,IMF.RES:WEO(9.0.0),R,THA,TM_RPCH,A,2031,2.8196,0,,3,,,,,,MGS,,,,,,VL,,,,PT,,,OL,9/26/2025
dataflow,IMF.RES:WEO(9.0.0),R,THA,TXG_RPCH,A,2026,-0.799571,0,,3,,,,,,XG,,,,,,VL,,,,PT,,,OL,9/26/2025
dataflow,IMF.RES:WEO(9.0.0),R,THA,TXG_RPCH,A,2027,3.011791,0,,3,,,,,,XG,,,,,,VL,,,,PT,,,OL,9/26/2025
dataflow,IMF.RES:WEO(9.0.0),R,THA,TXG_RPCH,A,2028,3.320017,0,,3,,,,,,XG,,,,,,VL,,,,PT,,,OL,9/26/2025
dataflow,IMF.RES:WEO(9.0.0),R,THA,TXG_RPCH,A,2029,3.048984,0,,3,,,,,,XG,,,,,,VL,,,,PT,,,OL,9/26/2025
dataflow,IMF.RES:WEO(9.0.0),R,THA,TXG_RPCH,A,2030,2.696068,0,,3,,,,,,XG,,,,,,VL,,,,PT,,,OL,9/26/2025
dataflow,IMF.RES:WEO(9.0.0),R,THA,TXG_RPCH,A,2031,2.879407,0,,3,,,,,,XG,,,,,,VL,,,,PT,,,OL,9/26/2025
dataflow,IMF.RES:WEO(9.0.0),R,THA,TX_RPCH,A,2026,-0.230685,0,,3,,,,,,XGS,,,,,,VL,,,,PT,,,OL,9/26/2025
dataflow,IMF.RES:WEO(9.0.0),R,THA,TX_RPCH,A,2027,2.858853,0,,3,,,,,,XGS,,,,,,VL,,,,PT,,,OL,9/26/2025
dataflow,IMF.RES:WEO(9.0.0),R,THA,TX_RPCH,A,2028,2.910459,0,,3,,,,,,XGS,,,,,,VL,,,,PT,,,OL,9/26/2025
dataflow,IMF.RES:WEO(9.0.0),R,THA,TX_RPCH,A,2029,3.028335,0,,3,,,,,,XGS,,,,,,VL,,,,PT,,,OL,9/26/2025
dataflow,IMF.RES:WEO(9.0.0),R,THA,TX_RPCH,A,2030,2.946555,0,,3,,,,,,XGS,,,,,,VL,,,,PT,,,OL,9/26/2025
dataflow,IMF.RES:WEO(9.0.0),R,THA,TX_RPCH,A,2031,3.091713,0,,3,,,,,,XGS,,,,,,VL,,,,PT,,,OL,9/26/2025