dataflow,IMF.RES:WEO(9.0.0),R,TKM,BCA,A,2026,3098883000,9,,3,,CAB,,,,,,,,,,,,,,USD,,,OL,9/29/2025
dataflow,IMF.RES:WEO(9.0.0),R,TKM,BCA,A,2027,1404935000,9,,3,,CAB,,,,,,,,,,,,,,USD,,,OL,9/29/2025
dataflow,IMF.RES:WEO(9.0.0),R,TKM,BCA,A,2028,785522000,9,,3,,CAB,,,,,,,,,,,,,,USD,,,OL,9/29/2025
dataflow,IMF.RES:WEO(9.0.0),R,TKM,BCA,A,2029,-60626000,9,,3,,CAB,,,,,,,,,,,,,,USD,,,OL,9/29/2025
dataflow,IMF.RES:WEO(9.0.0),R,TKM,BCA,A,2030,-724155000,9,,3,,CAB,,,,,,,,,,,,,,USD,,,OL,9/29/2025
dataflow,IMF.RES:WEO(9.0.0),R,TKM,BCA,A,2031,-1457325000,9,,3,,CAB,,,,,,,,,,,,,,USD,,,OL,9/29/2025
dataflow,IMF.RES:WEO(9.0.0),R,TKM,BCA_NGDPD,A,2026,3.730683,0,,3,,CAB,,,,,,,,,,,,,,PT,,,OL,9/29/2025
dataflow,IMF.RES:WEO(9.0.0),R,TKM,BCA_NGDPD,A,2027,1.598174,0,,3,,CAB,,,,,,,,,,,,,,PT,,,OL,9/29/2025
dataflow,IMF.RES:WEO(9.0.0),R,TKM,BCA_NGDPD,A,2028,0.836875,0,,3,,CAB,,,,,,,,,,,,,,PT,,,OL,9/29/2025
dataflow,IMF.RES:WEO(9.0.0),R,TKM,BCA_NGDPD,A,2029,-0.060424,0,,3,,CAB,,,,,,,,,,,,,,PT,,,OL,9/29/2025
dataflow,IMF.RES:WEO(9.0.0),R,TKM,BCA_NGDPD,A,2030,-0.675001,0,,3,,CAB,,,,,,,,,,,,,,PT,,,OL,9/29/2025
dataflow,IMF.RES:WEO(9.0.0),R,TKM,BCA_NGDPD,A,2031,-1.270202,0,,3,,CAB,,,,,,,,,,,,,,PT,,,OL,9/29/2025
dataflow,IMF.RES:WEO(9.0.0),R,TKM,GGR,A,2026,40187224000,9,,3,,,,G1,,,,,S13,,,,,,,XDC,,,OL,9/29/2025
dataflow,IMF.RES:WEO(9.0.0),R,TKM,GGR,A,2027,41314233000,9,,3,,,,G1,,,,,S13,,,,,,,XDC,,,OL,9/29/2025
dataflow,IMF.RES:WEO(9.0.0),R,TKM,GGR,A,2028,43390394000,9,,3,,,,G1,,,,,S13,,,,,,,XDC,,,OL,9/29/2025
dataflow,IMF.RES:WEO(9.0.0),R,TKM,GGR,A,2029,45693532000,9,,3,,,,G1,,,,,S13,,,,,,,XDC,,,OL,9/29/2025
dataflow,IMF.RES:WEO(9.0.0),R,TKM,GGR,A,2030,48139280000,9,,3,,,,G1,,,,,S13,,,,,,,XDC,,,OL,9/29/2025
dataflow,IMF.RES:WEO(9.0.0),R,TKM,GGR,A,2031,50718516000,9,,3,,,,G1,,,,,S13,,,,,,,XDC,,,OL,9/29/2025
dataflow,IMF.RES:WEO(9.0.0),R,TKM,GGR_NGDP,A,2026,13.823025,0,,3,,,,G1,,,,,S13,,,,,,,PT,,,OL,9/29/2025
dataflow,IMF.RES:WEO(9.0.0),R,TKM,GGR_NGDP,A,2027,13.427629,0,,3,,,,G1,,,,,S13,,,,,,,PT,,,OL,9/29/2025
dataflow,IMF.RES:WEO(9.0.0),R,TKM,GGR_NGDP,A,2028,13.207721,0,,3,,,,G1,,,,,S13,,,,,,,PT,,,OL,9/29/2025
dataflow,IMF.RES:WEO(9.0.0),R,TKM,GGR_NGDP,A,2029,13.011682,0,,3,,,,G1,,,,,S13,,,,,,,PT,,,OL,9/29/2025
dataflow,IMF.RES:WEO(9.0.0),R,TKM,GGR_NGDP,A,2030,12.820492,0,,3,,,,G1,,,,,S13,,,,,,,PT,,,OL,9/29/2025
dataflow,IMF.RES:WEO(9.0.0),R,TKM,GGR_NGDP,A,2031,12.63034,0,,3,,,,G1,,,,,S13,,,,,,,PT,,,OL,9/29/2025
dataflow,IMF.RES:WEO(9.0.0),R,TKM,GGX,A,2026,39199655000,9,,3,,,,G2M,,,,,S13,,,,,,,XDC,,,OL,9/29/2025
dataflow,IMF.RES:WEO(9.0.0),R,TKM,GGX,A,2027,41524636000,9,,3,,,,G2M,,,,,S13,,,,,,,XDC,,,OL,9/29/2025
dataflow,IMF.RES:WEO(9.0.0),R,TKM,GGX,A,2028,44199284000,9,,3,,,,G2M,,,,,S13,,,,,,,XDC,,,OL,9/29/2025
dataflow,IMF.RES:WEO(9.0.0),R,TKM,GGX,A,2029,47088197000,9,,3,,,,G2M,,,,,S13,,,,,,,XDC,,,OL,9/29/2025
dataflow,IMF.RES:WEO(9.0.0),R,TKM,GGX,A,2030,50196532000,9,,3,,,,G2M,,,,,S13,,,,,,,XDC,,,OL,9/29/2025
dataflow,IMF.RES:WEO(9.0.0),R,TKM,GGX,A,2031,53535857000,9,,3,,,,G2M,,,,,S13,,,,,,,XDC,,,OL,9/29/2025
dataflow,IMF.RES:WEO(9.0.0),R,TKM,GGXCNL,A,2026,987570000,9,,3,,,,GNLB,,,,,S13,,,,,,,XDC,,,OL,9/29/2025
dataflow,IMF.RES:WEO(9.0.0),R,TKM,GGXCNL,A,2027,-210403000,9,,3,,,,GNLB,,,,,S13,,,,,,,XDC,,,OL,9/29/2025
dataflow,IMF.RES:WEO(9.0.0),R,TKM,GGXCNL,A,2028,-808889000,9,,3,,,,GNLB,,,,,S13,,,,,,,XDC,,,OL,9/29/2025
dataflow,IMF.RES:WEO(9.0.0),R,TKM,GGXCNL,A,2029,-1394665000,9,,3,,,,GNLB,,,,,S13,,,,,,,XDC,,,OL,9/29/2025
dataflow,IMF.RES:WEO(9.0.0),R,TKM,GGXCNL,A,2030,-2057252000,9,,3,,,,GNLB,,,,,S13,,,,,,,XDC,,,OL,9/29/2025
dataflow,IMF.RES:WEO(9.0.0),R,TKM,GGXCNL,A,2031,-2817341000,9,,3,,,,GNLB,,,,,S13,,,,,,,XDC,,,OL,9/29/2025
dataflow,IMF.RES:WEO(9.0.0),R,TKM,GGXCNL_NGDP,A,2026,0.33969,0,,3,,,,GNLB,,,,,S13,,,,,,,PT,,,OL,9/29/2025
dataflow,IMF.RES:WEO(9.0.0),R,TKM,GGXCNL_NGDP,A,2027,-0.068383,0,,3,,,,GNLB,,,,,S13,,,,,,,PT,,,OL,9/29/2025
dataflow,IMF.RES:WEO(9.0.0),R,TKM,GGXCNL_NGDP,A,2028,-0.24622,0,,3,,,,GNLB,,,,,S13,,,,,,,PT,,,OL,9/29/2025
dataflow,IMF.RES:WEO(9.0.0),R,TKM,GGXCNL_NGDP,A,2029,-0.397144,0,,3,,,,GNLB,,,,,S13,,,,,,,PT,,,OL,9/29/2025
dataflow,IMF.RES:WEO(9.0.0),R,TKM,GGXCNL_NGDP,A,2030,-0.547889,0,,3,,,,GNLB,,,,,S13,,,,,,,PT,,,OL,9/29/2025
dataflow,IMF.RES:WEO(9.0.0),R,TKM,GGXCNL_NGDP,A,2031,-0.701597,0,,3,,,,GNLB,,,,,S13,,,,,,,PT,,,OL,9/29/2025
dataflow,IMF.RES:WEO(9.0.0),R,TKM,GGXWDG,A,2026,10721183000,9,,3,,,,G63G,,,,,S13,,,,,,,XDC,,,OL,9/29/2025
dataflow,IMF.RES:WEO(9.0.0),R,TKM,GGXWDG,A,2027,11505069000,9,,3,,,,G63G,,,,,S13,,,,,,,XDC,,,OL,9/29/2025
dataflow,IMF.RES:WEO(9.0.0),R,TKM,GGXWDG,A,2028,12988057000,9,,3,,,,G63G,,,,,S13,,,,,,,XDC,,,OL,9/29/2025
dataflow,IMF.RES:WEO(9.0.0),R,TKM,GGXWDG,A,2029,15003620000,9,,3,,,,G63G,,,,,S13,,,,,,,XDC,,,OL,9/29/2025
dataflow,IMF.RES:WEO(9.0.0),R,TKM,GGXWDG,A,2030,17240418000,9,,3,,,,G63G,,,,,S13,,,,,,,XDC,,,OL,9/29/2025
dataflow,IMF.RES:WEO(9.0.0),R,TKM,GGXWDG,A,2031,19657125000,9,,3,,,,G63G,,,,,S13,,,,,,,XDC,,,OL,9/29/2025
dataflow,IMF.RES:WEO(9.0.0),R,TKM,GGXWDG_NGDP,A,2026,3.687719,0,,3,,,,G63G,,,,,S13,,,,,,,PT,,,OL,9/29/2025
dataflow,IMF.RES:WEO(9.0.0),R,TKM,GGXWDG_NGDP,A,2027,3.739288,0,,3,,,,G63G,,,,,S13,,,,,,,PT,,,OL,9/29/2025
dataflow,IMF.RES:WEO(9.0.0),R,TKM,GGXWDG_NGDP,A,2028,3.95347,0,,3,,,,G63G,,,,,S13,,,,,,,PT,,,OL,9/29/2025
dataflow,IMF.RES:WEO(9.0.0),R,TKM,GGXWDG_NGDP,A,2029,4.272428,0,,3,,,,G63G,,,,,S13,,,,,,,PT,,,OL,9/29/2025
dataflow,IMF.RES:WEO(9.0.0),R,TKM,GGXWDG_NGDP,A,2030,4.591482,0,,3,,,,G63G,,,,,S13,,,,,,,PT,,,OL,9/29/2025
dataflow,IMF.RES:WEO(9.0.0),R,TKM,GGXWDG_NGDP,A,2031,4.895178,0,,3,,,,G63G,,,,,S13,,,,,,,PT,,,OL,9/29/2025
dataflow,IMF.RES:WEO(9.0.0),R,TKM,GGX_NGDP,A,2026,13.483335,0,,3,,,,G2M,,,,,S13,,,,,,,PT,,,OL,9/29/2025
dataflow,IMF.RES:WEO(9.0.0),R,TKM,GGX_NGDP,A,2027,13.496012,0,,3,,,,G2M,,,,,S13,,,,,,,PT,,,OL,9/29/2025
dataflow,IMF.RES:WEO(9.0.0),R,TKM,GGX_NGDP,A,2028,13.453941,0,,3,,,,G2M,,,,,S13,,,,,,,PT,,,OL,9/29/2025
dataflow,IMF.RES:WEO(9.0.0),R,TKM,GGX_NGDP,A,2029,13.408826,0,,3,,,,G2M,,,,,S13,,,,,,,PT,,,OL,9/29/2025
dataflow,IMF.RES:WEO(9.0.0),R,TKM,GGX_NGDP,A,2030,13.368381,0,,3,,,,G2M,,,,,S13,,,,,,,PT,,,OL,9/29/2025
dataflow,IMF.RES:WEO(9.0.0),R,TKM,GGX_NGDP,A,2031,13.331937,0,,3,,,,G2M,,,,,S13,,,,,,,PT,,,OL,9/29/2025
dataflow,IMF.RES:WEO(9.0.0),R,TKM,LP,A,2026,6752978,6,,3,,,,,,,,POP,,,,,,,,,,,OL,9/29/2025
dataflow,IMF.RES:WEO(9.0.0),R,TKM,LP,A,2027,6826380,6,,3,,,,,,,,POP,,,,,,,,,,,OL,9/29/2025
dataflow,IMF.RES:WEO(9.0.0),R,TKM,LP,A,2028,6897471,6,,3,,,,,,,,POP,,,,,,,,,,,OL,9/29/2025
dataflow,IMF.RES:WEO(9.0.0),R,TKM,LP,A,2029,6966778,6,,3,,,,,,,,POP,,,,,,,,,,,OL,9/29/2025
dataflow,IMF.RES:WEO(9.0.0),R,TKM,LP,A,2030,7034758,6,,3,,,,,,,,POP,,,,,,,,,,,OL,9/29/2025
dataflow,IMF.RES:WEO(9.0.0),R,TKM,LP,A,2031,7101497,6,,3,,,,,,,,POP,,,,,,,,,,,OL,9/29/2025
dataflow,IMF.RES:WEO(9.0.0),R,TKM,NGDP,A,2026,290726702000,9,,3,,,B1GQ,,,,,,,,,V,,,,XDC,,,OL,9/29/2025
dataflow,IMF.RES:WEO(9.0.0),R,TKM,NGDP,A,2027,307680782000,9,,3,,,B1GQ,,,,,,,,,V,,,,XDC,,,OL,9/29/2025
dataflow,IMF.RES:WEO(9.0.0),R,TKM,NGDP,A,2028,328522949000,9,,3,,,B1GQ,,,,,,,,,V,,,,XDC,,,OL,9/29/2025
dataflow,IMF.RES:WEO(9.0.0),R,TKM,NGDP,A,2029,351173142000,9,,3,,,B1GQ,,,,,,,,,V,,,,XDC,,,OL,9/29/2025
dataflow,IMF.RES:WEO(9.0.0),R,TKM,NGDP,A,2030,375487002000,9,,3,,,B1GQ,,,,,,,,,V,,,,XDC,,,OL,9/29/2025
dataflow,IMF.RES:WEO(9.0.0),R,TKM,NGDP,A,2031,401560986000,9,,3,,,B1GQ,,,,,,,,,V,,,,XDC,,,OL,9/29/2025
dataflow,IMF.RES:WEO(9.0.0),R,TKM,NGDPD,A,2026,83064772000,9,,3,,,B1GQ,,,,,,,,,V,,,,USD,,,OL,9/29/2025
dataflow,IMF.RES:WEO(9.0.0),R,TKM,NGDPD,A,2027,87908795000,9,,3,,,B1GQ,,,,,,,,,V,,,,USD,,,OL,9/29/2025
dataflow,IMF.RES:WEO(9.0.0),R,TKM,NGDPD,A,2028,93863700000,9,,3,,,B1GQ,,,,,,,,,V,,,,USD,,,OL,9/29/2025
dataflow,IMF.RES:WEO(9.0.0),R,TKM,NGDPD,A,2029,100335183000,9,,3,,,B1GQ,,,,,,,,,V,,,,USD,,,OL,9/29/2025
dataflow,IMF.RES:WEO(9.0.0),R,TKM,NGDPD,A,2030,107282001000,9,,3,,,B1GQ,,,,,,,,,V,,,,USD,,,OL,9/29/2025
dataflow,IMF.RES:WEO(9.0.0),R,TKM,NGDPD,A,2031,114731710000,9,,3,,,B1GQ,,,,,,,,,V,,,,USD,,,OL,9/29/2025
dataflow,IMF.RES:WEO(9.0.0),R,TKM,NGDPDPC,A,2026,12300.465346,0,,3,,,B1GQ,,,,,,,,,V,,,,USD,,,OL,9/29/2025
dataflow,IMF.RES:WEO(9.0.0),R,TKM,NGDPDPC,A,2027,12877.805629,0,,3,,,B1GQ,,,,,,,,,V,,,,USD,,,OL,9/29/2025
dataflow,IMF.RES:WEO(9.0.0),R,TKM,NGDPDPC,A,2028,13608.422508,0,,3,,,B1GQ,,,,,,,,,V,,,,USD,,,OL,9/29/2025
dataflow,IMF.RES:WEO(9.0.0),R,TKM,NGDPDPC,A,2029,14401.949286,0,,3,,,B1GQ,,,,,,,,,V,,,,USD,,,OL,9/29/2025
dataflow,IMF.RES:WEO(9.0.0),R,TKM,NGDPDPC,A,2030,15250.275939,0,,3,,,B1GQ,,,,,,,,,V,,,,USD,,,OL,9/29/2025
dataflow,IMF.RES:WEO(9.0.0),R,TKM,NGDPDPC,A,2031,16155.990542,0,,3,,,B1GQ,,,,,,,,,V,,,,USD,,,OL,9/29/2025
dataflow,IMF.RES:WEO(9.0.0),R,TKM,NGDPPC,A,2026,43051.628712,0,,3,,,B1GQ,,,,,,,,,V,,,,XDC,,,OL,9/29/2025
dataflow,IMF.RES:WEO(9.0.0),R,TKM,NGDPPC,A,2027,45072.319701,0,,3,,,B1GQ,,,,,,,,,V,,,,XDC,,,OL,9/29/2025
dataflow,IMF.RES:WEO(9.0.0),R,TKM,NGDPPC,A,2028,47629.478779,0,,3,,,B1GQ,,,,,,,,,V,,,,XDC,,,OL,9/29/2025
dataflow,IMF.RES:WEO(9.0.0),R,TKM,NGDPPC,A,2029,50406.8225,0,,3,,,B1GQ,,,,,,,,,V,,,,XDC,,,OL,9/29/2025
dataflow,IMF.RES:WEO(9.0.0),R,TKM,NGDPPC,A,2030,53375.965787,0,,3,,,B1GQ,,,,,,,,,V,,,,XDC,,,OL,9/29/2025
dataflow,IMF.RES:WEO(9.0.0),R,TKM,NGDPPC,A,2031,56545.966897,0,,3,,,B1GQ,,,,,,,,,V,,,,XDC,,,OL,9/29/2025
dataflow,IMF.RES:WEO(9.0.0),R,TKM,NGDPRPC,A,2026,35778.80883,0,,3,,,B1GQ,,,,,,,,,Q,,,,XDC,,,OL,9/29/2025
dataflow,IMF.RES:WEO(9.0.0),R,TKM,NGDPRPC,A,2027,36101.476649,0,,3,,,B1GQ,,,,,,,,,Q,,,,XDC,,,OL,9/29/2025
dataflow,IMF.RES:WEO(9.0.0),R,TKM,NGDPRPC,A,2028,36552.426978,0,,3,,,B1GQ,,,,,,,,,Q,,,,XDC,,,OL,9/29/2025
dataflow,IMF.RES:WEO(9.0.0),R,TKM,NGDPRPC,A,2029,37020.498849,0,,3,,,B1GQ,,,,,,,,,Q,,,,XDC,,,OL,9/29/2025
dataflow,IMF.RES:WEO(9.0.0),R,TKM,NGDPRPC,A,2030,37504.880176,0,,3,,,B1GQ,,,,,,,,,Q,,,,XDC,,,OL,9/29/2025
dataflow,IMF.RES:WEO(9.0.0),R,TKM,NGDPRPC,A,2031,38008.67856,0,,3,,,B1GQ,,,,,,,,,Q,,,,XDC,,,OL,9/29/2025
dataflow,IMF.RES:WEO(9.0.0),R,TKM,NGDPRPPPPC,A,2026,20220.665555,0,,3,,,B1GQ,,,,,,,,,Q,,,,,,,OL,9/29/2025
dataflow,IMF.RES:WEO(9.0.0),R,TKM,NGDPRPPPPC,A,2027,20403.023723,0,,3,,,B1GQ,,,,,,,,,Q,,,,,,,OL,9/29/2025
dataflow,IMF.RES:WEO(9.0.0),R,TKM,NGDPRPPPPC,A,2028,20657.881727,0,,3,,,B1GQ,,,,,,,,,Q,,,,,,,OL,9/29/2025
dataflow,IMF.RES:WEO(9.0.0),R,TKM,NGDPRPPPPC,A,2029,20922.4161,0,,3,,,B1GQ,,,,,,,,,Q,,,,,,,OL,9/29/2025
dataflow,IMF.RES:WEO(9.0.0),R,TKM,NGDPRPPPPC,A,2030,21196.167886,0,,3,,,B1GQ,,,,,,,,,Q,,,,,,,OL,9/29/2025
dataflow,IMF.RES:WEO(9.0.0),R,TKM,NGDPRPPPPC,A,2031,21480.893369,0,,3,,,B1GQ,,,,,,,,,Q,,,,,,,OL,9/29/2025
dataflow,IMF.RES:WEO(9.0.0),R,TKM,NGDP_D,A,2026,120.327172,0,,3,,,B1GQ,,,,,,,,PD,,,,,IX,,,OL,9/29/2025
dataflow,IMF.RES:WEO(9.0.0),R,TKM,NGDP_D,A,2027,124.848964,0,,3,,,B1GQ,,,,,,,,PD,,,,,IX,,,OL,9/29/2025
dataflow,IMF.RES:WEO(9.0.0),R,TKM,NGDP_D,A,2028,130.304559,0,,3,,,B1GQ,,,,,,,,PD,,,,,IX,,,OL,9/29/2025
dataflow,IMF.RES:WEO(9.0.0),R,TKM,NGDP_D,A,2029,136.15922,0,,3,,,B1GQ,,,,,,,,PD,,,,,IX,,,OL,9/29/2025
dataflow,IMF.RES:WEO(9.0.0),R,TKM,NGDP_D,A,2030,142.317388,0,,3,,,B1GQ,,,,,,,,PD,,,,,IX,,,OL,9/29/2025
dataflow,IMF.RES:WEO(9.0.0),R,TKM,NGDP_D,A,2031,148.771199,0,,3,,,B1GQ,,,,,,,,PD,,,,,IX,,,OL,9/29/2025
dataflow,IMF.RES:WEO(9.0.0),R,TKM,NGDP_FY,A,2026,290726702000,9,,3,,,B1GQ,,,,,,,,,V,,,,XDC,,,OL,9/29/2025
dataflow,IMF.RES:WEO(9.0.0),R,TKM,NGDP_FY,A,2027,307680782000,9,,3,,,B1GQ,,,,,,,,,V,,,,XDC,,,OL,9/29/2025
dataflow,IMF.RES:WEO(9.0.0),R,TKM,NGDP_FY,A,2028,328522949000,9,,3,,,B1GQ,,,,,,,,,V,,,,XDC,,,OL,9/29/2025
dataflow,IMF.RES:WEO(9.0.0),R,TKM,NGDP_FY,A,2029,351173142000,9,,3,,,B1GQ,,,,,,,,,V,,,,XDC,,,OL,9/29/2025
dataflow,IMF.RES:WEO(9.0.0),R,TKM,NGDP_FY,A,2030,375487002000,9,,3,,,B1GQ,,,,,,,,,V,,,,XDC,,,OL,9/29/2025
dataflow,IMF.RES:WEO(9.0.0),R,TKM,NGDP_FY,A,2031,401560986000,9,,3,,,B1GQ,,,,,,,,,V,,,,XDC,,,OL,9/29/2025
dataflow,IMF.RES:WEO(9.0.0),R,TKM,NGDP_R,A,2026,241613509000,9,,3,,,B1GQ,,,,,,,,,Q,,,,XDC,,,OL,9/29/2025
dataflow,IMF.RES:WEO(9.0.0),R,TKM,NGDP_R,A,2027,246442398000,9,,3,,,B1GQ,,,,,,,,,Q,,,,XDC,,,OL,9/29/2025
dataflow,IMF.RES:WEO(9.0.0),R,TKM,NGDP_R,A,2028,252119305000,9,,3,,,B1GQ,,,,,,,,,Q,,,,XDC,,,OL,9/29/2025
dataflow,IMF.RES:WEO(9.0.0),R,TKM,NGDP_R,A,2029,257913597000,9,,3,,,B1GQ,,,,,,,,,Q,,,,XDC,,,OL,9/29/2025
dataflow,IMF.RES:WEO(9.0.0),R,TKM,NGDP_R,A,2030,263837756000,9,,3,,,B1GQ,,,,,,,,,Q,,,,XDC,,,OL,9/29/2025
dataflow,IMF.RES:WEO(9.0.0),R,TKM,NGDP_R,A,2031,269918498000,9,,3,,,B1GQ,,,,,,,,,Q,,,,XDC,,,OL,9/29/2025
dataflow,IMF.RES:WEO(9.0.0),R,TKM,NGDP_RPCH,A,2026,2.599756,0,,3,,,B1GQ,,,,,,,,,Q,,,,PT,,,OL,9/29/2025
dataflow,IMF.RES:WEO(9.0.0),R,TKM,NGDP_RPCH,A,2027,1.998601,0,,3,,,B1GQ,,,,,,,,,Q,,,,PT,,,OL,9/29/2025
dataflow,IMF.RES:WEO(9.0.0),R,TKM,NGDP_RPCH,A,2028,2.303543,0,,3,,,B1GQ,,,,,,,,,Q,,,,PT,,,OL,9/29/2025
dataflow,IMF.RES:WEO(9.0.0),R,TKM,NGDP_RPCH,A,2029,2.298234,0,,3,,,B1GQ,,,,,,,,,Q,,,,PT,,,OL,9/29/2025
dataflow,IMF.RES:WEO(9.0.0),R,TKM,NGDP_RPCH,A,2030,2.296955,0,,3,,,B1GQ,,,,,,,,,Q,,,,PT,,,OL,9/29/2025
dataflow,IMF.RES:WEO(9.0.0),R,TKM,NGDP_RPCH,A,2031,2.304728,0,,3,,,B1GQ,,,,,,,,,Q,,,,PT,,,OL,9/29/2025
dataflow,IMF.RES:WEO(9.0.0),R,TKM,PCPI,A,2026,667.92634,0,,3,,,,,,,,,,,CPI,,,,,IX,,,OL,9/29/2025
dataflow,IMF.RES:WEO(9.0.0),R,TKM,PCPI,A,2027,699.652841,0,,3,,,,,,,,,,,CPI,,,,,IX,,,OL,9/29/2025
dataflow,IMF.RES:WEO(9.0.0),R,TKM,PCPI,A,2028,734.635484,0,,3,,,,,,,,,,,CPI,,,,,IX,,,OL,9/29/2025
dataflow,IMF.RES:WEO(9.0.0),R,TKM,PCPI,A,2029,771.367258,0,,3,,,,,,,,,,,CPI,,,,,IX,,,OL,9/29/2025
dataflow,IMF.RES:WEO(9.0.0),R,TKM,PCPI,A,2030,809.935621,0,,3,,,,,,,,,,,CPI,,,,,IX,,,OL,9/29/2025
dataflow,IMF.RES:WEO(9.0.0),R,TKM,PCPI,A,2031,850.432402,0,,3,,,,,,,,,,,CPI,,,,,IX,,,OL,9/29/2025
dataflow,IMF.RES:WEO(9.0.0),R,TKM,PCPIE,A,2026,742.280256,0,,3,,,,,,,,,,,CPI,,,,,IX,,,OL,9/29/2025
dataflow,IMF.RES:WEO(9.0.0),R,TKM,PCPIE,A,2027,779.394269,0,,3,,,,,,,,,,,CPI,,,,,IX,,,OL,9/29/2025
dataflow,IMF.RES:WEO(9.0.0),R,TKM,PCPIE,A,2028,818.363982,0,,3,,,,,,,,,,,CPI,,,,,IX,,,OL,9/29/2025
dataflow,IMF.RES:WEO(9.0.0),R,TKM,PCPIE,A,2029,859.282181,0,,3,,,,,,,,,,,CPI,,,,,IX,,,OL,9/29/2025
dataflow,IMF.RES:WEO(9.0.0),R,TKM,PCPIE,A,2030,902.246291,0,,3,,,,,,,,,,,CPI,,,,,IX,,,OL,9/29/2025
dataflow,IMF.RES:WEO(9.0.0),R,TKM,PCPIE,A,2031,947.358605,0,,3,,,,,,,,,,,CPI,,,,,IX,,,OL,9/29/2025
dataflow,IMF.RES:WEO(9.0.0),R,TKM,PCPIEPCH,A,2026,4.5,0,,3,,,,,,,,,,,CPI,,,,,PT,,,OL,9/29/2025
dataflow,IMF.RES:WEO(9.0.0),R,TKM,PCPIEPCH,A,2027,5,0,,3,,,,,,,,,,,CPI,,,,,PT,,,OL,9/29/2025
dataflow,IMF.RES:WEO(9.0.0),R,TKM,PCPIEPCH,A,2028,5,0,,3,,,,,,,,,,,CPI,,,,,PT,,,OL,9/29/2025
dataflow,IMF.RES:WEO(9.0.0),R,TKM,PCPIEPCH,A,2029,5,0,,3,,,,,,,,,,,CPI,,,,,PT,,,OL,9/29/2025
dataflow,IMF.RES:WEO(9.0.0),R,TKM,PCPIEPCH,A,2030,5,0,,3,,,,,,,,,,,CPI,,,,,PT,,,OL,9/29/2025
dataflow,IMF.RES:WEO(9.0.0),R,TKM,PCPIEPCH,A,2031,5,0,,3,,,,,,,,,,,CPI,,,,,PT,,,OL,9/29/2025
dataflow,IMF.RES:WEO(9.0.0),R,TKM,PCPIPCH,A,2026,3.854986,0,,3,,,,,,,,,,,CPI,,,,,PT,,,OL,9/29/2025
dataflow,IMF.RES:WEO(9.0.0),R,TKM,PCPIPCH,A,2027,4.75,0,,3,,,,,,,,,,,CPI,,,,,PT,,,OL,9/29/2025
dataflow,IMF.RES:WEO(9.0.0),R,TKM,PCPIPCH,A,2028,5,0,,3,,,,,,,,,,,CPI,,,,,PT,,,OL,9/29/2025
dataflow,IMF.RES:WEO(9.0.0),R,TKM,PCPIPCH,A,2029,5,0,,3,,,,,,,,,,,CPI,,,,,PT,,,OL,9/29/2025
dataflow,IMF.RES:WEO(9.0.0),R,TKM,PCPIPCH,A,2030,5,0,,3,,,,,,,,,,,CPI,,,,,PT,,,OL,9/29/2025
dataflow,IMF.RES:WEO(9.0.0),R,TKM,PCPIPCH,A,2031,5,0,,3,,,,,,,,,,,CPI,,,,,PT,,,OL,9/29/2025
dataflow,IMF.RES:WEO(9.0.0),R,TKM,PPPEX,A,2026,1.768113,0,,3,,,,,,,,,,,,,RT,XDC_PU,,,,,OL,9/29/2025
dataflow,IMF.RES:WEO(9.0.0),R,TKM,PPPEX,A,2027,1.795138,0,,3,,,,,,,,,,,,,RT,XDC_PU,,,,,OL,9/29/2025
dataflow,IMF.RES:WEO(9.0.0),R,TKM,PPPEX,A,2028,1.843325,0,,3,,,,,,,,,,,,,RT,XDC_PU,,,,,OL,9/29/2025
dataflow,IMF.RES:WEO(9.0.0),R,TKM,PPPEX,A,2029,1.892496,0,,3,,,,,,,,,,,,,RT,XDC_PU,,,,,OL,9/29/2025
dataflow,IMF.RES:WEO(9.0.0),R,TKM,PPPEX,A,2030,1.942397,0,,3,,,,,,,,,,,,,RT,XDC_PU,,,,,OL,9/29/2025
dataflow,IMF.RES:WEO(9.0.0),R,TKM,PPPEX,A,2031,1.994475,0,,3,,,,,,,,,,,,,RT,XDC_PU,,,,,OL,9/29/2025
dataflow,IMF.RES:WEO(9.0.0),R,TKM,PPPGDP,A,2026,164427631000,9,,3,,,B1GQ,,,,,,,,,V,,,,,,,OL,9/29/2025
dataflow,IMF.RES:WEO(9.0.0),R,TKM,PPPGDP,A,2027,171396715000,9,,3,,,B1GQ,,,,,,,,,V,,,,,,,OL,9/29/2025
dataflow,IMF.RES:WEO(9.0.0),R,TKM,PPPGDP,A,2028,178223007000,9,,3,,,B1GQ,,,,,,,,,V,,,,,,,OL,9/29/2025
dataflow,IMF.RES:WEO(9.0.0),R,TKM,PPPGDP,A,2029,185560818000,9,,3,,,B1GQ,,,,,,,,,V,,,,,,,OL,9/29/2025
dataflow,IMF.RES:WEO(9.0.0),R,TKM,PPPGDP,A,2030,193311117000,9,,3,,,B1GQ,,,,,,,,,V,,,,,,,OL,9/29/2025
dataflow,IMF.RES:WEO(9.0.0),R,TKM,PPPGDP,A,2031,201336692000,9,,3,,,B1GQ,,,,,,,,,V,,,,,,,OL,9/29/2025
dataflow,IMF.RES:WEO(9.0.0),R,TKM,PPPPC,A,2026,24348.906615,0,,3,,,B1GQ,,,,,,,,,,,,,,,,OL,9/29/2025
dataflow,IMF.RES:WEO(9.0.0),R,TKM,PPPPC,A,2027,25107.995016,0,,3,,,B1GQ,,,,,,,,,,,,,,,,OL,9/29/2025
dataflow,IMF.RES:WEO(9.0.0),R,TKM,PPPPC,A,2028,25838.891822,0,,3,,,B1GQ,,,,,,,,,,,,,,,,OL,9/29/2025
dataflow,IMF.RES:WEO(9.0.0),R,TKM,PPPPC,A,2029,26635.098532,0,,3,,,B1GQ,,,,,,,,,,,,,,,,OL,9/29/2025
dataflow,IMF.RES:WEO(9.0.0),R,TKM,PPPPC,A,2030,27479.426661,0,,3,,,B1GQ,,,,,,,,,,,,,,,,OL,9/29/2025
dataflow,IMF.RES:WEO(9.0.0),R,TKM,PPPPC,A,2031,28351.304828,0,,3,,,B1GQ,,,,,,,,,,,,,,,,OL,9/29/2025
dataflow,IMF.RES:WEO(9.0.0),R,TKM,PPPSH,A,2026,0.073814,0,,3,,,B1GQ,,,,,,,,,,,,,PT,,,OL,9/29/2025
dataflow,IMF.RES:WEO(9.0.0),R,TKM,PPPSH,A,2027,0.072961,0,,3,,,B1GQ,,,,,,,,,,,,,PT,,,OL,9/29/2025
dataflow,IMF.RES:WEO(9.0.0),R,TKM,PPPSH,A,2028,0.072321,0,,3,,,B1GQ,,,,,,,,,,,,,PT,,,OL,9/29/2025
dataflow,IMF.RES:WEO(9.0.0),R,TKM,PPPSH,A,2029,0.071738,0,,3,,,B1GQ,,,,,,,,,,,,,PT,,,OL,9/29/2025
dataflow,IMF.RES:WEO(9.0.0),R,TKM,PPPSH,A,2030,0.071217,0,,3,,,B1GQ,,,,,,,,,,,,,PT,,,OL,9/29/2025
dataflow,IMF.RES:WEO(9.0.0),R,TKM,PPPSH,A,2031,0.070708,0,,3,,,B1GQ,,,,,,,,,,,,,PT,,,OL,9/29/2025
dataflow,IMF.RES:WEO(9.0.0),R,TKM,TMG_RPCH,A,2026,17.7466,0,,3,,,,,,MG,,,,,,VL,,,,PT,,,OL,9/29/2025
dataflow,IMF.RES:WEO(9.0.0),R,TKM,TMG_RPCH,A,2027,4.328179,0,,3,,,,,,MG,,,,,,VL,,,,PT,,,OL,9/29/2025
dataflow,IMF.RES:WEO(9.0.0),R,TKM,TMG_RPCH,A,2028,6.103426,0,,3,,,,,,MG,,,,,,VL,,,,PT,,,OL,9/29/2025
dataflow,IMF.RES:WEO(9.0.0),R,TKM,TMG_RPCH,A,2029,7.183982,0,,3,,,,,,MG,,,,,,VL,,,,PT,,,OL,9/29/2025
dataflow,IMF.RES:WEO(9.0.0),R,TKM,TMG_RPCH,A,2030,5.169928,0,,3,,,,,,MG,,,,,,VL,,,,PT,,,OL,9/29/2025
dataflow,IMF.RES:WEO(9.0.0),R,TKM,TMG_RPCH,A,2031,5.390921,0,,3,,,,,,MG,,,,,,VL,,,,PT,,,OL,9/29/2025
dataflow,IMF.RES:WEO(9.0.0),R,TKM,TM_RPCH,A,2026,14.821823,0,,3,,,,,,MGS,,,,,,VL,,,,PT,,,OL,9/29/2025
dataflow,IMF.RES:WEO(9.0.0),R,TKM,TM_RPCH,A,2027,3.974645,0,,3,,,,,,MGS,,,,,,VL,,,,PT,,,OL,9/29/2025
dataflow,IMF.RES:WEO(9.0.0),R,TKM,TM_RPCH,A,2028,5.354215,0,,3,,,,,,MGS,,,,,,VL,,,,PT,,,OL,9/29/2025
dataflow,IMF.RES:WEO(9.0.0),R,TKM,TM_RPCH,A,2029,6.078801,0,,3,,,,,,MGS,,,,,,VL,,,,PT,,,OL,9/29/2025
dataflow,IMF.RES:WEO(9.0.0),R,TKM,TM_RPCH,A,2030,4.305163,0,,3,,,,,,MGS,,,,,,VL,,,,PT,,,OL,9/29/2025
dataflow,IMF.RES:WEO(9.0.0),R,TKM,TM_RPCH,A,2031,4.536946,0,,3,,,,,,MGS,,,,,,VL,,,,PT,,,OL,9/29/2025
dataflow,IMF.RES:WEO(9.0.0),R,TKM,TXG_RPCH,A,2026,9.82768,0,,3,,,,,,XG,,,,,,VL,,,,PT,,,OL,9/29/2025
dataflow,IMF.RES:WEO(9.0.0),R,TKM,TXG_RPCH,A,2027,-7.360181,0,,3,,,,,,XG,,,,,,VL,,,,PT,,,OL,9/29/2025
dataflow,IMF.RES:WEO(9.0.0),R,TKM,TXG_RPCH,A,2028,1.774293,0,,3,,,,,,XG,,,,,,VL,,,,PT,,,OL,9/29/2025
dataflow,IMF.RES:WEO(9.0.0),R,TKM,TXG_RPCH,A,2029,1.178605,0,,3,,,,,,XG,,,,,,VL,,,,PT,,,OL,9/29/2025
dataflow,IMF.RES:WEO(9.0.0),R,TKM,TXG_RPCH,A,2030,0.761268,0,,3,,,,,,XG,,,,,,VL,,,,PT,,,OL,9/29/2025
dataflow,IMF.RES:WEO(9.0.0),R,TKM,TXG_RPCH,A,2031,0.92675,0,,3,,,,,,XG,,,,,,VL,,,,PT,,,OL,9/29/2025
dataflow,IMF.RES:WEO(9.0.0),R,TKM,TX_RPCH,A,2026,8.394273,0,,3,,,,,,XGS,,,,,,VL,,,,PT,,,OL,9/29/2025
dataflow,IMF.RES:WEO(9.0.0),R,TKM,TX_RPCH,A,2027,-6.729507,0,,3,,,,,,XGS,,,,,,VL,,,,PT,,,OL,9/29/2025
dataflow,IMF.RES:WEO(9.0.0),R,TKM,TX_RPCH,A,2028,1.70569,0,,3,,,,,,XGS,,,,,,VL,,,,PT,,,OL,9/29/2025
dataflow,IMF.RES:WEO(9.0.0),R,TKM,TX_RPCH,A,2029,1.086951,0,,3,,,,,,XGS,,,,,,VL,,,,PT,,,OL,9/29/2025
dataflow,IMF.RES:WEO(9.0.0),R,TKM,TX_RPCH,A,2030,0.6907,0,,3,,,,,,XGS,,,,,,VL,,,,PT,,,OL,9/29/2025
dataflow,IMF.RES:WEO(9.0.0),R,TKM,TX_RPCH,A,2031,0.850673,0,,3,,,,,,XGS,,,,,,VL,,,,PT,,,OL,9/29/2025