dataflow,IMF.RES:WEO(9.0.0),R,TON,BCA,A,2026,-53011000,9,,3,,CAB,,,,,,,,,,,,,,USD,,,OL,9/10/2025
dataflow,IMF.RES:WEO(9.0.0),R,TON,BCA,A,2027,-56585000,9,,3,,CAB,,,,,,,,,,,,,,USD,,,OL,9/10/2025
dataflow,IMF.RES:WEO(9.0.0),R,TON,BCA,A,2028,-52576000,9,,3,,CAB,,,,,,,,,,,,,,USD,,,OL,9/10/2025
dataflow,IMF.RES:WEO(9.0.0),R,TON,BCA,A,2029,-49396000,9,,3,,CAB,,,,,,,,,,,,,,USD,,,OL,9/10/2025
dataflow,IMF.RES:WEO(9.0.0),R,TON,BCA,A,2030,-49654000,9,,3,,CAB,,,,,,,,,,,,,,USD,,,OL,9/10/2025
dataflow,IMF.RES:WEO(9.0.0),R,TON,BCA,A,2031,-50436000,9,,3,,CAB,,,,,,,,,,,,,,USD,,,OL,9/10/2025
dataflow,IMF.RES:WEO(9.0.0),R,TON,BCA_NGDPD,A,2026,-7.400418,0,,3,,CAB,,,,,,,,,,,,,,PT,,,OL,9/10/2025
dataflow,IMF.RES:WEO(9.0.0),R,TON,BCA_NGDPD,A,2027,-7.517155,0,,3,,CAB,,,,,,,,,,,,,,PT,,,OL,9/10/2025
dataflow,IMF.RES:WEO(9.0.0),R,TON,BCA_NGDPD,A,2028,-6.823477,0,,3,,CAB,,,,,,,,,,,,,,PT,,,OL,9/10/2025
dataflow,IMF.RES:WEO(9.0.0),R,TON,BCA_NGDPD,A,2029,-6.19409,0,,3,,CAB,,,,,,,,,,,,,,PT,,,OL,9/10/2025
dataflow,IMF.RES:WEO(9.0.0),R,TON,BCA_NGDPD,A,2030,-6.019385,0,,3,,CAB,,,,,,,,,,,,,,PT,,,OL,9/10/2025
dataflow,IMF.RES:WEO(9.0.0),R,TON,BCA_NGDPD,A,2031,-5.907311,0,,3,,CAB,,,,,,,,,,,,,,PT,,,OL,9/10/2025
dataflow,IMF.RES:WEO(9.0.0),R,TON,GGR,A,2026,655293000,9,,3,,,,G1,,,,,S13,,,,,,,XDC,,,OL,9/10/2025
dataflow,IMF.RES:WEO(9.0.0),R,TON,GGR,A,2027,687955000,9,,3,,,,G1,,,,,S13,,,,,,,XDC,,,OL,9/10/2025
dataflow,IMF.RES:WEO(9.0.0),R,TON,GGR,A,2028,694543000,9,,3,,,,G1,,,,,S13,,,,,,,XDC,,,OL,9/10/2025
dataflow,IMF.RES:WEO(9.0.0),R,TON,GGR,A,2029,701076000,9,,3,,,,G1,,,,,S13,,,,,,,XDC,,,OL,9/10/2025
dataflow,IMF.RES:WEO(9.0.0),R,TON,GGR,A,2030,698920000,9,,3,,,,G1,,,,,S13,,,,,,,XDC,,,OL,9/10/2025
dataflow,IMF.RES:WEO(9.0.0),R,TON,GGR,A,2031,725532000,9,,3,,,,G1,,,,,S13,,,,,,,XDC,,,OL,9/10/2025
dataflow,IMF.RES:WEO(9.0.0),R,TON,GGR_NGDP,A,2026,37.921947,0,,3,,,,G1,,,,,S13,,,,,,,PT,,,OL,9/10/2025
dataflow,IMF.RES:WEO(9.0.0),R,TON,GGR_NGDP,A,2027,36.994105,0,,3,,,,G1,,,,,S13,,,,,,,PT,,,OL,9/10/2025
dataflow,IMF.RES:WEO(9.0.0),R,TON,GGR_NGDP,A,2028,35.589457,0,,3,,,,G1,,,,,S13,,,,,,,PT,,,OL,9/10/2025
dataflow,IMF.RES:WEO(9.0.0),R,TON,GGR_NGDP,A,2029,34.232733,0,,3,,,,G1,,,,,S13,,,,,,,PT,,,OL,9/10/2025
dataflow,IMF.RES:WEO(9.0.0),R,TON,GGR_NGDP,A,2030,32.543153,0,,3,,,,G1,,,,,S13,,,,,,,PT,,,OL,9/10/2025
dataflow,IMF.RES:WEO(9.0.0),R,TON,GGR_NGDP,A,2031,32.196678,0,,3,,,,G1,,,,,S13,,,,,,,PT,,,OL,9/10/2025
dataflow,IMF.RES:WEO(9.0.0),R,TON,GGX,A,2026,799702000,9,,3,,,,G2M,,,,,S13,,,,,,,XDC,,,OL,9/10/2025
dataflow,IMF.RES:WEO(9.0.0),R,TON,GGX,A,2027,836968000,9,,3,,,,G2M,,,,,S13,,,,,,,XDC,,,OL,9/10/2025
dataflow,IMF.RES:WEO(9.0.0),R,TON,GGX,A,2028,875430000,9,,3,,,,G2M,,,,,S13,,,,,,,XDC,,,OL,9/10/2025
dataflow,IMF.RES:WEO(9.0.0),R,TON,GGX,A,2029,913026000,9,,3,,,,G2M,,,,,S13,,,,,,,XDC,,,OL,9/10/2025
dataflow,IMF.RES:WEO(9.0.0),R,TON,GGX,A,2030,950407000,9,,3,,,,G2M,,,,,S13,,,,,,,XDC,,,OL,9/10/2025
dataflow,IMF.RES:WEO(9.0.0),R,TON,GGX,A,2031,987744000,9,,3,,,,G2M,,,,,S13,,,,,,,XDC,,,OL,9/10/2025
dataflow,IMF.RES:WEO(9.0.0),R,TON,GGXCNL,A,2026,-144409000,9,,3,,,,GNLB,,,,,S13,,,,,,,XDC,,,OL,9/10/2025
dataflow,IMF.RES:WEO(9.0.0),R,TON,GGXCNL,A,2027,-149013000,9,,3,,,,GNLB,,,,,S13,,,,,,,XDC,,,OL,9/10/2025
dataflow,IMF.RES:WEO(9.0.0),R,TON,GGXCNL,A,2028,-180888000,9,,3,,,,GNLB,,,,,S13,,,,,,,XDC,,,OL,9/10/2025
dataflow,IMF.RES:WEO(9.0.0),R,TON,GGXCNL,A,2029,-211950000,9,,3,,,,GNLB,,,,,S13,,,,,,,XDC,,,OL,9/10/2025
dataflow,IMF.RES:WEO(9.0.0),R,TON,GGXCNL,A,2030,-251487000,9,,3,,,,GNLB,,,,,S13,,,,,,,XDC,,,OL,9/10/2025
dataflow,IMF.RES:WEO(9.0.0),R,TON,GGXCNL,A,2031,-262213000,9,,3,,,,GNLB,,,,,S13,,,,,,,XDC,,,OL,9/10/2025
dataflow,IMF.RES:WEO(9.0.0),R,TON,GGXCNL_NGDP,A,2026,-8.35701,0,,3,,,,GNLB,,,,,S13,,,,,,,PT,,,OL,9/10/2025
dataflow,IMF.RES:WEO(9.0.0),R,TON,GGXCNL_NGDP,A,2027,-8.013014,0,,3,,,,GNLB,,,,,S13,,,,,,,PT,,,OL,9/10/2025
dataflow,IMF.RES:WEO(9.0.0),R,TON,GGXCNL_NGDP,A,2028,-9.268962,0,,3,,,,GNLB,,,,,S13,,,,,,,PT,,,OL,9/10/2025
dataflow,IMF.RES:WEO(9.0.0),R,TON,GGXCNL_NGDP,A,2029,-10.349266,0,,3,,,,GNLB,,,,,S13,,,,,,,PT,,,OL,9/10/2025
dataflow,IMF.RES:WEO(9.0.0),R,TON,GGXCNL_NGDP,A,2030,-11.709744,0,,3,,,,GNLB,,,,,S13,,,,,,,PT,,,OL,9/10/2025
dataflow,IMF.RES:WEO(9.0.0),R,TON,GGXCNL_NGDP,A,2031,-11.636119,0,,3,,,,GNLB,,,,,S13,,,,,,,PT,,,OL,9/10/2025
dataflow,IMF.RES:WEO(9.0.0),R,TON,GGXONLB,A,2026,-138151000,9,,3,,,,GPB,,,,,S13,,,,,,,XDC,,,OL,9/10/2025
dataflow,IMF.RES:WEO(9.0.0),R,TON,GGXONLB,A,2027,-140600000,9,,3,,,,GPB,,,,,S13,,,,,,,XDC,,,OL,9/10/2025
dataflow,IMF.RES:WEO(9.0.0),R,TON,GGXONLB,A,2028,-170428000,9,,3,,,,GPB,,,,,S13,,,,,,,XDC,,,OL,9/10/2025
dataflow,IMF.RES:WEO(9.0.0),R,TON,GGXONLB,A,2029,-198859000,9,,3,,,,GPB,,,,,S13,,,,,,,XDC,,,OL,9/10/2025
dataflow,IMF.RES:WEO(9.0.0),R,TON,GGXONLB,A,2030,-234797000,9,,3,,,,GPB,,,,,S13,,,,,,,XDC,,,OL,9/10/2025
dataflow,IMF.RES:WEO(9.0.0),R,TON,GGXONLB,A,2031,-241326000,9,,3,,,,GPB,,,,,S13,,,,,,,XDC,,,OL,9/10/2025
dataflow,IMF.RES:WEO(9.0.0),R,TON,GGXONLB_NGDP,A,2026,-7.994809,0,,3,,,,GPB,,,,,S13,,,,,,,PT,,,OL,9/10/2025
dataflow,IMF.RES:WEO(9.0.0),R,TON,GGXONLB_NGDP,A,2027,-7.56062,0,,3,,,,GPB,,,,,S13,,,,,,,PT,,,OL,9/10/2025
dataflow,IMF.RES:WEO(9.0.0),R,TON,GGXONLB_NGDP,A,2028,-8.733006,0,,3,,,,GPB,,,,,S13,,,,,,,PT,,,OL,9/10/2025
dataflow,IMF.RES:WEO(9.0.0),R,TON,GGXONLB_NGDP,A,2029,-9.710074,0,,3,,,,GPB,,,,,S13,,,,,,,PT,,,OL,9/10/2025
dataflow,IMF.RES:WEO(9.0.0),R,TON,GGXONLB_NGDP,A,2030,-10.932632,0,,3,,,,GPB,,,,,S13,,,,,,,PT,,,OL,9/10/2025
dataflow,IMF.RES:WEO(9.0.0),R,TON,GGXONLB_NGDP,A,2031,-10.709223,0,,3,,,,GPB,,,,,S13,,,,,,,PT,,,OL,9/10/2025
dataflow,IMF.RES:WEO(9.0.0),R,TON,GGXWDG,A,2026,594724000,9,,3,,,,G63G,,,,,S13,,,,,,,XDC,,,OL,9/10/2025
dataflow,IMF.RES:WEO(9.0.0),R,TON,GGXWDG,A,2027,764477000,9,,3,,,,G63G,,,,,S13,,,,,,,XDC,,,OL,9/10/2025
dataflow,IMF.RES:WEO(9.0.0),R,TON,GGXWDG,A,2028,955215000,9,,3,,,,G63G,,,,,S13,,,,,,,XDC,,,OL,9/10/2025
dataflow,IMF.RES:WEO(9.0.0),R,TON,GGXWDG,A,2029,1179887000,9,,3,,,,G63G,,,,,S13,,,,,,,XDC,,,OL,9/10/2025
dataflow,IMF.RES:WEO(9.0.0),R,TON,GGXWDG,A,2030,1446283000,9,,3,,,,G63G,,,,,S13,,,,,,,XDC,,,OL,9/10/2025
dataflow,IMF.RES:WEO(9.0.0),R,TON,GGXWDG,A,2031,1727270000,9,,3,,,,G63G,,,,,S13,,,,,,,XDC,,,OL,9/10/2025
dataflow,IMF.RES:WEO(9.0.0),R,TON,GGXWDG_NGDP,A,2026,34.416821,0,,3,,,,G63G,,,,,S13,,,,,,,PT,,,OL,9/10/2025
dataflow,IMF.RES:WEO(9.0.0),R,TON,GGXWDG_NGDP,A,2027,41.108988,0,,3,,,,G63G,,,,,S13,,,,,,,PT,,,OL,9/10/2025
dataflow,IMF.RES:WEO(9.0.0),R,TON,GGXWDG_NGDP,A,2028,48.946699,0,,3,,,,G63G,,,,,S13,,,,,,,PT,,,OL,9/10/2025
dataflow,IMF.RES:WEO(9.0.0),R,TON,GGXWDG_NGDP,A,2029,57.612508,0,,3,,,,G63G,,,,,S13,,,,,,,PT,,,OL,9/10/2025
dataflow,IMF.RES:WEO(9.0.0),R,TON,GGXWDG_NGDP,A,2030,67.341942,0,,3,,,,G63G,,,,,S13,,,,,,,PT,,,OL,9/10/2025
dataflow,IMF.RES:WEO(9.0.0),R,TON,GGXWDG_NGDP,A,2031,76.65049,0,,3,,,,G63G,,,,,S13,,,,,,,PT,,,OL,9/10/2025
dataflow,IMF.RES:WEO(9.0.0),R,TON,GGX_NGDP,A,2026,46.278957,0,,3,,,,G2M,,,,,S13,,,,,,,PT,,,OL,9/10/2025
dataflow,IMF.RES:WEO(9.0.0),R,TON,GGX_NGDP,A,2027,45.007119,0,,3,,,,G2M,,,,,S13,,,,,,,PT,,,OL,9/10/2025
dataflow,IMF.RES:WEO(9.0.0),R,TON,GGX_NGDP,A,2028,44.858419,0,,3,,,,G2M,,,,,S13,,,,,,,PT,,,OL,9/10/2025
dataflow,IMF.RES:WEO(9.0.0),R,TON,GGX_NGDP,A,2029,44.581999,0,,3,,,,G2M,,,,,S13,,,,,,,PT,,,OL,9/10/2025
dataflow,IMF.RES:WEO(9.0.0),R,TON,GGX_NGDP,A,2030,44.252897,0,,3,,,,G2M,,,,,S13,,,,,,,PT,,,OL,9/10/2025
dataflow,IMF.RES:WEO(9.0.0),R,TON,GGX_NGDP,A,2031,43.832797,0,,3,,,,G2M,,,,,S13,,,,,,,PT,,,OL,9/10/2025
dataflow,IMF.RES:WEO(9.0.0),R,TON,LP,A,2026,98967,6,,3,,,,,,,,POP,,,,,,,,,,,OL,9/10/2025
dataflow,IMF.RES:WEO(9.0.0),R,TON,LP,A,2027,98721,6,,3,,,,,,,,POP,,,,,,,,,,,OL,9/10/2025
dataflow,IMF.RES:WEO(9.0.0),R,TON,LP,A,2028,98475,6,,3,,,,,,,,POP,,,,,,,,,,,OL,9/10/2025
dataflow,IMF.RES:WEO(9.0.0),R,TON,LP,A,2029,98229,6,,3,,,,,,,,POP,,,,,,,,,,,OL,9/10/2025
dataflow,IMF.RES:WEO(9.0.0),R,TON,LP,A,2030,97985,6,,3,,,,,,,,POP,,,,,,,,,,,OL,9/10/2025
dataflow,IMF.RES:WEO(9.0.0),R,TON,LP,A,2031,97741,6,,3,,,,,,,,POP,,,,,,,,,,,OL,9/10/2025
dataflow,IMF.RES:WEO(9.0.0),R,TON,NGDP,A,2026,1728004000,9,,3,,,B1GQ,,,,,,,,,V,,,,XDC,,,OL,9/10/2025
dataflow,IMF.RES:WEO(9.0.0),R,TON,NGDP,A,2027,1859635000,9,,3,,,B1GQ,,,,,,,,,V,,,,XDC,,,OL,9/10/2025
dataflow,IMF.RES:WEO(9.0.0),R,TON,NGDP,A,2028,1951540000,9,,3,,,B1GQ,,,,,,,,,V,,,,XDC,,,OL,9/10/2025
dataflow,IMF.RES:WEO(9.0.0),R,TON,NGDP,A,2029,2047970000,9,,3,,,B1GQ,,,,,,,,,V,,,,XDC,,,OL,9/10/2025
dataflow,IMF.RES:WEO(9.0.0),R,TON,NGDP,A,2030,2147671000,9,,3,,,B1GQ,,,,,,,,,V,,,,XDC,,,OL,9/10/2025
dataflow,IMF.RES:WEO(9.0.0),R,TON,NGDP,A,2031,2253436000,9,,3,,,B1GQ,,,,,,,,,V,,,,XDC,,,OL,9/10/2025
dataflow,IMF.RES:WEO(9.0.0),R,TON,NGDPD,A,2026,716325000,9,,3,,,B1GQ,,,,,,,,,V,,,,USD,,,OL,9/10/2025
dataflow,IMF.RES:WEO(9.0.0),R,TON,NGDPD,A,2027,752740000,9,,3,,,B1GQ,,,,,,,,,V,,,,USD,,,OL,9/10/2025
dataflow,IMF.RES:WEO(9.0.0),R,TON,NGDPD,A,2028,770515000,9,,3,,,B1GQ,,,,,,,,,V,,,,USD,,,OL,9/10/2025
dataflow,IMF.RES:WEO(9.0.0),R,TON,NGDPD,A,2029,797478000,9,,3,,,B1GQ,,,,,,,,,V,,,,USD,,,OL,9/10/2025
dataflow,IMF.RES:WEO(9.0.0),R,TON,NGDPD,A,2030,824896000,9,,3,,,B1GQ,,,,,,,,,V,,,,USD,,,OL,9/10/2025
dataflow,IMF.RES:WEO(9.0.0),R,TON,NGDPD,A,2031,853783000,9,,3,,,B1GQ,,,,,,,,,V,,,,USD,,,OL,9/10/2025
dataflow,IMF.RES:WEO(9.0.0),R,TON,NGDPDPC,A,2026,7238.003927,0,,3,,,B1GQ,,,,,,,,,V,,,,USD,,,OL,9/10/2025
dataflow,IMF.RES:WEO(9.0.0),R,TON,NGDPDPC,A,2027,7624.944047,0,,3,,,B1GQ,,,,,,,,,V,,,,USD,,,OL,9/10/2025
dataflow,IMF.RES:WEO(9.0.0),R,TON,NGDPDPC,A,2028,7824.494212,0,,3,,,B1GQ,,,,,,,,,V,,,,USD,,,OL,9/10/2025
dataflow,IMF.RES:WEO(9.0.0),R,TON,NGDPDPC,A,2029,8118.515923,0,,3,,,B1GQ,,,,,,,,,V,,,,USD,,,OL,9/10/2025
dataflow,IMF.RES:WEO(9.0.0),R,TON,NGDPDPC,A,2030,8418.60662,0,,3,,,B1GQ,,,,,,,,,V,,,,USD,,,OL,9/10/2025
dataflow,IMF.RES:WEO(9.0.0),R,TON,NGDPDPC,A,2031,8735.179586,0,,3,,,B1GQ,,,,,,,,,V,,,,USD,,,OL,9/10/2025
dataflow,IMF.RES:WEO(9.0.0),R,TON,NGDPPC,A,2026,17460.377174,0,,3,,,B1GQ,,,,,,,,,V,,,,XDC,,,OL,9/10/2025
dataflow,IMF.RES:WEO(9.0.0),R,TON,NGDPPC,A,2027,18837.341079,0,,3,,,B1GQ,,,,,,,,,V,,,,XDC,,,OL,9/10/2025
dataflow,IMF.RES:WEO(9.0.0),R,TON,NGDPPC,A,2028,19817.667056,0,,3,,,B1GQ,,,,,,,,,V,,,,XDC,,,OL,9/10/2025
dataflow,IMF.RES:WEO(9.0.0),R,TON,NGDPPC,A,2029,20848.826163,0,,3,,,B1GQ,,,,,,,,,V,,,,XDC,,,OL,9/10/2025
dataflow,IMF.RES:WEO(9.0.0),R,TON,NGDPPC,A,2030,21918.403006,0,,3,,,B1GQ,,,,,,,,,V,,,,XDC,,,OL,9/10/2025
dataflow,IMF.RES:WEO(9.0.0),R,TON,NGDPPC,A,2031,23055.235929,0,,3,,,B1GQ,,,,,,,,,V,,,,XDC,,,OL,9/10/2025
dataflow,IMF.RES:WEO(9.0.0),R,TON,NGDPRPC,A,2026,11180.091688,0,,3,,,B1GQ,,,,,,,,,Q,,,,XDC,,,OL,9/10/2025
dataflow,IMF.RES:WEO(9.0.0),R,TON,NGDPRPC,A,2027,11357.606789,0,,3,,,B1GQ,,,,,,,,,Q,,,,XDC,,,OL,9/10/2025
dataflow,IMF.RES:WEO(9.0.0),R,TON,NGDPRPC,A,2028,11534.455728,0,,3,,,B1GQ,,,,,,,,,Q,,,,XDC,,,OL,9/10/2025
dataflow,IMF.RES:WEO(9.0.0),R,TON,NGDPRPC,A,2029,11708.083479,0,,3,,,B1GQ,,,,,,,,,Q,,,,XDC,,,OL,9/10/2025
dataflow,IMF.RES:WEO(9.0.0),R,TON,NGDPRPC,A,2030,11884.387978,0,,3,,,B1GQ,,,,,,,,,Q,,,,XDC,,,OL,9/10/2025
dataflow,IMF.RES:WEO(9.0.0),R,TON,NGDPRPC,A,2031,12063.411711,0,,3,,,B1GQ,,,,,,,,,Q,,,,XDC,,,OL,9/10/2025
dataflow,IMF.RES:WEO(9.0.0),R,TON,NGDPRPPPPC,A,2026,7048.807961,0,,3,,,B1GQ,,,,,,,,,Q,,,,,,,OL,9/10/2025
dataflow,IMF.RES:WEO(9.0.0),R,TON,NGDPRPPPPC,A,2027,7160.727424,0,,3,,,B1GQ,,,,,,,,,Q,,,,,,,OL,9/10/2025
dataflow,IMF.RES:WEO(9.0.0),R,TON,NGDPRPPPPC,A,2028,7272.226887,0,,3,,,B1GQ,,,,,,,,,Q,,,,,,,OL,9/10/2025
dataflow,IMF.RES:WEO(9.0.0),R,TON,NGDPRPPPPC,A,2029,7381.695459,0,,3,,,B1GQ,,,,,,,,,Q,,,,,,,OL,9/10/2025
dataflow,IMF.RES:WEO(9.0.0),R,TON,NGDPRPPPPC,A,2030,7492.851664,0,,3,,,B1GQ,,,,,,,,,Q,,,,,,,OL,9/10/2025
dataflow,IMF.RES:WEO(9.0.0),R,TON,NGDPRPPPPC,A,2031,7605.722286,0,,3,,,B1GQ,,,,,,,,,Q,,,,,,,OL,9/10/2025
dataflow,IMF.RES:WEO(9.0.0),R,TON,NGDP_D,A,2026,156.173828,0,,3,,,B1GQ,,,,,,,,PD,,,,,IX,,,OL,9/10/2025
dataflow,IMF.RES:WEO(9.0.0),R,TON,NGDP_D,A,2027,165.856605,0,,3,,,B1GQ,,,,,,,,PD,,,,,IX,,,OL,9/10/2025
dataflow,IMF.RES:WEO(9.0.0),R,TON,NGDP_D,A,2028,171.812763,0,,3,,,B1GQ,,,,,,,,PD,,,,,IX,,,OL,9/10/2025
dataflow,IMF.RES:WEO(9.0.0),R,TON,NGDP_D,A,2029,178.072066,0,,3,,,B1GQ,,,,,,,,PD,,,,,IX,,,OL,9/10/2025
dataflow,IMF.RES:WEO(9.0.0),R,TON,NGDP_D,A,2030,184.430221,0,,3,,,B1GQ,,,,,,,,PD,,,,,IX,,,OL,9/10/2025
dataflow,IMF.RES:WEO(9.0.0),R,TON,NGDP_D,A,2031,191.117045,0,,3,,,B1GQ,,,,,,,,PD,,,,,IX,,,OL,9/10/2025
dataflow,IMF.RES:WEO(9.0.0),R,TON,NGDP_FY,A,2026,1728004000,9,,3,,,B1GQ,,,,,,,,,V,,,,XDC,,,OL,9/10/2025
dataflow,IMF.RES:WEO(9.0.0),R,TON,NGDP_FY,A,2027,1859635000,9,,3,,,B1GQ,,,,,,,,,V,,,,XDC,,,OL,9/10/2025
dataflow,IMF.RES:WEO(9.0.0),R,TON,NGDP_FY,A,2028,1951540000,9,,3,,,B1GQ,,,,,,,,,V,,,,XDC,,,OL,9/10/2025
dataflow,IMF.RES:WEO(9.0.0),R,TON,NGDP_FY,A,2029,2047970000,9,,3,,,B1GQ,,,,,,,,,V,,,,XDC,,,OL,9/10/2025
dataflow,IMF.RES:WEO(9.0.0),R,TON,NGDP_FY,A,2030,2147671000,9,,3,,,B1GQ,,,,,,,,,V,,,,XDC,,,OL,9/10/2025
dataflow,IMF.RES:WEO(9.0.0),R,TON,NGDP_FY,A,2031,2253436000,9,,3,,,B1GQ,,,,,,,,,V,,,,XDC,,,OL,9/10/2025
dataflow,IMF.RES:WEO(9.0.0),R,TON,NGDP_R,A,2026,1106462000,9,,3,,,B1GQ,,,,,,,,,Q,,,,XDC,,,OL,9/10/2025
dataflow,IMF.RES:WEO(9.0.0),R,TON,NGDP_R,A,2027,1121231000,9,,3,,,B1GQ,,,,,,,,,Q,,,,XDC,,,OL,9/10/2025
dataflow,IMF.RES:WEO(9.0.0),R,TON,NGDP_R,A,2028,1135853000,9,,3,,,B1GQ,,,,,,,,,Q,,,,XDC,,,OL,9/10/2025
dataflow,IMF.RES:WEO(9.0.0),R,TON,NGDP_R,A,2029,1150079000,9,,3,,,B1GQ,,,,,,,,,Q,,,,XDC,,,OL,9/10/2025
dataflow,IMF.RES:WEO(9.0.0),R,TON,NGDP_R,A,2030,1164490000,9,,3,,,B1GQ,,,,,,,,,Q,,,,XDC,,,OL,9/10/2025
dataflow,IMF.RES:WEO(9.0.0),R,TON,NGDP_R,A,2031,1179087000,9,,3,,,B1GQ,,,,,,,,,Q,,,,XDC,,,OL,9/10/2025
dataflow,IMF.RES:WEO(9.0.0),R,TON,NGDP_RPCH,A,2026,2.322543,0,,3,,,B1GQ,,,,,,,,,Q,,,,PT,,,OL,9/10/2025
dataflow,IMF.RES:WEO(9.0.0),R,TON,NGDP_RPCH,A,2027,1.334741,0,,3,,,B1GQ,,,,,,,,,Q,,,,PT,,,OL,9/10/2025
dataflow,IMF.RES:WEO(9.0.0),R,TON,NGDP_RPCH,A,2028,1.304135,0,,3,,,B1GQ,,,,,,,,,Q,,,,PT,,,OL,9/10/2025
dataflow,IMF.RES:WEO(9.0.0),R,TON,NGDP_RPCH,A,2029,1.252464,0,,3,,,B1GQ,,,,,,,,,Q,,,,PT,,,OL,9/10/2025
dataflow,IMF.RES:WEO(9.0.0),R,TON,NGDP_RPCH,A,2030,1.253002,0,,3,,,B1GQ,,,,,,,,,Q,,,,PT,,,OL,9/10/2025
dataflow,IMF.RES:WEO(9.0.0),R,TON,NGDP_RPCH,A,2031,1.253542,0,,3,,,B1GQ,,,,,,,,,Q,,,,PT,,,OL,9/10/2025
dataflow,IMF.RES:WEO(9.0.0),R,TON,PCPI,A,2026,134.922767,0,,3,,,,,,,,,,,CPI,,,,,IX,,,OL,9/10/2025
dataflow,IMF.RES:WEO(9.0.0),R,TON,PCPI,A,2027,143.287979,0,,3,,,,,,,,,,,CPI,,,,,IX,,,OL,9/10/2025
dataflow,IMF.RES:WEO(9.0.0),R,TON,PCPI,A,2028,148.433663,0,,3,,,,,,,,,,,CPI,,,,,IX,,,OL,9/10/2025
dataflow,IMF.RES:WEO(9.0.0),R,TON,PCPI,A,2029,153.841244,0,,3,,,,,,,,,,,CPI,,,,,IX,,,OL,9/10/2025
dataflow,IMF.RES:WEO(9.0.0),R,TON,PCPI,A,2030,159.334225,0,,3,,,,,,,,,,,CPI,,,,,IX,,,OL,9/10/2025
dataflow,IMF.RES:WEO(9.0.0),R,TON,PCPI,A,2031,165.111151,0,,3,,,,,,,,,,,CPI,,,,,IX,,,OL,9/10/2025
dataflow,IMF.RES:WEO(9.0.0),R,TON,PCPIE,A,2026,139.550352,0,,3,,,,,,,,,,,CPI,,,,,IX,,,OL,9/10/2025
dataflow,IMF.RES:WEO(9.0.0),R,TON,PCPIE,A,2027,147.497425,0,,3,,,,,,,,,,,CPI,,,,,IX,,,OL,9/10/2025
dataflow,IMF.RES:WEO(9.0.0),R,TON,PCPIE,A,2028,152.483998,0,,3,,,,,,,,,,,CPI,,,,,IX,,,OL,9/10/2025
dataflow,IMF.RES:WEO(9.0.0),R,TON,PCPIE,A,2029,158.079134,0,,3,,,,,,,,,,,CPI,,,,,IX,,,OL,9/10/2025
dataflow,IMF.RES:WEO(9.0.0),R,TON,PCPIE,A,2030,163.707817,0,,3,,,,,,,,,,,CPI,,,,,IX,,,OL,9/10/2025
dataflow,IMF.RES:WEO(9.0.0),R,TON,PCPIE,A,2031,169.653955,0,,3,,,,,,,,,,,CPI,,,,,IX,,,OL,9/10/2025
dataflow,IMF.RES:WEO(9.0.0),R,TON,PCPIEPCH,A,2026,3.986849,0,,3,,,,,,,,,,,CPI,,,,,PT,,,OL,9/10/2025
dataflow,IMF.RES:WEO(9.0.0),R,TON,PCPIEPCH,A,2027,5.694771,0,,3,,,,,,,,,,,CPI,,,,,PT,,,OL,9/10/2025
dataflow,IMF.RES:WEO(9.0.0),R,TON,PCPIEPCH,A,2028,3.380786,0,,3,,,,,,,,,,,CPI,,,,,PT,,,OL,9/10/2025
dataflow,IMF.RES:WEO(9.0.0),R,TON,PCPIEPCH,A,2029,3.669327,0,,3,,,,,,,,,,,CPI,,,,,PT,,,OL,9/10/2025
dataflow,IMF.RES:WEO(9.0.0),R,TON,PCPIEPCH,A,2030,3.560674,0,,3,,,,,,,,,,,CPI,,,,,PT,,,OL,9/10/2025
dataflow,IMF.RES:WEO(9.0.0),R,TON,PCPIEPCH,A,2031,3.632165,0,,3,,,,,,,,,,,CPI,,,,,PT,,,OL,9/10/2025
dataflow,IMF.RES:WEO(9.0.0),R,TON,PCPIPCH,A,2026,3.8,0,,3,,,,,,,,,,,CPI,,,,,PT,,,OL,9/10/2025
dataflow,IMF.RES:WEO(9.0.0),R,TON,PCPIPCH,A,2027,6.2,0,,3,,,,,,,,,,,CPI,,,,,PT,,,OL,9/10/2025
dataflow,IMF.RES:WEO(9.0.0),R,TON,PCPIPCH,A,2028,3.591149,0,,3,,,,,,,,,,,CPI,,,,,PT,,,OL,9/10/2025
dataflow,IMF.RES:WEO(9.0.0),R,TON,PCPIPCH,A,2029,3.643096,0,,3,,,,,,,,,,,CPI,,,,,PT,,,OL,9/10/2025
dataflow,IMF.RES:WEO(9.0.0),R,TON,PCPIPCH,A,2030,3.570551,0,,3,,,,,,,,,,,CPI,,,,,PT,,,OL,9/10/2025
dataflow,IMF.RES:WEO(9.0.0),R,TON,PCPIPCH,A,2031,3.625666,0,,3,,,,,,,,,,,CPI,,,,,PT,,,OL,9/10/2025
dataflow,IMF.RES:WEO(9.0.0),R,TON,PPPEX,A,2026,2.057093,0,,3,,,,,,,,,,,,,RT,XDC_PU,,,,,OL,9/10/2025
dataflow,IMF.RES:WEO(9.0.0),R,TON,PPPEX,A,2027,2.137691,0,,3,,,,,,,,,,,,,RT,XDC_PU,,,,,OL,9/10/2025
dataflow,IMF.RES:WEO(9.0.0),R,TON,PPPEX,A,2028,2.178698,0,,3,,,,,,,,,,,,,RT,XDC_PU,,,,,OL,9/10/2025
dataflow,IMF.RES:WEO(9.0.0),R,TON,PPPEX,A,2029,2.21862,0,,3,,,,,,,,,,,,,RT,XDC_PU,,,,,OL,9/10/2025
dataflow,IMF.RES:WEO(9.0.0),R,TON,PPPEX,A,2030,2.256376,0,,3,,,,,,,,,,,,,RT,XDC_PU,,,,,OL,9/10/2025
dataflow,IMF.RES:WEO(9.0.0),R,TON,PPPEX,A,2031,2.296722,0,,3,,,,,,,,,,,,,RT,XDC_PU,,,,,OL,9/10/2025
dataflow,IMF.RES:WEO(9.0.0),R,TON,PPPGDP,A,2026,840022000,9,,3,,,B1GQ,,,,,,,,,V,,,,,,,OL,9/10/2025
dataflow,IMF.RES:WEO(9.0.0),R,TON,PPPGDP,A,2027,869927000,9,,3,,,B1GQ,,,,,,,,,V,,,,,,,OL,9/10/2025
dataflow,IMF.RES:WEO(9.0.0),R,TON,PPPGDP,A,2028,895737000,9,,3,,,B1GQ,,,,,,,,,V,,,,,,,OL,9/10/2025
dataflow,IMF.RES:WEO(9.0.0),R,TON,PPPGDP,A,2029,923082000,9,,3,,,B1GQ,,,,,,,,,V,,,,,,,OL,9/10/2025
dataflow,IMF.RES:WEO(9.0.0),R,TON,PPPGDP,A,2030,951823000,9,,3,,,B1GQ,,,,,,,,,V,,,,,,,OL,9/10/2025
dataflow,IMF.RES:WEO(9.0.0),R,TON,PPPGDP,A,2031,981153000,9,,3,,,B1GQ,,,,,,,,,V,,,,,,,OL,9/10/2025
dataflow,IMF.RES:WEO(9.0.0),R,TON,PPPPC,A,2026,8487.889102,0,,3,,,B1GQ,,,,,,,,,,,,,,,,OL,9/10/2025
dataflow,IMF.RES:WEO(9.0.0),R,TON,PPPPC,A,2027,8812.003109,0,,3,,,B1GQ,,,,,,,,,,,,,,,,OL,9/10/2025
dataflow,IMF.RES:WEO(9.0.0),R,TON,PPPPC,A,2028,9096.106092,0,,3,,,B1GQ,,,,,,,,,,,,,,,,OL,9/10/2025
dataflow,IMF.RES:WEO(9.0.0),R,TON,PPPPC,A,2029,9397.202739,0,,3,,,B1GQ,,,,,,,,,,,,,,,,OL,9/10/2025
dataflow,IMF.RES:WEO(9.0.0),R,TON,PPPPC,A,2030,9713.985513,0,,3,,,B1GQ,,,,,,,,,,,,,,,,OL,9/10/2025
dataflow,IMF.RES:WEO(9.0.0),R,TON,PPPPC,A,2031,10038.323233,0,,3,,,B1GQ,,,,,,,,,,,,,,,,OL,9/10/2025
dataflow,IMF.RES:WEO(9.0.0),R,TON,PPPSH,A,2026,0.000377,0,,3,,,B1GQ,,,,,,,,,,,,,PT,,,OL,9/10/2025
dataflow,IMF.RES:WEO(9.0.0),R,TON,PPPSH,A,2027,0.00037,0,,3,,,B1GQ,,,,,,,,,,,,,PT,,,OL,9/10/2025
dataflow,IMF.RES:WEO(9.0.0),R,TON,PPPSH,A,2028,0.000363,0,,3,,,B1GQ,,,,,,,,,,,,,PT,,,OL,9/10/2025
dataflow,IMF.RES:WEO(9.0.0),R,TON,PPPSH,A,2029,0.000357,0,,3,,,B1GQ,,,,,,,,,,,,,PT,,,OL,9/10/2025
dataflow,IMF.RES:WEO(9.0.0),R,TON,PPPSH,A,2030,0.000351,0,,3,,,B1GQ,,,,,,,,,,,,,PT,,,OL,9/10/2025
dataflow,IMF.RES:WEO(9.0.0),R,TON,PPPSH,A,2031,0.000345,0,,3,,,B1GQ,,,,,,,,,,,,,PT,,,OL,9/10/2025